date,state,district,pincode,total_enrolment,total_demo_updates,total_bio_updates,total_activity,enrolment_to_update_ratio,performance_score
2025-03-02,Meghalaya,East Khasi Hills,793121,109.0,0.0,0.0,109.0,,1.6494325346784362
2025-03-09,Bihar,Bhagalpur,812005,71.0,0.0,0.0,71.0,,1.0744010088272382
2025-03-09,Bihar,Madhubani,847108,160.0,0.0,0.0,160.0,,2.421185372005044
2025-03-09,Bihar,Purbi Champaran,845304,102.0,0.0,0.0,102.0,,1.5435056746532156
2025-03-09,Bihar,Purbi Champaran,845418,88.0,0.0,0.0,88.0,,1.3316519546027743
2025-03-09,Bihar,Sitamarhi,843317,145.0,0.0,0.0,145.0,,2.194199243379571
2025-03-09,Bihar,Sitamarhi,843324,269.0,0.0,0.0,269.0,,4.070617906683481
2025-03-09,Bihar,Sitamarhi,843330,89.0,0.0,0.0,89.0,,1.3467843631778058
2025-03-09,Bihar,Sitamarhi,843331,81.0,0.0,0.0,81.0,,1.2257250945775537
2025-03-09,Delhi,West Delhi,110059,177.0,0.0,0.0,177.0,,2.67843631778058
2025-03-09,Haryana,Faridabad,121004,150.0,0.0,0.0,150.0,,2.2698612862547285
2025-03-09,Karnataka,Bengaluru Urban,560043,86.0,0.0,0.0,86.0,,1.3013871374527113
2025-03-09,Karnataka,Bengaluru Urban,560068,66.0,0.0,0.0,66.0,,0.9987389659520807
2025-03-09,Madhya Pradesh,Bhind,477116,66.0,0.0,0.0,66.0,,0.9987389659520807
2025-03-09,Madhya Pradesh,Gwalior,475110,70.0,0.0,0.0,70.0,,1.0592686002522067
2025-03-09,Madhya Pradesh,Katni,483501,106.0,0.0,0.0,106.0,,1.604035308953342
2025-03-09,Maharashtra,Aurangabad,431001,100.0,0.0,0.0,100.0,,1.5132408575031526
2025-03-09,Rajasthan,Sikar,332001,94.0,0.0,0.0,94.0,,1.4224464060529634
2025-03-09,Uttar Pradesh,Aligarh,202133,106.0,0.0,0.0,106.0,,1.604035308953342
2025-03-09,Uttar Pradesh,Bahraich,271865,100.0,0.0,0.0,100.0,,1.5132408575031526
2025-03-09,Uttar Pradesh,Gautam Buddha Nagar,201301,290.0,0.0,0.0,290.0,,4.388398486759142
2025-03-09,Uttar Pradesh,Ghaziabad,201102,174.0,0.0,0.0,174.0,,2.633039092055485
2025-03-09,Uttar Pradesh,Kanpur Nagar,208001,123.0,0.0,0.0,123.0,,1.8612862547288773
2025-03-09,Uttar Pradesh,Lucknow,226003,142.0,0.0,0.0,142.0,,2.1488020176544764
2025-03-09,Uttar Pradesh,Maharajganj,273164,114.0,0.0,0.0,114.0,,1.7250945775535942
2025-03-09,West Bengal,Dinajpur Uttar,733129,71.0,0.0,0.0,71.0,,1.0744010088272382
2025-03-15,Assam,Marigaon,782104,67.0,0.0,0.0,67.0,,1.0138713745271122
2025-03-15,Assam,Marigaon,782105,182.0,0.0,0.0,182.0,,2.7540983606557377
2025-03-15,Bihar,Madhubani,847421,84.0,0.0,0.0,84.0,,1.2711223203026483
2025-03-15,Bihar,Purbi Champaran,845303,146.0,0.0,0.0,146.0,,2.209331651954603
2025-03-15,Bihar,Sitamarhi,843324,155.0,0.0,0.0,155.0,,2.345523329129886
2025-03-15,Delhi,West Delhi,110059,76.0,0.0,0.0,76.0,,1.150063051702396
2025-03-15,Maharashtra,Parbhani,431401,68.0,0.0,0.0,68.0,,1.0290037831021437
2025-03-15,Meghalaya,West Jaintia Hills,793150,139.0,0.0,0.0,139.0,,2.103404791929382
2025-03-15,Meghalaya,West Khasi Hills,793119,192.0,0.0,0.0,192.0,,2.905422446406053
2025-03-15,Uttar Pradesh,Agra,282001,182.0,0.0,0.0,182.0,,2.7540983606557377
2025-03-15,Uttar Pradesh,Agra,282005,93.0,0.0,0.0,93.0,,1.4073139974779318
2025-03-15,Uttar Pradesh,Agra,282010,78.0,0.0,0.0,78.0,,1.180327868852459
2025-03-15,Uttar Pradesh,Gautam Buddha Nagar,201009,75.0,0.0,0.0,75.0,,1.1349306431273642
2025-03-15,Uttar Pradesh,Gautam Buddha Nagar,201301,199.0,0.0,0.0,199.0,,3.0113493064312737
2025-03-15,Uttar Pradesh,Ghaziabad,201001,174.0,0.0,0.0,174.0,,2.633039092055485
2025-03-15,Uttar Pradesh,Ghaziabad,201002,89.0,0.0,0.0,89.0,,1.3467843631778058
2025-03-15,Uttar Pradesh,Ghaziabad,201102,195.0,0.0,0.0,195.0,,2.9508196721311473
2025-03-15,Uttar Pradesh,Maharajganj,273164,79.0,0.0,0.0,79.0,,1.1954602774274905
2025-03-15,Uttar Pradesh,Saharanpur,247001,253.0,0.0,0.0,253.0,,3.828499369482976
2025-03-15,Uttar Pradesh,Unnao,209801,130.0,0.0,0.0,130.0,,1.9672131147540985
2025-03-20,Andhra Pradesh,Spsr Nellore,524002,65.0,0.0,0.0,65.0,,0.9836065573770493
2025-03-20,Assam,Barpeta,783101,68.0,0.0,0.0,68.0,,1.0290037831021437
2025-03-20,Assam,Bongaigaon,783384,89.0,0.0,0.0,89.0,,1.3467843631778058
2025-03-20,Assam,Dhemaji,787057,85.0,0.0,0.0,85.0,,1.2862547288776798
2025-03-20,Assam,Dhubri,783331,78.0,0.0,0.0,78.0,,1.180327868852459
2025-03-20,Assam,Dhubri,783334,93.0,0.0,0.0,93.0,,1.4073139974779318
2025-03-20,Assam,Dhubri,783339,82.0,0.0,0.0,82.0,,1.240857503152585
2025-03-20,Assam,Dhubri,783348,163.0,0.0,0.0,163.0,,2.4665825977301385
2025-03-20,Assam,Hojai,782446,89.0,0.0,0.0,89.0,,1.3467843631778058
2025-03-20,Assam,Kokrajhar,783350,102.0,0.0,0.0,102.0,,1.5435056746532156
2025-03-20,Assam,Kokrajhar,783360,136.0,0.0,0.0,136.0,,2.0580075662042874
2025-03-20,Assam,Lakhimpur,787031,101.0,0.0,0.0,101.0,,1.5283732660781841
2025-03-20,Assam,Marigaon,782104,88.0,0.0,0.0,88.0,,1.3316519546027743
2025-03-20,Assam,Marigaon,782105,161.0,0.0,0.0,161.0,,2.4363177805800755
2025-03-20,Assam,Sonitpur,784110,81.0,0.0,0.0,81.0,,1.2257250945775537
2025-03-20,Assam,Tinsukia,786156,65.0,0.0,0.0,65.0,,0.9836065573770493
2025-03-20,Assam,Tinsukia,786171,79.0,0.0,0.0,79.0,,1.1954602774274905
2025-03-20,Assam,Tinsukia,786174,95.0,0.0,0.0,95.0,,1.4375788146279949
2025-03-20,Assam,Udalguri,784509,90.0,0.0,0.0,90.0,,1.3619167717528373
2025-03-20,Bihar,Patna,800001,80.0,0.0,0.0,80.0,,1.210592686002522
2025-03-20,Bihar,Sitamarhi,843324,126.0,0.0,0.0,126.0,,1.906683480453972
2025-03-20,Gujarat,Banas Kantha,385001,111.0,0.0,0.0,111.0,,1.6796973518284992
2025-03-20,Gujarat,Banas Kantha,385310,123.0,0.0,0.0,123.0,,1.8612862547288773
2025-03-20,Gujarat,Banas Kantha,385330,83.0,0.0,0.0,83.0,,1.2559899117276165
2025-03-20,Gujarat,Patan,384265,143.0,0.0,0.0,143.0,,2.1639344262295084
2025-03-20,Gujarat,Vadodara,390019,89.0,0.0,0.0,89.0,,1.3467843631778058
2025-03-20,Karnataka,Bengaluru Urban,560043,93.0,0.0,0.0,93.0,,1.4073139974779318
2025-03-20,Karnataka,Bengaluru Urban,560068,92.0,0.0,0.0,92.0,,1.3921815889029003
2025-03-20,Madhya Pradesh,Gwalior,474001,116.0,0.0,0.0,116.0,,1.755359394703657
2025-03-20,Maharashtra,Aurangabad,431001,190.0,0.0,0.0,190.0,,2.8751576292559897
2025-03-20,Meghalaya,West Jaintia Hills,793150,160.0,0.0,0.0,160.0,,2.421185372005044
2025-03-20,Meghalaya,West Khasi Hills,793119,241.0,0.0,0.0,241.0,,3.646910466582597
2025-03-20,Punjab,Ludhiana,141007,131.0,0.0,0.0,131.0,,1.9823455233291296
2025-03-20,Uttar Pradesh,Agra,282001,232.0,0.0,0.0,232.0,,3.510718789407314
2025-03-20,Uttar Pradesh,Agra,283125,66.0,0.0,0.0,66.0,,0.9987389659520807
2025-03-20,Uttar Pradesh,Aligarh,202001,361.0,0.0,0.0,361.0,,5.46279949558638
2025-03-20,Uttar Pradesh,Bahraich,271855,95.0,0.0,0.0,95.0,,1.4375788146279949
2025-03-20,Uttar Pradesh,Bahraich,271865,80.0,0.0,0.0,80.0,,1.210592686002522
2025-03-20,Uttar Pradesh,Firozabad,283203,127.0,0.0,0.0,127.0,,1.9218158890290038
2025-03-20,Uttar Pradesh,Gautam Buddha Nagar,201301,319.0,0.0,0.0,319.0,,4.827238335435056
2025-03-20,Uttar Pradesh,Jaunpur,222001,151.0,0.0,0.0,151.0,,2.2849936948297604
2025-03-20,Uttar Pradesh,Unnao,209821,73.0,0.0,0.0,73.0,,1.1046658259773015
2025-03-20,Uttarakhand,Dehradun,248001,176.0,0.0,0.0,176.0,,2.6633039092055486
2025-03-20,Uttarakhand,Nainital,263139,75.0,0.0,0.0,75.0,,1.1349306431273642
2025-03-23,Bihar,Sitamarhi,843324,85.0,0.0,0.0,85.0,,1.2862547288776798
2025-03-23,Meghalaya,East Khasi Hills,793015,137.0,0.0,0.0,137.0,,2.073139974779319
2025-03-23,Meghalaya,West Khasi Hills,793119,103.0,0.0,0.0,103.0,,1.5586380832282472
2025-03-23,Uttar Pradesh,Bahraich,271865,96.0,0.0,0.0,96.0,,1.4527112232030266
2025-03-23,Uttar Pradesh,Jaunpur,222001,108.0,0.0,0.0,108.0,,1.6343001261034047
2025-03-26,Meghalaya,West Jaintia Hills,793150,211.0,0.0,0.0,211.0,,3.192938209331652
2025-03-27,Bihar,Madhubani,847108,86.0,0.0,0.0,86.0,,1.3013871374527113
2025-03-27,Bihar,Muzaffarpur,842002,74.0,0.0,0.0,74.0,,1.119798234552333
2025-03-27,Bihar,Pashchim Champaran,845307,126.0,0.0,0.0,126.0,,1.906683480453972
2025-03-27,Bihar,Sitamarhi,843317,78.0,0.0,0.0,78.0,,1.180327868852459
2025-03-27,Bihar,Sitamarhi,843324,120.0,0.0,0.0,120.0,,1.815889029003783
2025-03-27,Bihar,Sitamarhi,843330,83.0,0.0,0.0,83.0,,1.2559899117276165
2025-03-27,Chhattisgarh,Bijapur,494444,100.0,0.0,0.0,100.0,,1.5132408575031526
2025-03-27,Chhattisgarh,Raipur,492001,100.0,0.0,0.0,100.0,,1.5132408575031526
2025-03-27,Gujarat,Banas Kantha,385001,68.0,0.0,0.0,68.0,,1.0290037831021437
2025-03-27,Gujarat,Banas Kantha,385120,69.0,0.0,0.0,69.0,,1.0441361916771754
2025-03-27,Gujarat,Banas Kantha,385320,85.0,0.0,0.0,85.0,,1.2862547288776798
2025-03-27,Gujarat,Banas Kantha,385535,142.0,0.0,0.0,142.0,,2.1488020176544764
2025-03-27,Gujarat,Morbi,363641,71.0,0.0,0.0,71.0,,1.0744010088272382
2025-03-27,Madhya Pradesh,Gwalior,475110,94.0,0.0,0.0,94.0,,1.4224464060529634
2025-03-27,Uttar Pradesh,Agra,282001,95.0,0.0,0.0,95.0,,1.4375788146279949
2025-03-27,Uttar Pradesh,Agra,282006,66.0,0.0,0.0,66.0,,0.9987389659520807
2025-03-27,Uttar Pradesh,Aligarh,202001,156.0,0.0,0.0,156.0,,2.360655737704918
2025-03-27,Uttar Pradesh,Banda,210001,66.0,0.0,0.0,66.0,,0.9987389659520807
2025-03-27,Uttar Pradesh,Jaunpur,222001,75.0,0.0,0.0,75.0,,1.1349306431273642
2025-03-27,Uttar Pradesh,Kanpur Nagar,208001,85.0,0.0,0.0,85.0,,1.2862547288776798
2025-03-27,Uttar Pradesh,Maharajganj,273164,89.0,0.0,0.0,89.0,,1.3467843631778058
2025-03-27,Uttar Pradesh,Mathura,281204,71.0,0.0,0.0,71.0,,1.0744010088272382
2025-03-28,Meghalaya,West Khasi Hills,793119,137.0,0.0,0.0,137.0,,2.073139974779319
2025-03-29,Meghalaya,Ri Bhoi,793105,67.0,0.0,0.0,67.0,,1.0138713745271122
2025-04-01,Assam,Baksa,781315,164.0,0.0,768.0,932.0,0.21354166666666666,4.777507547968724
2025-04-01,Assam,Baksa,781344,76.0,0.0,151.0,227.0,0.5033112582781457,1.6014493457013497
2025-04-01,Assam,Baksa,781360,349.0,0.0,321.0,670.0,1.087227414330218,6.24078013158444
2025-04-01,Assam,Baksa,781367,246.0,0.0,150.0,396.0,1.64,4.170969490251418
2025-04-01,Assam,Baksa,781368,147.0,0.0,196.0,343.0,0.75,2.8103694487666866
2025-04-01,Assam,Baksa,781372,96.0,0.0,331.0,427.0,0.29003021148036257,2.4421738941543754
2025-04-01,Assam,Barpeta,781313,124.0,0.0,414.0,538.0,0.2995169082125604,3.1139943302944184
2025-04-01,Assam,Barpeta,781325,91.0,0.0,620.0,711.0,0.14677419354838708,3.230423367608341
2025-04-01,Assam,Biswanath,784174,87.0,0.0,236.0,323.0,0.3686440677966102,2.0219974624764387
2025-04-01,Assam,Biswanath,784176,163.0,0.0,318.0,481.0,0.5125786163522013,3.417184197012703
2025-04-01,Assam,Bongaigaon,783380,130.0,1335.0,583.0,2048.0,0.06777893639207508,6.8619128279471235
2025-04-01,Assam,Bongaigaon,783380,130.0,1335.0,583.0,2048.0,0.06777893639207508,6.8619128279471235
2025-04-01,Assam,Bongaigaon,783384,203.0,1685.0,1683.0,3571.0,0.06027315914489311,12.081171898904103
2025-04-01,Assam,Cachar,788002,119.0,0.0,378.0,497.0,0.3148148148148148,2.9307170120287815
2025-04-01,Assam,Cachar,788003,95.0,0.0,506.0,601.0,0.18774703557312253,2.9501712965052835
2025-04-01,Assam,Cachar,788005,126.0,0.0,687.0,813.0,0.18340611353711792,3.960341652488947
2025-04-01,Assam,Cachar,788007,65.0,0.0,350.0,415.0,0.18571428571428572,2.0298661792289288
2025-04-01,Assam,Cachar,788009,88.0,0.0,417.0,505.0,0.21103117505995203,2.5781955612091565
2025-04-01,Assam,Cachar,788030,202.0,0.0,415.0,617.0,0.4867469879518072,4.297311512352168
2025-04-01,Assam,Cachar,788099,129.0,0.0,609.0,738.0,0.21182266009852216,3.7725724482013376
2025-04-01,Assam,Cachar,788101,137.0,0.0,526.0,663.0,0.26045627376425856,3.6455187207624293
2025-04-01,Assam,Cachar,788114,139.0,0.0,260.0,399.0,0.5346153846153846,2.880626225305064
2025-04-01,Assam,Cachar,788116,146.0,0.0,408.0,554.0,0.35784313725490197,3.428971439713366
2025-04-01,Assam,Cachar,788117,87.0,0.0,164.0,251.0,0.5304878048780488,1.8067669116954805
2025-04-01,Assam,Cachar,788119,141.0,0.0,559.0,700.0,0.2522361359570662,3.8046956908371605
2025-04-01,Assam,Cachar,788120,176.0,0.0,574.0,750.0,0.30662020905923343,4.379169689042631
2025-04-01,Assam,Charaideo,785689,90.0,0.0,118.0,208.0,0.7627118644067796,1.7146557299771854
2025-04-01,Assam,Charaideo,785690,104.0,0.0,94.0,198.0,1.1063829787234043,1.8547659331006408
2025-04-01,Assam,Charaideo,785692,111.0,0.0,104.0,215.0,1.0673076923076923,1.990585925178772
2025-04-01,Assam,Chirang,783373,96.0,0.0,190.0,286.0,0.5052631578947369,2.0206807322083327
2025-04-01,Assam,Chirang,783375,234.0,0.0,199.0,433.0,1.1758793969849246,4.135856934410302
2025-04-01,Assam,Chirang,783393,153.0,0.0,443.0,596.0,0.345372460496614,3.639524261923774
2025-04-01,Assam,Chirang,783394,84.0,0.0,178.0,262.0,0.47191011235955055,1.8032200708444615
2025-04-01,Assam,Darrang,784115,297.0,0.0,588.0,885.0,0.5051020408163265,6.252041511495521
2025-04-01,Assam,Darrang,784116,250.0,0.0,619.0,869.0,0.40387722132471726,5.633487017833063
2025-04-01,Assam,Darrang,784125,237.0,0.0,578.0,815.0,0.4100346020761246,5.314203864940718
2025-04-01,Assam,Darrang,784146,173.0,0.0,325.0,498.0,0.5323076923076923,3.5894334752000567
2025-04-01,Assam,Darrang,784190,193.0,0.0,543.0,736.0,0.35543278084714547,4.543751925454142
2025-04-01,Assam,Darrang,784514,114.0,0.0,194.0,308.0,0.5876288659793815,2.3050213393800645
2025-04-01,Assam,Dhemaji,787057,156.0,0.0,253.0,409.0,0.616600790513834,3.1169519786435624
2025-04-01,Assam,Dhemaji,787060,251.0,0.0,448.0,699.0,0.5602678571428571,5.13744686830332
2025-04-01,Assam,Dhubri,783330,283.0,0.0,951.0,1234.0,0.29758149316508936,7.1253084849657435
2025-04-01,Assam,Dhubri,783334,325.0,0.0,1109.0,1434.0,0.29305680793507666,8.233181131553058
2025-04-01,Assam,Dhubri,783337,112.0,0.0,406.0,518.0,0.27586206896551724,2.9084909217517114
2025-04-01,Assam,Dhubri,783348,766.0,0.0,1664.0,2430.0,0.46033653846153844,16.565642142078513
2025-04-01,Assam,Dhubri,783349,246.0,0.0,349.0,595.0,0.7048710601719198,4.7658428181043435
2025-04-01,Assam,Dibrugarh,785675,76.0,0.0,241.0,317.0,0.3153526970954357,1.870487534177547
2025-04-01,Assam,Dibrugarh,786001,109.0,0.0,594.0,703.0,0.1835016835016835,3.42508457862134
2025-04-01,Assam,Dibrugarh,786602,83.0,0.0,264.0,347.0,0.3143939393939394,2.0451685979244627
2025-04-01,Assam,Goalpara,783101,297.0,0.0,698.0,995.0,0.42550143266475643,6.58086596407754
2025-04-01,Assam,Goalpara,783120,115.0,0.0,189.0,304.0,0.6084656084656085,2.3052071819286404
2025-04-01,Assam,Goalpara,783129,481.0,0.0,1078.0,1559.0,0.4461966604823748,10.501168159893954
2025-04-01,Assam,Goalpara,783132,184.0,0.0,355.0,539.0,0.5183098591549296,3.8455693656841357
2025-04-01,Assam,Goalpara,783330,87.0,0.0,344.0,431.0,0.25290697674418605,2.344843288647876
2025-04-01,Assam,Golaghat,785601,334.0,0.0,503.0,837.0,0.6640159045725647,6.557849006321945
2025-04-01,Assam,Golaghat,785603,158.0,0.0,0.0,158.0,,2.390920554854981
2025-04-01,Assam,Golaghat,785611,122.0,0.0,174.0,296.0,0.7011494252873564,2.366294343874495
2025-04-01,Assam,Golaghat,785612,148.0,0.0,125.0,273.0,1.184,2.6132606197660517
2025-04-01,Assam,Golaghat,785613,90.0,0.0,31.0,121.0,2.903225806451613,1.454585481116861
2025-04-01,Assam,Golaghat,785702,195.0,0.0,108.0,303.0,1.8055555555555556,3.2736654983025844
2025-04-01,Assam,Golaghat,785705,166.0,0.0,237.0,403.0,0.70042194092827,3.22044705310922
2025-04-01,Assam,Hailakandi,788152,75.0,0.0,82.0,157.0,0.9146341463414634,1.3800543259612335
2025-04-01,Assam,Hailakandi,788155,131.0,0.0,201.0,332.0,0.6517412935323383,2.5831974775926376
2025-04-01,Assam,Hailakandi,788163,193.0,0.0,272.0,465.0,0.7095588235294118,3.7336480468202593
2025-04-01,Assam,Hojai,782435,294.0,0.0,795.0,1089.0,0.36981132075471695,6.82543211926568
2025-04-01,Assam,Hojai,782439,115.0,0.0,337.0,452.0,0.34124629080118696,2.7476255363117206
2025-04-01,Assam,Hojai,782442,165.0,0.0,273.0,438.0,0.6043956043956044,3.3129299199246676
2025-04-01,Assam,Hojai,782446,428.0,0.0,1382.0,1810.0,0.3096960926193922,10.60790171982577
2025-04-01,Assam,Hojai,782447,114.0,0.0,231.0,345.0,0.4935064935064935,2.4156259279758348
2025-04-01,Assam,Jorhat,785001,102.0,0.0,152.0,254.0,0.6710526315789473,1.9978812818574605
2025-04-01,Assam,Jorhat,785112,80.0,0.0,96.0,176.0,0.8333333333333334,1.497566753710466
2025-04-01,Assam,Jorhat,785630,76.0,0.0,195.0,271.0,0.38974358974358975,1.7329791267341572
2025-04-01,Assam,Jorhat,785634,102.0,0.0,209.0,311.0,0.4880382775119617,2.1682721345590523
2025-04-01,Assam,Jorhat,785635,117.0,0.0,141.0,258.0,0.8297872340425532,2.1919849652247314
2025-04-01,Assam,Kamrup,781102,194.0,0.0,758.0,952.0,0.2559366754617414,5.201586673166759
2025-04-01,Assam,Kamrup,781123,87.0,0.0,254.0,341.0,0.3425196850393701,2.075805100171678
2025-04-01,Assam,Kamrup,781136,474.0,0.0,1327.0,1801.0,0.3571966842501884,11.139580287986211
2025-04-01,Assam,Kamrup,781354,195.0,0.0,924.0,1119.0,0.21103896103896103,5.7129450738201095
2025-04-01,Assam,Kamrup,781366,112.0,0.0,348.0,460.0,0.3218390804597701,2.735110755844828
2025-04-01,Assam,Kamrup,781380,117.0,0.0,447.0,564.0,0.26174496644295303,3.1067148060438035
2025-04-01,Assam,Kamrup Metro,781001,80.0,0.0,132.0,212.0,0.6060606060606061,1.6051820291009453
2025-04-01,Assam,Kamrup Metro,781009,72.0,0.0,151.0,223.0,0.4768211920529801,1.5409197114012236
2025-04-01,Assam,Kamrup Metro,781011,67.0,0.0,160.0,227.0,0.41875,1.4921614873736857
2025-04-01,Assam,Kamrup Metro,781012,80.0,0.0,233.0,313.0,0.34334763948497854,1.9071026628353447
2025-04-01,Assam,Kamrup Metro,781020,84.0,0.0,196.0,280.0,0.42857142857142855,1.857027708539701
2025-04-01,Assam,Kamrup Metro,781025,125.0,0.0,338.0,463.0,0.3698224852071006,2.901938935267327
2025-04-01,Assam,Kamrup Metro,781034,67.0,0.0,108.0,175.0,0.6203703703703703,1.3367172006985493
2025-04-01,Assam,Kamrup Metro,782402,81.0,0.0,308.0,389.0,0.262987012987013,2.146433561807208
2025-04-01,Assam,Kamrup Metro,782403,71.0,0.0,282.0,353.0,0.25177304964539005,1.9173873327193238
2025-04-01,Assam,Karbi Anglong,782441,321.0,0.0,609.0,930.0,0.5270935960591133,6.677994894607391
2025-04-01,Assam,Karbi Anglong,782448,208.0,0.0,348.0,556.0,0.5977011494252874,4.187821979047855
2025-04-01,Assam,Karbi Anglong,782450,89.0,0.0,167.0,256.0,0.5329341317365269,1.845999668461417
2025-04-01,Assam,Karbi Anglong,782460,190.0,0.0,242.0,432.0,0.7851239669421488,3.5985714249364325
2025-04-01,Assam,Karbi Anglong,782461,135.0,0.0,114.0,249.0,1.1842105263157894,2.38365686303244
2025-04-01,Assam,Karbi Anglong,782470,178.0,0.0,263.0,441.0,0.6768060836501901,3.479758099347167
2025-04-01,Assam,Karbi Anglong,782480,598.0,0.0,752.0,1350.0,0.7952127659574468,11.297143858247749
2025-04-01,Assam,Karbi Anglong,782482,177.0,0.0,492.0,669.0,0.3597560975609756,4.149178414783793
2025-04-01,Assam,Karimganj,788720,135.0,0.0,350.0,485.0,0.38571428571428573,3.0891347794811357
2025-04-01,Assam,Karimganj,788722,164.0,0.0,184.0,348.0,0.8913043478260869,3.0317486360787296
2025-04-01,Assam,Karimganj,788723,247.0,0.0,207.0,454.0,1.1932367149758454,4.356492751528041
2025-04-01,Assam,Karimganj,788724,297.0,0.0,342.0,639.0,0.868421052631579,5.516670462993914
2025-04-01,Assam,Karimganj,788737,182.0,0.0,163.0,345.0,1.116564417177914,3.2413564131181842
2025-04-01,Assam,Kokrajhar,783350,144.0,0.0,372.0,516.0,0.3870967741935484,3.291091347172823
2025-04-01,Assam,Kokrajhar,783370,420.0,0.0,1081.0,1501.0,0.3885291396854764,9.587059176432902
2025-04-01,Assam,Lakhimpur,784160,137.0,0.0,327.0,464.0,0.41896024464831805,3.0506453929095034
2025-04-01,Assam,Lakhimpur,787031,288.0,0.0,752.0,1040.0,0.3829787234042553,6.606097199987976
2025-04-01,Assam,Lakhimpur,787032,88.0,0.0,596.0,684.0,0.1476510067114094,3.1132826249562604
2025-04-01,Assam,Lakhimpur,787055,201.0,0.0,595.0,796.0,0.3378151260504202,4.820255480729531
2025-04-01,Assam,Marigaon,782105,205.0,0.0,517.0,722.0,0.3965183752417795,4.647618685016954
2025-04-01,Assam,Marigaon,782121,174.0,0.0,694.0,868.0,0.2507204610951009,4.707622456527498
2025-04-01,Assam,Marigaon,782127,209.0,0.0,1218.0,1427.0,0.17159277504105092,6.80365687622613
2025-04-01,Assam,Marigaon,782410,126.0,0.0,294.0,420.0,0.42857142857142855,2.785541562809551
2025-04-01,Assam,Marigaon,782411,379.0,0.0,673.0,1052.0,0.563150074294205,7.746990637097848
2025-04-01,Assam,Nagaon,782120,208.0,0.0,687.0,895.0,0.3027656477438137,5.2011991556415325
2025-04-01,Assam,Nagaon,782124,468.0,0.0,2034.0,2502.0,0.23008849557522124,13.162230272676819
2025-04-01,Assam,Nagaon,782136,100.0,0.0,484.0,584.0,0.2066115702479339,2.9600684488640376
2025-04-01,Assam,Nalbari,781334,76.0,0.0,115.0,191.0,0.6608695652173913,1.4938340703108706
2025-04-01,Assam,North Cachar Hills,788819,115.0,0.0,103.0,218.0,1.116504854368932,2.0481262462736067
2025-04-01,Assam,North Cachar Hills,788830,103.0,0.0,41.0,144.0,2.5121951219512195,1.6811999246451814
2025-04-01,Assam,North Cachar Hills,788831,77.0,0.0,49.0,126.0,1.5714285714285714,1.3116718073366906
2025-04-01,Assam,North Cachar Hills,788931,113.0,0.0,86.0,199.0,1.313953488372093,1.9670431046335959
2025-04-01,Assam,Sibsagar,785640,152.0,0.0,162.0,314.0,0.9382716049382716,2.7843948426619476
2025-04-01,Assam,Sibsagar,785685,244.0,0.0,91.0,335.0,2.681318681318681,3.964335193989181
2025-04-01,Assam,Sibsagar,785686,102.0,0.0,47.0,149.0,2.1702127659574466,1.6840033953018967
2025-04-01,Assam,Sibsagar,785697,81.0,0.0,55.0,136.0,1.4727272727272727,1.3901373208685632
2025-04-01,Assam,Sonitpur,784110,227.0,0.0,516.0,743.0,0.43992248062015504,4.977542360462356
2025-04-01,Assam,Sonitpur,784111,90.0,0.0,133.0,223.0,0.6766917293233082,1.7594954280565516
2025-04-01,Assam,South Salmara Mankachar,783131,151.0,0.0,128.0,279.0,1.1796875,2.667625785107019
2025-04-01,Assam,South Salmara Mankachar,783135,157.0,0.0,230.0,387.0,0.6826086956521739,3.0633301834968987
2025-04-01,Assam,Tinsukia,786125,195.0,0.0,245.0,440.0,0.7959183673469388,3.6832014074274633
2025-04-01,Assam,Tinsukia,786171,171.0,0.0,151.0,322.0,1.1324503311258278,3.0390281603293445
2025-04-01,Assam,Tinsukia,786174,104.0,0.0,107.0,211.0,0.9719626168224299,1.893627004769425
2025-04-01,Assam,Tinsukia,786181,108.0,0.0,82.0,190.0,1.3170731707317074,1.8794238089372737
2025-04-01,Assam,Tinsukia,786182,151.0,0.0,130.0,281.0,1.1615384615384616,2.6736044115176014
2025-04-01,Assam,Tinsukia,786183,67.0,0.0,113.0,180.0,0.5929203539823009,1.3516637667250047
2025-04-01,Assam,Tinsukia,786190,83.0,0.0,0.0,83.0,,1.2559899117276165
2025-04-01,Assam,Udalguri,784114,112.0,0.0,201.0,313.0,0.5572139303482587,2.295681714667039
2025-04-01,Assam,Udalguri,784507,232.0,0.0,139.0,371.0,1.669064748201439,3.9262333249427748
2025-04-01,Assam,Udalguri,784509,285.0,0.0,770.0,1055.0,0.37012987012987014,6.61450761195812
2025-04-01,Assam,Udalguri,784510,72.0,0.0,153.0,225.0,0.47058823529411764,1.5468983378118057
2025-04-01,Assam,Udalguri,784514,118.0,0.0,211.0,329.0,0.5592417061611374,2.4163692981701392
2025-04-01,Assam,Udalguri,784523,78.0,0.0,144.0,222.0,0.5416666666666666,1.610788970414375
2025-04-01,Assam,Udalguri,784525,122.0,0.0,436.0,558.0,0.2798165137614679,3.149494403660759
2025-04-01,Assam,West Karbi Anglong,782485,146.0,0.0,0.0,146.0,,2.209331651954603
2025-04-01,Assam,West Karbi Anglong,782486,284.0,0.0,325.0,609.0,0.8738461538461538,5.2691308270285555
2025-04-01,Bihar,Bhagalpur,812005,641.0,2651.0,1797.0,5089.0,0.14410971223021582,21.330671025051274
2025-04-01,Bihar,Bhagalpur,812005,641.0,2651.0,1797.0,5089.0,0.14410971223021582,21.330671025051274
2025-04-01,Bihar,Bhagalpur,853204,597.0,0.0,2426.0,3023.0,0.2460840890354493,16.28612175532999
2025-04-01,Bihar,East Champaran,845301,371.0,0.0,1444.0,1815.0,0.2569252077562327,9.930691849777022
2025-04-01,Bihar,East Champaran,845302,600.0,0.0,1554.0,2154.0,0.3861003861003861,13.724837866041263
2025-04-01,Bihar,East Champaran,845303,619.0,0.0,1258.0,1877.0,0.49205087440381556,13.1275169202007
2025-04-01,Bihar,East Champaran,845304,476.0,0.0,1107.0,1583.0,0.42999096657633246,10.512196199972236
2025-04-01,Bihar,East Champaran,845305,202.0,0.0,1376.0,1578.0,0.14680232558139536,7.1700415026369
2025-04-01,Bihar,East Champaran,845315,246.0,0.0,444.0,690.0,0.5540540540540541,5.049827572606996
2025-04-01,Bihar,East Champaran,845401,769.0,0.0,2595.0,3364.0,0.29633911368015414,19.394089961929605
2025-04-01,Bihar,East Champaran,845415,353.0,0.0,1191.0,1544.0,0.2963895885810244,8.90201225448781
2025-04-01,Bihar,East Champaran,845433,416.0,0.0,1374.0,1790.0,0.3027656477438137,10.402398311283065
2025-04-01,Bihar,Gaya,823001,566.0,0.0,1282.0,1848.0,0.4414976599063963,12.397242782651013
2025-04-01,Bihar,Gaya,824231,301.0,0.0,1162.0,1463.0,0.25903614457831325,8.028436925632729
2025-04-01,Bihar,Gaya,824232,602.0,0.0,3674.0,4276.0,0.1638541099618944,20.09244667840842
2025-04-01,Bihar,Gaya,824233,393.0,0.0,1022.0,1415.0,0.38454011741682975,9.002114665794878
2025-04-01,Bihar,Jamui,811303,810.0,0.0,1324.0,2134.0,0.6117824773413897,16.21510162958093
2025-04-01,Bihar,Jamui,811314,882.0,0.0,1432.0,2314.0,0.6159217877094972,17.62748087315464
2025-04-01,Bihar,Jehanabad,804408,164.0,0.0,760.0,924.0,0.21578947368421053,4.753593042326394
2025-04-01,Bihar,Jehanabad,804417,141.0,0.0,442.0,583.0,0.3190045248868778,3.4549460458181045
2025-04-01,Bihar,Jehanabad,804418,113.0,0.0,421.0,534.0,0.2684085510688836,2.968463028406109
2025-04-01,Bihar,Kaimur (Bhabua),821106,357.0,0.0,1540.0,1897.0,0.2318181818181818,10.005812197434524
2025-04-01,Bihar,Madhubani,847108,419.0,0.0,1578.0,1997.0,0.26552598225602025,11.057615430887541
2025-04-01,Bihar,Madhubani,847232,271.0,0.0,1378.0,1649.0,0.19666182873730043,8.220156320724659
2025-04-01,Bihar,Madhubani,847421,243.0,0.0,865.0,1108.0,0.2809248554913295,6.2629312063094495
2025-04-01,Bihar,Munger,811213,491.0,0.0,1676.0,2167.0,0.29295942720763724,12.440101542408337
2025-04-01,Bihar,Muzaffarpur,842001,276.0,0.0,1261.0,1537.0,0.21887390959555908,7.94606871858076
2025-04-01,Bihar,Muzaffarpur,842002,465.0,0.0,1512.0,1977.0,0.30753968253968256,11.556411553789781
2025-04-01,Bihar,Muzaffarpur,843103,582.0,0.0,1825.0,2407.0,0.3189041095890411,14.262558390324575
2025-04-01,Bihar,Muzaffarpur,843128,421.0,0.0,1987.0,2408.0,0.21187720181177655,12.310509349001657
2025-04-01,Bihar,Muzaffarpur,844127,345.0,0.0,999.0,1344.0,0.34534534534534533,8.20700485047167
2025-04-01,Bihar,Patna,800001,414.0,0.0,923.0,1337.0,0.4485373781148429,9.023953238546722
2025-04-01,Bihar,Patna,800002,257.0,0.0,433.0,690.0,0.5935334872979214,5.183401621674142
2025-04-01,Bihar,Patna,800004,126.0,0.0,290.0,416.0,0.43448275862068964,2.773584309988387
2025-04-01,Bihar,Patna,800006,215.0,0.0,410.0,625.0,0.524390243902439,4.479086257801122
2025-04-01,Bihar,Patna,800007,232.0,0.0,864.0,1096.0,0.26851851851851855,6.093485398778811
2025-04-01,Bihar,Patna,800008,283.0,0.0,945.0,1228.0,0.29947089947089944,7.107372605733997
2025-04-01,Bihar,Patna,800014,136.0,0.0,258.0,394.0,0.5271317829457365,2.8292503731693874
2025-04-01,Bihar,Patna,800020,237.0,0.0,569.0,806.0,0.4165202108963093,5.287300046093098
2025-04-01,Bihar,Patna,800023,78.0,0.0,143.0,221.0,0.5454545454545454,1.607799657209084
2025-04-01,Bihar,Patna,801110,269.0,0.0,1119.0,1388.0,0.24039320822162646,7.415659383404203
2025-04-01,Bihar,Patna,801503,382.0,0.0,1394.0,1776.0,0.27403156384505023,9.947682683837815
2025-04-01,Bihar,Patna,801505,282.0,0.0,963.0,1245.0,0.29283489096573206,7.146047834854205
2025-04-01,Bihar,Patna,803201,425.0,0.0,1860.0,2285.0,0.22849462365591397,11.991396206229815
2025-04-01,Bihar,Purnia,854304,814.0,0.0,3721.0,4535.0,0.21875839828003224,23.44101501696379
2025-04-01,Bihar,Saran,841311,327.0,0.0,970.0,1297.0,0.3371134020618557,7.847931413167661
2025-04-01,Bihar,Sitamarhi,843302,1013.0,0.0,3697.0,4710.0,0.27400595077089535,26.38062080646808
2025-04-01,Bihar,Sitamarhi,843313,187.0,0.0,735.0,922.0,0.254421768707483,5.026905609419842
2025-04-01,Bihar,Sitamarhi,843315,245.0,0.0,753.0,998.0,0.3253652058432935,5.95839294446691
2025-04-01,Bihar,Sitamarhi,843317,656.0,0.0,1357.0,2013.0,0.4834193072955048,13.983358044800681
2025-04-01,Bihar,Sitamarhi,843324,1167.0,0.0,2402.0,3569.0,0.4858451290591174,24.839851126170977
2025-04-01,Bihar,Sitamarhi,843330,465.0,0.0,785.0,1250.0,0.5923566878980892,9.383180853543161
2025-04-01,Bihar,Sitamarhi,843331,587.0,0.0,2159.0,2746.0,0.27188513200555814,15.336651043766958
2025-04-01,Bihar,Sitamarhi,843332,244.0,0.0,923.0,1167.0,0.26435536294691225,6.451443780791363
2025-04-01,Bihar,Vaishali,844504,497.0,0.0,1538.0,2035.0,0.323146944083225,12.118370771528356
2025-04-01,Bihar,West Champaran,845101,713.0,0.0,1579.0,2292.0,0.45155161494616847,15.509532865152098
2025-04-01,Bihar,West Champaran,845103,326.0,0.0,1021.0,1347.0,0.31929480901077373,7.985253978062473
2025-04-01,Bihar,West Champaran,845306,324.0,0.0,530.0,854.0,0.6113207547169811,6.487236377114488
2025-04-01,Bihar,West Champaran,845307,806.0,0.0,1547.0,2353.0,0.5210084033613446,16.821188840060717
2025-04-01,Bihar,West Champaran,845438,1393.0,0.0,3328.0,4721.0,0.41856971153846156,31.027879492227644
2025-04-01,Bihar,West Champaran,845449,855.0,0.0,1633.0,2488.0,0.5235762400489896,17.819757795892293
2025-04-01,Bihar,West Champaran,845452,884.0,0.0,1898.0,2782.0,0.4657534246575342,19.050765643970347
2025-04-01,Bihar,West Champaran,845453,591.0,0.0,1311.0,1902.0,0.45080091533180777,12.862243079980242
2025-04-01,Bihar,West Champaran,845455,817.0,0.0,2172.0,2989.0,0.3761510128913444,18.855966087692995
2025-04-01,Chandigarh,Chandigarh,160036,117.0,1841.0,968.0,2926.0,0.041651833392666426,9.01074124877935
2025-04-01,Chhattisgarh,Bijapur,494444,443.0,0.0,1258.0,1701.0,0.3521462639109698,10.46421301099515
2025-04-01,Chhattisgarh,Bijapur,494447,215.0,0.0,986.0,1201.0,0.21805273833671399,6.200930664048787
2025-04-01,Chhattisgarh,Durg,491001,384.0,2526.0,3283.0,6193.0,0.06610432088139094,21.588636901773764
2025-04-01,Chhattisgarh,Durg,491001,384.0,2526.0,3283.0,6193.0,0.06610432088139094,21.588636901773764
2025-04-01,Chhattisgarh,Raipur,493225,322.0,1511.0,1912.0,3745.0,0.09406952965235174,14.155667880105227
2025-04-01,Chhattisgarh,Sukma,494122,381.0,0.0,387.0,768.0,0.9844961240310077,6.922311877534661
2025-04-01,Delhi,Central Delhi,110003,133.0,0.0,911.0,1044.0,0.145993413830955,4.735874670499371
2025-04-01,Delhi,East Delhi,110092,912.0,7374.0,5911.0,14197.0,0.06864885208882197,48.880573991424484
2025-04-01,Delhi,East Delhi,110092,912.0,7374.0,5911.0,14197.0,0.06864885208882197,48.880573991424484
2025-04-01,Delhi,North West Delhi,110034,409.0,4587.0,2387.0,7383.0,0.05864640091769429,24.154535941887882
2025-04-01,Delhi,North West Delhi,110034,409.0,4587.0,2387.0,7383.0,0.05864640091769429,24.154535941887882
2025-04-01,Delhi,North West Delhi,110040,383.0,3401.0,3967.0,7751.0,0.05198154180238871,25.684066523516552
2025-04-01,Delhi,North West Delhi,110040,383.0,3401.0,3967.0,7751.0,0.05198154180238871,25.684066523516552
2025-04-01,Delhi,North West Delhi,110085,514.0,5735.0,4449.0,10698.0,0.050471327572663004,34.61782647041952
2025-04-01,Delhi,North West Delhi,110085,514.0,5735.0,4449.0,10698.0,0.050471327572663004,34.61782647041952
2025-04-01,Delhi,Shahdara,110032,319.0,2497.0,626.0,3442.0,0.1021453730387448,12.59395626406509
2025-04-01,Delhi,South Delhi,110017,198.0,2058.0,1181.0,3437.0,0.06112997838839148,11.385526261962788
2025-04-01,Delhi,South Delhi,110017,198.0,2058.0,1181.0,3437.0,0.06112997838839148,11.385526261962788
2025-04-01,Delhi,South Delhi,110074,365.0,2106.0,2589.0,5060.0,0.0777422790202343,18.234919311384772
2025-04-01,Delhi,South West Delhi,110037,202.0,2473.0,1928.0,4603.0,0.04589865939559191,14.658886341904454
2025-04-01,Delhi,South West Delhi,110037,202.0,2473.0,1928.0,4603.0,0.04589865939559191,14.658886341904454
2025-04-01,Delhi,South West Delhi,110045,431.0,5455.0,4391.0,10277.0,0.04377412147064798,32.52737741745744
2025-04-01,Delhi,South West Delhi,110045,431.0,5455.0,4391.0,10277.0,0.04377412147064798,32.52737741745744
2025-04-01,Delhi,South West Delhi,110061,81.0,0.0,887.0,968.0,0.09131905298759865,3.8772459076707455
2025-04-01,Delhi,South West Delhi,110070,111.0,0.0,751.0,862.0,0.1478029294274301,3.9246715690021037
2025-04-01,Delhi,West Delhi,110018,403.0,0.0,3931.0,4334.0,0.10251844314423811,17.84935086573696
2025-04-01,Delhi,West Delhi,110059,1469.0,16094.0,12204.0,29767.0,0.051911795886635095,96.7089616573873
2025-04-01,Delhi,West Delhi,110059,1469.0,16094.0,12204.0,29767.0,0.051911795886635095,96.7089616573873
2025-04-01,Gujarat,Ahmedabad,382150,122.0,0.0,916.0,1038.0,0.1331877729257642,4.58436474220048
2025-04-01,Gujarat,Amreli,365560,164.0,0.0,671.0,835.0,0.2444113263785395,4.487544167055487
2025-04-01,Gujarat,Amreli,365565,74.0,0.0,352.0,426.0,0.21022727272727273,2.1720364828147947
2025-04-01,Gujarat,Anand,388001,189.0,0.0,1049.0,1238.0,0.1801715919923737,5.995814773031307
2025-04-01,Gujarat,Arvalli,383315,109.0,0.0,494.0,603.0,0.22064777327935223,3.126153258092232
2025-04-01,Gujarat,Arvalli,383350,97.0,0.0,550.0,647.0,0.17636363636363636,3.1119658946881543
2025-04-01,Gujarat,Banaskantha,385001,343.0,0.0,1295.0,1638.0,0.2648648648648649,9.061576742087768
2025-04-01,Gujarat,Banaskantha,385110,339.0,0.0,428.0,767.0,0.7920560747663551,6.409312558800272
2025-04-01,Gujarat,Banaskantha,385120,399.0,0.0,650.0,1049.0,0.6138461538461538,7.980884604876784
2025-04-01,Gujarat,Banaskantha,385135,88.0,0.0,269.0,357.0,0.3271375464684015,2.1357772068260763
2025-04-01,Gujarat,Banaskantha,385310,513.0,0.0,959.0,1472.0,0.5349322210636079,10.629676962865322
2025-04-01,Gujarat,Banaskantha,385320,244.0,0.0,547.0,791.0,0.4460694698354662,5.327462015601916
2025-04-01,Gujarat,Banaskantha,385530,79.0,0.0,348.0,427.0,0.22701149425287356,2.235741272868788
2025-04-01,Gujarat,Banaskantha,385535,740.0,0.0,1815.0,2555.0,0.40771349862258954,16.623585813126645
2025-04-01,Gujarat,Banaskantha,385545,219.0,0.0,518.0,737.0,0.42277992277992277,4.8624617182726855
2025-04-01,Gujarat,Banaskantha,385550,200.0,0.0,614.0,814.0,0.3257328990228013,4.861920023055031
2025-04-01,Gujarat,Banaskantha,385555,81.0,0.0,336.0,417.0,0.24107142857142858,2.230134331555358
2025-04-01,Gujarat,Banaskantha,385565,299.0,0.0,796.0,1095.0,0.3756281407035176,6.904083475346129
2025-04-01,Gujarat,Banaskantha,385566,192.0,0.0,588.0,780.0,0.32653061224489793,4.663138611117211
2025-04-01,Gujarat,Banaskantha,385575,200.0,0.0,494.0,694.0,0.4048582995951417,4.503202438420101
2025-04-01,Gujarat,Bharuch,393001,211.0,0.0,1100.0,1311.0,0.1918181818181818,6.481182735151844
2025-04-01,Gujarat,Bhavnagar,364001,438.0,0.0,1393.0,1831.0,0.31442928930366115,10.79210825083429
2025-04-01,Gujarat,Bhavnagar,364002,190.0,0.0,723.0,913.0,0.2627939142461964,5.036431076681444
2025-04-01,Gujarat,Botad,364710,332.0,0.0,580.0,912.0,0.5724137931034483,6.757761305979296
2025-04-01,Gujarat,Chhotaudepur,391150,129.0,0.0,583.0,712.0,0.22126929674099485,3.694850304863769
2025-04-01,Gujarat,Chhotaudepur,391160,101.0,0.0,718.0,819.0,0.14066852367688024,3.6747001474771825
2025-04-01,Gujarat,Chhotaudepur,391165,151.0,0.0,950.0,1101.0,0.15894736842105264,5.124841239856291
2025-04-01,Gujarat,Dahod,389140,131.0,0.0,826.0,957.0,0.1585956416464891,4.451518230899564
2025-04-01,Gujarat,Dahod,389151,544.0,0.0,2864.0,3408.0,0.18994413407821228,16.793423284770817
2025-04-01,Gujarat,Dahod,389152,199.0,0.0,1010.0,1209.0,0.19702970297029704,6.030555643775269
2025-04-01,Gujarat,Dahod,389155,164.0,0.0,945.0,1109.0,0.17354497354497356,5.306615985305245
2025-04-01,Gujarat,Dahod,389170,309.0,0.0,1855.0,2164.0,0.16657681940700808,10.221090245499703
2025-04-01,Gujarat,Dahod,389175,66.0,0.0,674.0,740.0,0.09792284866468842,3.0135360663182715
2025-04-01,Gujarat,Dahod,389180,397.0,0.0,1731.0,2128.0,0.2293471981513576,11.182067362646384
2025-04-01,Gujarat,Dahod,389380,159.0,0.0,793.0,952.0,0.2005044136191677,4.776578335225842
2025-04-01,Gujarat,Dahod,389382,102.0,0.0,1073.0,1175.0,0.09506057781919851,4.7510387439305495
2025-04-01,Gujarat,Devbhumi Dwarka,361305,201.0,0.0,736.0,937.0,0.27309782608695654,5.241748642675574
2025-04-01,Gujarat,Devbhumi Dwarka,361310,83.0,0.0,399.0,482.0,0.20802005012531327,2.4487258806387593
2025-04-01,Gujarat,Gandhinagar,382016,75.0,0.0,272.0,347.0,0.2757352941176471,1.9480238349665395
2025-04-01,Gujarat,Gandhinagar,382305,139.0,0.0,646.0,785.0,0.21517027863777088,4.0345011225474225
2025-04-01,Gujarat,Gandhinagar,382355,87.0,0.0,714.0,801.0,0.12184873949579832,3.450889174605577
2025-04-01,Gujarat,Gandhinagar,382421,129.0,0.0,538.0,667.0,0.23977695167286245,3.5603312106256704
2025-04-01,Gujarat,Gandhinagar,382721,272.0,2574.0,1501.0,4347.0,0.06674846625766871,14.680178833883396
2025-04-01,Gujarat,Gandhinagar,382721,272.0,2574.0,1501.0,4347.0,0.06674846625766871,14.680178833883396
2025-04-01,Gujarat,Gir Somnath,362150,190.0,0.0,478.0,668.0,0.39748953974895396,4.304049341385128
2025-04-01,Gujarat,Gir Somnath,362265,164.0,0.0,463.0,627.0,0.3542116630669546,3.8657670203549417
2025-04-01,Gujarat,Gir Somnath,362268,273.0,0.0,674.0,947.0,0.4050445103857567,6.145944641349797
2025-04-01,Gujarat,Gir Somnath,362275,149.0,0.0,285.0,434.0,0.5228070175438596,3.1066831411876565
2025-04-01,Gujarat,Gir Somnath,362510,199.0,0.0,276.0,475.0,0.7210144927536232,3.8363997510916135
2025-04-01,Gujarat,Gir Somnath,362550,109.0,0.0,150.0,259.0,0.7266666666666667,2.097829515472099
2025-04-01,Gujarat,Gir Somnath,362560,295.0,0.0,427.0,722.0,0.6908665105386417,5.740497268293593
2025-04-01,Gujarat,Gir Somnath,362720,244.0,0.0,615.0,859.0,0.3967479674796748,5.530735313561709
2025-04-01,Gujarat,Gir Somnath,362725,83.0,0.0,159.0,242.0,0.5220125786163522,1.7312907113688991
2025-04-01,Gujarat,Jamnagar,361005,151.0,0.0,616.0,767.0,0.24512987012987014,4.126410629289069
2025-04-01,Gujarat,Jamnagar,361006,165.0,0.0,740.0,905.0,0.22297297297297297,4.708939186795604
2025-04-01,Gujarat,Junagadh,362001,289.0,0.0,1415.0,1704.0,0.20424028268551236,8.603144263670996
2025-04-01,Gujarat,Kachchh,370001,535.0,2047.0,2353.0,4935.0,0.1215909090909091,19.96265206860455
2025-04-01,Gujarat,Kachchh,370001,535.0,2047.0,2353.0,4935.0,0.1215909090909091,19.96265206860455
2025-04-01,Gujarat,Kachchh,370140,97.0,0.0,594.0,691.0,0.1632996632996633,3.243495675720962
2025-04-01,Gujarat,Kachchh,370165,212.0,0.0,898.0,1110.0,0.23608017817371937,5.892473876258078
2025-04-01,Gujarat,Kheda,387001,156.0,0.0,914.0,1070.0,0.17067833698030635,5.092888007340969
2025-04-01,Gujarat,Kheda,387130,149.0,0.0,1062.0,1211.0,0.14030131826741996,5.429379501698828
2025-04-01,Gujarat,Kheda,387620,201.0,0.0,833.0,1034.0,0.24129651860744297,5.53171202358881
2025-04-01,Gujarat,Kheda,387630,101.0,0.0,955.0,1056.0,0.10575916230366492,4.383167377131169
2025-04-01,Gujarat,Mahesana,382870,90.0,0.0,369.0,459.0,0.24390243902439024,2.4649733445052475
2025-04-01,Gujarat,Mahesana,384001,160.0,973.0,941.0,2074.0,0.08359456635318704,7.531378537447324
2025-04-01,Gujarat,Mahesana,384001,160.0,973.0,941.0,2074.0,0.08359456635318704,7.531378537447324
2025-04-01,Gujarat,Mahesana,384315,184.0,0.0,781.0,965.0,0.235595390524968,5.119016791138138
2025-04-01,Gujarat,Mahesana,384325,119.0,0.0,549.0,668.0,0.2167577413479053,3.4418895701335566
2025-04-01,Gujarat,Mahisagar,389230,138.0,0.0,669.0,807.0,0.2062780269058296,4.088122917694086
2025-04-01,Gujarat,Morbi,363330,115.0,0.0,558.0,673.0,0.2060931899641577,3.40826375468105
2025-04-01,Gujarat,Morbi,363621,380.0,0.0,1089.0,1469.0,0.34894398530762166,9.00567733907397
2025-04-01,Gujarat,Morbi,363641,402.0,1263.0,1085.0,2750.0,0.17120954003407154,12.308571452899013
2025-04-01,Gujarat,Morbi,363641,402.0,1263.0,1085.0,2750.0,0.17120954003407154,12.308571452899013
2025-04-01,Gujarat,Morbi,363642,163.0,0.0,456.0,619.0,0.3574561403508772,3.8297094193428736
2025-04-01,Gujarat,Morbi,363650,111.0,0.0,402.0,513.0,0.27611940298507465,2.8814012603555152
2025-04-01,Gujarat,Navsari,396445,176.0,0.0,958.0,1134.0,0.1837160751565762,5.527065959874408
2025-04-01,Gujarat,Panchmahals,389001,295.0,0.0,1755.0,2050.0,0.16809116809116809,9.710305204920152
2025-04-01,Gujarat,Panchmahals,389115,142.0,0.0,586.0,728.0,0.24232081911262798,3.9005395559550515
2025-04-01,Gujarat,Panchmahals,389210,157.0,0.0,1495.0,1652.0,0.10501672240802676,6.844811388190121
2025-04-01,Gujarat,Panchmahals,389341,95.0,0.0,321.0,416.0,0.29595015576323985,2.3971483535264326
2025-04-01,Gujarat,Panchmahals,389350,93.0,0.0,624.0,717.0,0.14903846153846154,3.272645437579569
2025-04-01,Gujarat,Panchmahals,389365,120.0,0.0,346.0,466.0,0.3468208092485549,2.8501913980344984
2025-04-01,Gujarat,Patan,384151,180.0,0.0,855.0,1035.0,0.21052631578947367,5.279696334029552
2025-04-01,Gujarat,Patan,384240,94.0,0.0,436.0,530.0,0.21559633027522937,2.7257869635598766
2025-04-01,Gujarat,Patan,384245,131.0,0.0,603.0,734.0,0.21724709784411278,3.784901386119653
2025-04-01,Gujarat,Patan,384265,293.0,0.0,1367.0,1660.0,0.2143379663496708,8.520186864117148
2025-04-01,Gujarat,Patan,384285,141.0,0.0,664.0,805.0,0.21234939759036145,4.118573577392725
2025-04-01,Gujarat,Patan,385340,218.0,0.0,1181.0,1399.0,0.18458933107535985,6.829243964805642
2025-04-01,Gujarat,Patan,385360,141.0,0.0,648.0,789.0,0.2175925925925926,4.0707445661080675
2025-04-01,Gujarat,Porbandar,360575,257.0,0.0,1284.0,1541.0,0.20015576323987538,7.7273071593768545
2025-04-01,Gujarat,Porbandar,360579,92.0,0.0,274.0,366.0,0.3357664233576642,2.211253407152657
2025-04-01,Gujarat,Rajkot,360001,241.0,1452.0,1001.0,2694.0,0.09824704443538525,10.067379671420609
2025-04-01,Gujarat,Rajkot,360002,387.0,2408.0,1794.0,4589.0,0.09209900047596382,16.904349196646663
2025-04-01,Gujarat,Rajkot,360002,387.0,2408.0,1794.0,4589.0,0.09209900047596382,16.904349196646663
2025-04-01,Gujarat,Rajkot,360003,434.0,0.0,1675.0,2109.0,0.2591044776119403,11.574564940426248
2025-04-01,Gujarat,Rajkot,360004,359.0,2373.0,1416.0,4148.0,0.0947479546054368,15.268046493029805
2025-04-01,Gujarat,Rajkot,360022,95.0,0.0,249.0,344.0,0.3815261044176707,2.181917802745475
2025-04-01,Gujarat,Rajkot,360055,157.0,0.0,668.0,825.0,0.23502994011976047,4.372649367414394
2025-04-01,Gujarat,Rajkot,360110,120.0,0.0,318.0,438.0,0.37735849056603776,2.766490628286348
2025-04-01,Gujarat,Rajkot,360370,174.0,0.0,1179.0,1353.0,0.1475826972010178,6.157439361093673
2025-04-01,Gujarat,Sabarkantha,383001,196.0,0.0,724.0,920.0,0.27071823204419887,5.130214841336925
2025-04-01,Gujarat,Sabarkantha,383205,93.0,0.0,567.0,660.0,0.164021164021164,3.1022545848779766
2025-04-01,Gujarat,Sabarkantha,383255,121.0,0.0,613.0,734.0,0.19738988580750408,3.6634704324222493
2025-04-01,Gujarat,Sabarkantha,383270,171.0,0.0,833.0,1004.0,0.20528211284513806,5.0777397663378645
2025-04-01,Gujarat,Sabarkantha,383422,115.0,0.0,1040.0,1155.0,0.11057692307692307,4.849112719631353
2025-04-01,Gujarat,Surat,394107,270.0,2445.0,1325.0,4040.0,0.07161803713527852,13.819226364683319
2025-04-01,Gujarat,Surat,394107,270.0,2445.0,1325.0,4040.0,0.07161803713527852,13.819226364683319
2025-04-01,Gujarat,Surat,394210,678.0,0.0,4216.0,4894.0,0.1608159392789374,22.862717487378585
2025-04-01,Gujarat,Surat,394230,116.0,0.0,792.0,908.0,0.14646464646464646,4.122895453294196
2025-04-01,Gujarat,Surat,394520,75.0,0.0,222.0,297.0,0.33783783783783783,1.798558174701985
2025-04-01,Gujarat,Surat,395001,98.0,0.0,584.0,682.0,0.1678082191780822,3.228734952243083
2025-04-01,Gujarat,Surat,395003,189.0,0.0,1553.0,1742.0,0.12169993560849968,7.502428628498012
2025-04-01,Gujarat,Surat,395004,669.0,5486.0,3409.0,9564.0,0.07521079258010117,33.26657597727321
2025-04-01,Gujarat,Surat,395004,669.0,5486.0,3409.0,9564.0,0.07521079258010117,33.26657597727321
2025-04-01,Gujarat,Surat,395005,161.0,0.0,963.0,1124.0,0.1671858774662513,5.315026397275389
2025-04-01,Gujarat,Surat,395006,636.0,5155.0,2866.0,8657.0,0.07929185887046503,30.36251963513329
2025-04-01,Gujarat,Surat,395007,190.0,0.0,1182.0,1372.0,0.16074450084602368,6.4085258379100525
2025-04-01,Gujarat,Surat,395009,263.0,0.0,1530.0,1793.0,0.1718954248366013,8.553472659328651
2025-04-01,Gujarat,Surat,395010,843.0,0.0,4061.0,4904.0,0.2075843388327998,24.89622135543867
2025-04-01,Gujarat,Surendra Nagar,363310,239.0,0.0,1501.0,1740.0,0.15922718187874751,8.103604770574451
2025-04-01,Gujarat,Surendra Nagar,363427,81.0,0.0,198.0,279.0,0.4090909090909091,1.8176091092251885
2025-04-01,Gujarat,Surendra Nagar,363440,117.0,0.0,714.0,831.0,0.1638655462184874,3.9048614318565225
2025-04-01,Gujarat,Surendra Nagar,363520,249.0,0.0,1332.0,1581.0,0.18693693693693694,7.749734924630575
2025-04-01,Gujarat,Tapi,394370,93.0,0.0,629.0,722.0,0.1478537360890302,3.287592003606024
2025-04-01,Gujarat,The Dangs,394716,120.0,0.0,1116.0,1236.0,0.10752688172043011,5.151962566108633
2025-04-01,Gujarat,Vadodara,390001,131.0,0.0,680.0,811.0,0.19264705882352942,4.015078502927067
2025-04-01,Gujarat,Vadodara,390009,93.0,0.0,412.0,505.0,0.22572815533980584,2.6389110380578584
2025-04-01,Gujarat,Vadodara,390011,87.0,0.0,570.0,657.0,0.15263157894736842,3.020428073043661
2025-04-01,Gujarat,Vadodara,390019,297.0,0.0,1626.0,1923.0,0.18265682656826568,9.354948618587667
2025-04-01,Gujarat,Vadodara,390022,132.0,0.0,518.0,650.0,0.2548262548262548,3.5459421722449433
2025-04-01,Gujarat,Vadodara,391440,220.0,0.0,629.0,849.0,0.3497615262321145,5.209407892635029
2025-04-01,Gujarat,Vadodara,391770,97.0,0.0,292.0,389.0,0.3321917808219178,2.3407230877230547
2025-04-01,Gujarat,Valsad,396001,166.0,0.0,784.0,950.0,0.21173469387755103,4.855601376403444
2025-04-01,Gujarat,Valsad,396065,509.0,0.0,1711.0,2220.0,0.29748684979544127,12.817110858944092
2025-04-01,Gujarat,Valsad,396191,229.0,0.0,1363.0,1592.0,0.16801173881144535,7.539755462493967
2025-04-01,Haryana,Faridabad,121002,329.0,0.0,1829.0,2158.0,0.17987971569163477,10.446016273662764
2025-04-01,Haryana,Faridabad,121004,1277.0,6399.0,4667.0,12343.0,0.11539851798301103,48.383226061984594
2025-04-01,Haryana,Faridabad,121004,1277.0,6399.0,4667.0,12343.0,0.11539851798301103,48.383226061984594
2025-04-01,Haryana,Gurgaon,122001,593.0,6319.0,2543.0,9455.0,0.0669149176258181,31.49447764138832
2025-04-01,Haryana,Gurgaon,122002,129.0,1155.0,356.0,1640.0,0.08537392455327597,5.743226980488996
2025-04-01,Haryana,Gurgaon,122002,129.0,1155.0,356.0,1640.0,0.08537392455327597,5.743226980488996
2025-04-01,Jammu and Kashmir,Punch,185121,211.0,0.0,1960.0,2171.0,0.1076530612244898,9.051992091702177
2025-04-01,Jharkhand,Deoghar,815353,723.0,0.0,3835.0,4558.0,0.18852672750977836,22.404747542039104
2025-04-01,Jharkhand,Dumka,814119,89.0,0.0,1099.0,1188.0,0.08098271155595996,4.6320395757927075
2025-04-01,Jharkhand,East Singhbhum,832104,120.0,0.0,2009.0,2129.0,0.05973120955699353,7.821419258433572
2025-04-01,Jharkhand,Godda,814153,136.0,0.0,2445.0,2581.0,0.05562372188139059,9.36687835314099
2025-04-01,Jharkhand,Hazaribagh,825301,248.0,0.0,1798.0,2046.0,0.13793103448275862,9.127622469721189
2025-04-01,Jharkhand,Lohardaga,835302,308.0,0.0,4930.0,5238.0,0.06247464503042596,19.398095943194757
2025-04-01,Jharkhand,Pakur,816107,962.0,0.0,2572.0,3534.0,0.3740279937791602,22.245890613188998
2025-04-01,Jharkhand,Ranchi,834001,382.0,2065.0,3777.0,6224.0,0.06538856555973982,21.94667349508743
2025-04-01,Jharkhand,Ranchi,834001,382.0,2065.0,3777.0,6224.0,0.06538856555973982,21.94667349508743
2025-04-01,Jharkhand,Ranchi,834002,240.0,0.0,1881.0,2121.0,0.12759170653907495,9.254676197160098
2025-04-01,Jharkhand,Ranchi,835205,93.0,0.0,1130.0,1223.0,0.08230088495575222,4.785237919456857
2025-04-01,Jharkhand,Ranchi,835214,205.0,0.0,2346.0,2551.0,0.08738277919863598,10.115072537494346
2025-04-01,Jharkhand,Ranchi,835222,200.0,0.0,1876.0,2076.0,0.10660980810234541,8.634433288132378
2025-04-01,Karnataka,Bengaluru,560001,85.0,0.0,190.0,275.0,0.4473684210526316,1.8542242378829856
2025-04-01,Karnataka,Bengaluru,560005,96.0,0.0,261.0,357.0,0.367816091954023,2.2329219697839995
2025-04-01,Karnataka,Bengaluru,560010,152.0,0.0,416.0,568.0,0.36538461538461536,3.543680396805883
2025-04-01,Karnataka,Bengaluru,560016,303.0,0.0,677.0,980.0,0.44756277695716395,6.608884838216617
2025-04-01,Karnataka,Bengaluru,560024,76.0,0.0,251.0,327.0,0.30278884462151395,1.900380666230458
2025-04-01,Karnataka,Bengaluru,560029,142.0,0.0,408.0,550.0,0.3480392156862745,3.3684418054132386
2025-04-01,Karnataka,Bengaluru,560032,382.0,1035.0,956.0,2373.0,0.19186338523355098,11.081994712291939
2025-04-01,Karnataka,Bengaluru,560032,382.0,1035.0,956.0,2373.0,0.19186338523355098,11.081994712291939
2025-04-01,Karnataka,Bengaluru,560035,185.0,0.0,287.0,472.0,0.6445993031358885,3.6574284762993736
2025-04-01,Karnataka,Bengaluru,560036,267.0,912.0,506.0,1685.0,0.18829337094499296,7.706174233906279
2025-04-01,Karnataka,Bengaluru,560036,267.0,912.0,506.0,1685.0,0.18829337094499296,7.706174233906279
2025-04-01,Karnataka,Bengaluru,560037,290.0,0.0,544.0,834.0,0.5330882352941176,6.014584870437492
2025-04-01,Karnataka,Bengaluru,560043,433.0,0.0,859.0,1292.0,0.5040745052386496,9.120152956333692
2025-04-01,Karnataka,Bengaluru,560045,429.0,955.0,1247.0,2631.0,0.19482288828337874,12.474228350821672
2025-04-01,Karnataka,Bengaluru,560047,173.0,0.0,656.0,829.0,0.26371951219512196,4.578896146151405
2025-04-01,Karnataka,Bengaluru,560048,144.0,0.0,259.0,403.0,0.555984555984556,2.9532989549749304
2025-04-01,Karnataka,Bengaluru,560049,223.0,1001.0,478.0,1702.0,0.15077755240027046,7.166776161157297
2025-04-01,Karnataka,Bengaluru,560049,223.0,1001.0,478.0,1702.0,0.15077755240027046,7.166776161157297
2025-04-01,Karnataka,Bengaluru,560061,233.0,0.0,645.0,878.0,0.3612403100775194,5.453958215395095
2025-04-01,Karnataka,Bengaluru,560064,410.0,1567.0,1045.0,3022.0,0.15696784073506892,13.02780108078615
2025-04-01,Karnataka,Bengaluru,560064,410.0,1567.0,1045.0,3022.0,0.15696784073506892,13.02780108078615
2025-04-01,Karnataka,Bengaluru,560066,255.0,923.0,410.0,1588.0,0.19129782445611404,7.263582223042969
2025-04-01,Karnataka,Bengaluru,560066,255.0,923.0,410.0,1588.0,0.19129782445611404,7.263582223042969
2025-04-01,Karnataka,Bengaluru,560067,223.0,904.0,321.0,1448.0,0.1820408163265306,6.468437342902396
2025-04-01,Karnataka,Bengaluru,560068,444.0,0.0,1253.0,1697.0,0.35434956105347165,10.464398853543724
2025-04-01,Karnataka,Bengaluru,560076,279.0,1213.0,802.0,2294.0,0.13846153846153847,9.483259744049978
2025-04-01,Karnataka,Bengaluru,560076,279.0,1213.0,802.0,2294.0,0.13846153846153847,9.483259744049978
2025-04-01,Karnataka,Bengaluru,560077,297.0,0.0,606.0,903.0,0.4900990099009901,6.30584914919076
2025-04-01,Karnataka,Bengaluru,560078,294.0,1183.0,914.0,2391.0,0.1402002861230329,9.974219061454379
2025-04-01,Karnataka,Bengaluru,560083,204.0,0.0,492.0,696.0,0.4146341463414634,4.557753446309644
2025-04-01,Karnataka,Bengaluru,560084,125.0,0.0,413.0,538.0,0.3026634382566586,3.1261374256641585
2025-04-01,Karnataka,Bengaluru,560087,193.0,0.0,238.0,431.0,0.8109243697478992,3.6320113978403623
2025-04-01,Karnataka,Bengaluru,560091,385.0,0.0,1283.0,1668.0,0.3000779423226812,9.661266143775599
2025-04-01,Karnataka,Bengaluru,560092,101.0,0.0,244.0,345.0,0.4139344262295082,2.2577656881692088
2025-04-01,Karnataka,Bengaluru,560093,98.0,0.0,243.0,341.0,0.40329218106995884,2.209379149238823
2025-04-01,Karnataka,Bengaluru,560097,199.0,0.0,677.0,876.0,0.29394387001477107,5.035114346413339
2025-04-01,Karnataka,Bengaluru,560099,194.0,0.0,437.0,631.0,0.4439359267734554,4.24201713426832
2025-04-01,Karnataka,Bengaluru,560100,310.0,1321.0,719.0,2350.0,0.15196078431372548,9.959239018606006
2025-04-01,Karnataka,Bengaluru,560102,95.0,0.0,275.0,370.0,0.34545454545454546,2.2596399460830434
2025-04-01,Karnataka,Bengaluru,560103,128.0,0.0,291.0,419.0,0.43986254295532645,2.806838440343741
2025-04-01,Karnataka,Kalaburagi,585104,608.0,881.0,898.0,2387.0,0.34176503653738055,13.964945447912008
2025-04-01,Karnataka,Mysuru,570019,485.0,940.0,614.0,2039.0,0.3120978120978121,11.393993026967348
2025-04-01,Karnataka,Mysuru,570019,485.0,940.0,614.0,2039.0,0.3120978120978121,11.393993026967348
2025-04-01,Karnataka,Yadgir,585202,348.0,620.0,1064.0,2032.0,0.20665083135391923,9.910525165623202
2025-04-01,Karnataka,Yadgir,585202,348.0,620.0,1064.0,2032.0,0.20665083135391923,9.910525165623202
2025-04-01,Karnataka,Yadgir,585290,298.0,0.0,517.0,815.0,0.5764023210831721,6.0549326824948855
2025-04-01,Madhya Pradesh,Alirajpur,457990,254.0,0.0,3037.0,3291.0,0.08363516628251565,12.922175982527031
2025-04-01,Madhya Pradesh,Ashok Nagar,473335,176.0,1156.0,2005.0,3337.0,0.05567858272698513,11.38618865538093
2025-04-01,Madhya Pradesh,Ashok Nagar,473335,176.0,1156.0,2005.0,3337.0,0.05567858272698513,11.38618865538093
2025-04-01,Madhya Pradesh,Ashok Nagar,473443,213.0,0.0,3025.0,3238.0,0.07041322314049586,12.265875472487247
2025-04-01,Madhya Pradesh,Ashok Nagar,473446,142.0,0.0,2776.0,2918.0,0.051152737752161385,10.447135475542527
2025-04-01,Madhya Pradesh,Barwani,451551,820.0,3645.0,10085.0,14550.0,0.05972323379461034,51.161630367847366
2025-04-01,Madhya Pradesh,Barwani,451551,820.0,3645.0,10085.0,14550.0,0.05972323379461034,51.161630367847366
2025-04-01,Madhya Pradesh,Betul,460001,223.0,1278.0,2823.0,4324.0,0.05437698122409169,14.830711613871111
2025-04-01,Madhya Pradesh,Betul,460001,223.0,1278.0,2823.0,4324.0,0.05437698122409169,14.830711613871111
2025-04-01,Madhya Pradesh,Bhind,477001,510.0,0.0,1936.0,2446.0,0.2634297520661157,13.504838738709617
2025-04-01,Madhya Pradesh,Bhind,477116,234.0,0.0,829.0,1063.0,0.2822677925211098,6.019124253743686
2025-04-01,Madhya Pradesh,Bhind,477441,136.0,0.0,462.0,598.0,0.2943722943722944,3.439070267048769
2025-04-01,Madhya Pradesh,Bhind,477445,171.0,0.0,585.0,756.0,0.2923076923076923,4.336390091425675
2025-04-01,Madhya Pradesh,Bhopal,462003,172.0,707.0,1299.0,2178.0,0.08574277168494517,8.155116541280702
2025-04-01,Madhya Pradesh,Bhopal,462003,172.0,707.0,1299.0,2178.0,0.08574277168494517,8.155116541280702
2025-04-01,Madhya Pradesh,Bhopal,462022,211.0,1376.0,1838.0,3425.0,0.06565028002489111,11.93602684512367
2025-04-01,Madhya Pradesh,Burhanpur,450221,138.0,0.0,804.0,942.0,0.17164179104477612,4.491680200408382
2025-04-01,Madhya Pradesh,Burhanpur,450331,511.0,0.0,4326.0,4837.0,0.11812297734627832,20.664429707930342
2025-04-01,Madhya Pradesh,Burhanpur,450332,153.0,0.0,1439.0,1592.0,0.1063238359972203,6.616880214393694
2025-04-01,Madhya Pradesh,Chhatarpur,471301,135.0,0.0,863.0,998.0,0.1564310544611819,4.622652453795462
2025-04-01,Madhya Pradesh,Chhatarpur,471313,270.0,0.0,2013.0,2283.0,0.13412816691505217,10.103237797509465
2025-04-01,Madhya Pradesh,Chhatarpur,471405,291.0,0.0,2004.0,2295.0,0.14520958083832336,10.394114558737508
2025-04-01,Madhya Pradesh,Chhatarpur,471625,154.0,0.0,977.0,1131.0,0.15762538382804503,5.250949922124244
2025-04-01,Madhya Pradesh,Datia,475661,302.0,0.0,2471.0,2773.0,0.12221772561715905,11.95658031993379
2025-04-01,Madhya Pradesh,Dewas,455001,502.0,0.0,4542.0,5044.0,0.11052399823866138,21.173929683097935
2025-04-01,Madhya Pradesh,Dhar,454001,402.0,2176.0,3358.0,5936.0,0.07264185037947235,21.258870027361677
2025-04-01,Madhya Pradesh,Dhar,454010,79.0,0.0,1023.0,1102.0,0.0772238514173998,4.25352768644027
2025-04-01,Madhya Pradesh,Dhar,454660,138.0,0.0,1697.0,1835.0,0.08131997642899234,7.161136892733322
2025-04-01,Madhya Pradesh,Guna,473001,631.0,1905.0,3870.0,6406.0,0.10926406926406926,25.614889943889445
2025-04-01,Madhya Pradesh,Guna,473001,631.0,1905.0,3870.0,6406.0,0.10926406926406926,25.614889943889445
2025-04-01,Madhya Pradesh,Guna,473101,153.0,0.0,2554.0,2707.0,0.05990602975724354,9.949964438293254
2025-04-01,Madhya Pradesh,Gwalior,474001,506.0,0.0,3294.0,3800.0,0.15361262902246509,17.503796437194787
2025-04-01,Madhya Pradesh,Gwalior,474011,157.0,0.0,496.0,653.0,0.3165322580645161,3.8584874961043276
2025-04-01,Madhya Pradesh,Gwalior,475110,531.0,0.0,2574.0,3105.0,0.2062937062937063,15.72980114376099
2025-04-01,Madhya Pradesh,Gwalior,475330,144.0,0.0,998.0,1142.0,0.14428857715430862,5.162401413685042
2025-04-01,Madhya Pradesh,Indore,452001,528.0,0.0,3396.0,3924.0,0.15547703180212014,18.14161937278517
2025-04-01,Madhya Pradesh,Indore,452002,265.0,1390.0,2060.0,3715.0,0.07681159420289856,13.449858388516372
2025-04-01,Madhya Pradesh,Indore,452002,265.0,1390.0,2060.0,3715.0,0.07681159420289856,13.449858388516372
2025-04-01,Madhya Pradesh,Indore,452009,290.0,1198.0,1421.0,2909.0,0.11072928598701795,11.464686167343668
2025-04-01,Madhya Pradesh,Jabalpur,482003,159.0,1534.0,1531.0,3224.0,0.05187601957585644,10.604459866989664
2025-04-01,Madhya Pradesh,Jabalpur,482003,159.0,1534.0,1531.0,3224.0,0.05187601957585644,10.604459866989664
2025-04-01,Madhya Pradesh,Jhabua,457661,488.0,0.0,4103.0,4591.0,0.11893736290519133,19.649767465924704
2025-04-01,Madhya Pradesh,Jhabua,457779,398.0,0.0,2442.0,2840.0,0.16298116298116297,13.322601460183375
2025-04-01,Madhya Pradesh,Katni,483332,143.0,0.0,641.0,784.0,0.22308892355694226,4.080084190821093
2025-04-01,Madhya Pradesh,Katni,483770,270.0,0.0,1075.0,1345.0,0.25116279069767444,7.299262010946428
2025-04-01,Madhya Pradesh,Khandwa,450117,420.0,0.0,1671.0,2091.0,0.2513464991023339,11.350753967554644
2025-04-01,Madhya Pradesh,Khargone,451001,215.0,980.0,2896.0,4091.0,0.05546955624355005,14.224295299801318
2025-04-01,Madhya Pradesh,Khargone,451001,215.0,980.0,2896.0,4091.0,0.05546955624355005,14.224295299801318
2025-04-01,Madhya Pradesh,Khargone,451331,257.0,0.0,2682.0,2939.0,0.09582401193139448,11.906367020373791
2025-04-01,Madhya Pradesh,Khargone,451332,399.0,0.0,3289.0,3688.0,0.1213134691395561,15.869682153639955
2025-04-01,Madhya Pradesh,Morena,476001,664.0,3310.0,4598.0,8572.0,0.08396560445118867,31.607679298657615
2025-04-01,Madhya Pradesh,Morena,476001,664.0,3310.0,4598.0,8572.0,0.08396560445118867,31.607679298657615
2025-04-01,Madhya Pradesh,Morena,476111,439.0,0.0,2376.0,2815.0,0.18476430976430977,13.745735540210458
2025-04-01,Madhya Pradesh,Morena,476115,267.0,0.0,1907.0,2174.0,0.14001048767697954,9.740973372023515
2025-04-01,Madhya Pradesh,Morena,476221,198.0,0.0,2507.0,2705.0,0.07897885919425608,10.490425103520991
2025-04-01,Madhya Pradesh,Panna,488441,159.0,0.0,1791.0,1950.0,0.08877721943048576,7.759912914106344
2025-04-01,Madhya Pradesh,Raisen,464551,342.0,1243.0,2742.0,4327.0,0.08582183186951066,16.306698992755337
2025-04-01,Madhya Pradesh,Raisen,464886,173.0,0.0,1466.0,1639.0,0.11800818553888132,7.000239842437184
2025-04-01,Madhya Pradesh,Sagar,470001,221.0,0.0,2489.0,2710.0,0.0887906789875452,10.784662863051478
2025-04-01,Madhya Pradesh,Satna,485001,437.0,2097.0,2623.0,5157.0,0.09258474576271186,19.404840410702835
2025-04-01,Madhya Pradesh,Sheopur,476335,86.0,0.0,937.0,1023.0,0.09178228388473852,4.102373610810457
2025-04-01,Madhya Pradesh,Sheopur,476337,310.0,0.0,2538.0,2848.0,0.12214342001576044,12.277923573288547
2025-04-01,Madhya Pradesh,Shivpuri,473551,349.0,0.0,1854.0,2203.0,0.18824163969795038,10.823397275295674
2025-04-01,Madhya Pradesh,Shivpuri,473660,90.0,0.0,901.0,991.0,0.09988901220865705,4.055287969720105
2025-04-01,Madhya Pradesh,Shivpuri,473670,202.0,0.0,1477.0,1679.0,0.13676371022342587,7.471962136371299
2025-04-01,Madhya Pradesh,Shivpuri,473880,125.0,0.0,1133.0,1258.0,0.11032656663724624,5.278442933473739
2025-04-01,Madhya Pradesh,Shivpuri,473885,103.0,0.0,654.0,757.0,0.15749235474006115,3.5136489194886162
2025-04-01,Madhya Pradesh,Vidisha,464221,534.0,0.0,2691.0,3225.0,0.19843924191750278,16.124948014505144
2025-04-01,Madhya Pradesh,Vidisha,464228,297.0,0.0,2009.0,2306.0,0.14783474365355898,10.49985557621415
2025-04-01,Maharashtra,Ahmadnagar,413201,96.0,0.0,479.0,575.0,0.20041753653444677,2.884592248537456
2025-04-01,Maharashtra,Aurangabad,431001,791.0,2226.0,6584.0,9601.0,0.08978433598183883,36.90695118034076
2025-04-01,Maharashtra,Beed,431122,450.0,2673.0,3971.0,7094.0,0.06773028296207104,24.991089815013094
2025-04-01,Maharashtra,Beed,431122,450.0,2673.0,3971.0,7094.0,0.06773028296207104,24.991089815013094
2025-04-01,Maharashtra,Chandrapur,442401,221.0,0.0,1911.0,2132.0,0.11564625850340136,9.05683983039323
2025-04-01,Maharashtra,Hingoli,431512,298.0,0.0,1710.0,2008.0,0.1742690058479532,9.62118333640715
2025-04-01,Maharashtra,Hingoli,431513,276.0,0.0,2123.0,2399.0,0.13000471031559113,10.522856701541675
2025-04-01,Maharashtra,Hingoli,431701,164.0,0.0,1476.0,1640.0,0.1111111111111111,6.893941297314811
2025-04-01,Maharashtra,Hingoli,431702,159.0,0.0,1250.0,1409.0,0.1272,6.1426944700438675
2025-04-01,Maharashtra,Hingoli,431705,247.0,0.0,1735.0,1982.0,0.14236311239193083,8.924163329212819
2025-04-01,Maharashtra,Jalgaon,425001,423.0,1426.0,2592.0,4441.0,0.1052762568442011,17.516089436842616
2025-04-01,Maharashtra,Jalgaon,425001,423.0,1426.0,2592.0,4441.0,0.1052762568442011,17.516089436842616
2025-04-01,Maharashtra,Latur,413517,294.0,0.0,2797.0,3091.0,0.10511262066499821,12.810037156258433
2025-04-01,Maharashtra,Mumbai Suburban,400058,105.0,0.0,341.0,446.0,0.30791788856304986,2.60825870338257
2025-04-01,Maharashtra,Mumbai Suburban,400070,191.0,979.0,889.0,2059.0,0.10224839400428265,7.859204894640899
2025-04-01,Maharashtra,Mumbai Suburban,400070,191.0,979.0,889.0,2059.0,0.10224839400428265,7.859204894640899
2025-04-01,Maharashtra,Mumbai Suburban,400072,246.0,0.0,937.0,1183.0,0.26254002134471716,6.523558982815501
2025-04-01,Maharashtra,Nagpur,440027,105.0,0.0,1065.0,1170.0,0.09859154929577464,4.772521464013316
2025-04-01,Maharashtra,Nagpur,440034,225.0,1445.0,1469.0,3139.0,0.07721345229924502,11.207732739913142
2025-04-01,Maharashtra,Nagpur,440034,225.0,1445.0,1469.0,3139.0,0.07721345229924502,11.207732739913142
2025-04-01,Maharashtra,Nagpur,440035,236.0,0.0,1044.0,1280.0,0.2260536398467433,6.692091410031333
2025-04-01,Maharashtra,Nanded,431604,203.0,0.0,1160.0,1363.0,0.175,6.539482258869057
2025-04-01,Maharashtra,Nanded,431704,88.0,0.0,790.0,878.0,0.11139240506329114,3.6932093867827307
2025-04-01,Maharashtra,Nanded,431715,224.0,0.0,2312.0,2536.0,0.09688581314878893,10.300951651440048
2025-04-01,Maharashtra,Nanded,431806,92.0,0.0,1712.0,1804.0,0.053738317757009345,6.509885796361238
2025-04-01,Maharashtra,Nandurbar,425412,282.0,1046.0,2346.0,3674.0,0.08313679245283019,13.749870169888407
2025-04-01,Maharashtra,Nandurbar,425412,282.0,1046.0,2346.0,3674.0,0.08313679245283019,13.749870169888407
2025-04-01,Maharashtra,Palghar,401209,280.0,0.0,1635.0,1915.0,0.1712538226299694,9.124601491659751
2025-04-01,Maharashtra,Parbhani,431402,161.0,0.0,1205.0,1366.0,0.13360995850622406,6.038440192955832
2025-04-01,Maharashtra,Pune,410405,69.0,0.0,489.0,558.0,0.1411042944785276,2.5059103490645156
2025-04-01,Maharashtra,Raigad,410206,335.0,2321.0,543.0,3199.0,0.11696927374301676,12.172426449306235
2025-04-01,Maharashtra,Raigad,410206,335.0,2321.0,543.0,3199.0,0.11696927374301676,12.172426449306235
2025-04-01,Maharashtra,Satara,415523,236.0,0.0,1720.0,1956.0,0.1372093023255814,8.712867136808105
2025-04-01,Maharashtra,Solapur,413203,115.0,0.0,775.0,890.0,0.14838709677419354,4.0569447202292155
2025-04-01,Maharashtra,Solapur,413304,337.0,0.0,1905.0,2242.0,0.17690288713910762,10.79426334586514
2025-04-01,Maharashtra,Solapur,413401,208.0,0.0,1143.0,1351.0,0.18197725284339458,6.564325977254268
2025-04-01,Maharashtra,Thane,400607,128.0,0.0,914.0,1042.0,0.1400437636761488,4.669180567240087
2025-04-01,Maharashtra,Thane,400612,590.0,0.0,4277.0,4867.0,0.13794715922375497,21.71341363829857
2025-04-01,Maharashtra,Thane,401107,484.0,3952.0,2511.0,6947.0,0.07488782299241838,24.16090874628199
2025-04-01,Maharashtra,Thane,401107,484.0,3952.0,2511.0,6947.0,0.07488782299241838,24.16090874628199
2025-04-01,Maharashtra,Thane,421004,141.0,0.0,741.0,882.0,0.1902834008097166,4.348750694200139
2025-04-01,Maharashtra,Thane,421301,496.0,0.0,3462.0,3958.0,0.14326978625072212,17.854676969933372
2025-04-01,Maharashtra,Thane,421302,748.0,4075.0,3958.0,8781.0,0.09311589692518361,32.77180336802255
2025-04-01,Maharashtra,Thane,421306,329.0,0.0,2288.0,2617.0,0.1437937062937063,11.818111034891373
2025-04-01,Maharashtra,Thane,421501,207.0,0.0,999.0,1206.0,0.2072072072072072,6.118732467117319
2025-04-01,Maharashtra,Thane,421503,311.0,0.0,1716.0,2027.0,0.18123543123543123,9.835840527114307
2025-04-01,Manipur,Churachandpur,795128,632.0,0.0,1136.0,1768.0,0.5563380281690141,12.959542020630597
2025-04-01,Meghalaya,East Garo Hills,794110,762.0,0.0,184.0,946.0,4.141304347826087,12.080928963947581
2025-04-01,Meghalaya,East Garo Hills,794111,1146.0,0.0,200.0,1346.0,5.73,17.939602868044343
2025-04-01,Meghalaya,East Jaintia Hills,793160,575.0,0.0,133.0,708.0,4.323308270676692,9.098713586946841
2025-04-01,Meghalaya,East Jaintia Hills,793200,907.0,0.0,165.0,1072.0,5.496969696969697,14.218331256426623
2025-04-01,Meghalaya,East Khasi Hills,793001,292.0,0.0,218.0,510.0,1.3394495412844036,5.070333582662663
2025-04-01,Meghalaya,East Khasi Hills,793002,321.0,0.0,187.0,508.0,1.7165775401069518,5.416504721974553
2025-04-01,Meghalaya,East Khasi Hills,793003,82.0,0.0,104.0,186.0,0.7884615384615384,1.551746076502858
2025-04-01,Meghalaya,East Khasi Hills,793004,143.0,0.0,139.0,282.0,1.0287769784172662,2.579448961764969
2025-04-01,Meghalaya,East Khasi Hills,793005,341.0,0.0,83.0,424.0,4.108433734939759,5.40826432012491
2025-04-01,Meghalaya,East Khasi Hills,793006,226.0,0.0,290.0,516.0,0.7793103448275862,4.286825167491539
2025-04-01,Meghalaya,East Khasi Hills,793008,296.0,0.0,72.0,368.0,4.111111111111111,4.69442348899029
2025-04-01,Meghalaya,East Khasi Hills,793009,548.0,0.0,83.0,631.0,6.602409638554217,8.540672895156435
2025-04-01,Meghalaya,East Khasi Hills,793010,116.0,0.0,111.0,227.0,1.045045045045045,2.0871731604909676
2025-04-01,Meghalaya,East Khasi Hills,793012,293.0,0.0,43.0,336.0,6.813953488372093,4.562336180311753
2025-04-01,Meghalaya,East Khasi Hills,793014,86.0,0.0,151.0,237.0,0.5695364238410596,1.7527734314516648
2025-04-01,Meghalaya,East Khasi Hills,793015,1138.0,0.0,377.0,1515.0,3.018567639257294,18.34765203678062
2025-04-01,Meghalaya,East Khasi Hills,793016,90.0,0.0,0.0,90.0,,1.3619167717528373
2025-04-01,Meghalaya,East Khasi Hills,793019,142.0,0.0,77.0,219.0,1.844155844155844,2.3789791344618902
2025-04-01,Meghalaya,East Khasi Hills,793021,201.0,0.0,161.0,362.0,1.2484472049689441,3.5228935496332006
2025-04-01,Meghalaya,East Khasi Hills,793108,301.0,0.0,94.0,395.0,3.202127659574468,4.835850422381851
2025-04-01,Meghalaya,East Khasi Hills,793110,881.0,0.0,288.0,1169.0,3.0590277777777777,14.192574157726606
2025-04-01,Meghalaya,East Khasi Hills,793111,241.0,0.0,96.0,337.0,2.5104166666666665,3.9338845342905415
2025-04-01,Meghalaya,East Khasi Hills,793112,130.0,0.0,0.0,130.0,,1.9672131147540985
2025-04-01,Meghalaya,East Khasi Hills,793113,367.0,0.0,124.0,491.0,2.9596774193548385,5.924268784492664
2025-04-01,Meghalaya,East Khasi Hills,793121,1563.0,0.0,263.0,1826.0,5.942965779467681,24.43814397576583
2025-04-01,Meghalaya,North Garo Hills,783134,229.0,0.0,27.0,256.0,8.481481481481481,3.5460330202250785
2025-04-01,Meghalaya,North Garo Hills,794002,646.0,0.0,52.0,698.0,12.423076923076923,9.930980226145502
2025-04-01,Meghalaya,North Garo Hills,794108,313.0,0.0,47.0,360.0,6.659574468085107,4.876941604633548
2025-04-01,Meghalaya,North Garo Hills,794110,182.0,0.0,0.0,182.0,,2.7540983606557377
2025-04-01,Meghalaya,North Garo Hills,794112,125.0,0.0,81.0,206.0,1.5432098765432098,2.1336854415075184
2025-04-01,Meghalaya,Ri Bhoi,781131,191.0,0.0,0.0,191.0,,2.8902900378310217
2025-04-01,Meghalaya,Ri Bhoi,793101,145.0,0.0,54.0,199.0,2.685185185185185,2.3556221564652895
2025-04-01,Meghalaya,Ri Bhoi,793102,761.0,0.0,219.0,980.0,3.4748858447488584,12.17042251755774
2025-04-01,Meghalaya,Ri Bhoi,793103,530.0,0.0,81.0,611.0,6.54320987654321,8.262310914395284
2025-04-01,Meghalaya,Ri Bhoi,793105,706.0,0.0,95.0,801.0,7.431578947368421,10.967465208474911
2025-04-01,Meghalaya,South Garo Hills,794005,399.0,0.0,71.0,470.0,5.619718309859155,6.250072259013245
2025-04-01,Meghalaya,South Garo Hills,794102,428.0,0.0,72.0,500.0,5.944444444444445,6.69190142089445
2025-04-01,Meghalaya,South Garo Hills,794103,273.0,0.0,114.0,387.0,2.3947368421052633,4.47192924638679
2025-04-01,Meghalaya,South Garo Hills,794107,110.0,0.0,22.0,132.0,5.0,1.7303298337698718
2025-04-01,Meghalaya,South Garo Hills,794114,208.0,0.0,0.0,208.0,,3.1475409836065573
2025-04-01,Meghalaya,South West Garo Hills,794105,765.0,0.0,179.0,944.0,4.273743016759776,12.11137962364622
2025-04-01,Meghalaya,South West Garo Hills,794106,191.0,0.0,212.0,403.0,0.9009433962264151,3.524024437352731
2025-04-01,Meghalaya,South West Garo Hills,794115,819.0,0.0,206.0,1025.0,3.9757281553398056,13.009241143240786
2025-04-01,Meghalaya,South West Khasi Hills,793106,206.0,0.0,123.0,329.0,1.6747967479674797,3.4849616907072973
2025-04-01,Meghalaya,South West Khasi Hills,793114,589.0,0.0,224.0,813.0,2.6294642857142856,9.58259480867877
2025-04-01,Meghalaya,South West Khasi Hills,793119,193.0,0.0,60.0,253.0,3.216666666666667,3.099913647298549
2025-04-01,Meghalaya,West Garo Hills,794001,216.0,0.0,194.0,410.0,1.1134020618556701,3.84852701403328
2025-04-01,Meghalaya,West Garo Hills,794002,677.0,0.0,224.0,901.0,3.0223214285714284,10.914246763281547
2025-04-01,Meghalaya,West Garo Hills,794005,291.0,0.0,126.0,417.0,2.3095238095238093,4.780184359200851
2025-04-01,Meghalaya,West Garo Hills,794101,181.0,0.0,93.0,274.0,1.946236559139785,3.0169720801727773
2025-04-01,Meghalaya,West Garo Hills,794103,682.0,0.0,272.0,954.0,2.5073529411764706,11.133395840010675
2025-04-01,Meghalaya,West Garo Hills,794104,929.0,0.0,2289.0,3218.0,0.4058540847531673,20.90054549311558
2025-04-01,Meghalaya,West Garo Hills,794105,383.0,0.0,510.0,893.0,0.7509803921568627,7.320262218935528
2025-04-01,Meghalaya,West Garo Hills,794109,344.0,0.0,566.0,910.0,0.607773851590106,6.897499824005599
2025-04-01,Meghalaya,West Jaintia Hills,793109,282.0,0.0,88.0,370.0,3.2045454545454546,4.530398780224505
2025-04-01,Meghalaya,West Jaintia Hills,793150,1549.0,0.0,569.0,2118.0,2.7223198594024605,25.14102009653446
2025-04-01,Meghalaya,West Jaintia Hills,793151,928.0,0.0,191.0,1119.0,4.858638743455497,14.613833979839852
2025-04-01,Meghalaya,West Jaintia Hills,793161,158.0,0.0,0.0,158.0,,2.390920554854981
2025-04-01,Meghalaya,West Khasi Hills,793119,3027.0,0.0,630.0,3657.0,4.804761904761905,47.68906807595381
2025-04-01,Meghalaya,West Khasi Hills,793120,1668.0,0.0,275.0,1943.0,6.065454545454545,26.062918634607634
2025-04-01,Mizoram,Champhai,796321,368.0,0.0,1573.0,1941.0,0.23394787031150668,10.270916027534478
2025-04-01,Nagaland,Chumukedima,797103,86.0,0.0,38.0,124.0,2.263157894736842,1.4149810392537725
2025-04-01,Nagaland,Dimapur,797112,783.0,0.0,1448.0,2231.0,0.5407458563535912,16.177201435511172
2025-04-01,Nagaland,Kohima,797001,385.0,0.0,742.0,1127.0,0.5188679245283019,8.044047699713122
2025-04-01,Nagaland,Kohima,797003,118.0,0.0,196.0,314.0,0.6020408163265306,2.371529600090773
2025-04-01,Nagaland,Kohima,797005,143.0,0.0,327.0,470.0,0.43730886850152906,3.1414398443596934
2025-04-01,Nagaland,Longleng,798625,369.0,0.0,248.0,617.0,1.4879032258064515,6.325208439098823
2025-04-01,Nagaland,Noklak,798626,128.0,0.0,95.0,223.0,1.3473684210526315,2.2209330521066883
2025-04-01,Nagaland,Peren,797110,544.0,0.0,460.0,1004.0,1.182608695652174,9.60711433925105
2025-04-01,Nagaland,Phek,797107,241.0,0.0,733.0,974.0,0.32878581173260574,5.838077046060962
2025-04-01,Nagaland,Phek,797108,206.0,0.0,144.0,350.0,1.4305555555555556,3.5477372680184103
2025-04-01,Nagaland,Tuensang,798612,503.0,0.0,732.0,1235.0,0.6871584699453552,9.799778779513932
2025-04-01,Odisha,Nabarangapur,764076,276.0,0.0,1814.0,2090.0,0.15214994487320838,9.59915892110673
2025-04-01,Punjab,Amritsar,143001,1114.0,0.0,5260.0,6374.0,0.211787072243346,32.581290612416225
2025-04-01,Punjab,Amritsar,143110,108.0,0.0,1175.0,1283.0,0.09191489361702128,5.146743142320428
2025-04-01,Punjab,Gurdaspur,143505,318.0,1866.0,2407.0,4591.0,0.07442078165223497,16.413001983285948
2025-04-01,Punjab,Hoshiarpur,146001,336.0,1478.0,1968.0,3782.0,0.0975043528728961,14.457010260416931
2025-04-01,Punjab,Kapurthala,144401,226.0,0.0,1457.0,1683.0,0.15511324639670557,7.775353678066235
2025-04-01,Punjab,Kapurthala,144601,446.0,0.0,1462.0,1908.0,0.30506155950752395,11.119430130599625
2025-04-01,Punjab,Ludhiana,141001,481.0,0.0,1928.0,2409.0,0.24948132780082988,13.042084384391375
2025-04-01,Punjab,Ludhiana,141003,348.0,0.0,1752.0,2100.0,0.19863013698630136,10.503354919780952
2025-04-01,Punjab,Ludhiana,141007,509.0,2206.0,2329.0,5044.0,0.11223814773980155,19.872864346859195
2025-04-01,Punjab,Ludhiana,141007,509.0,2206.0,2329.0,5044.0,0.11223814773980155,19.872864346859195
2025-04-01,Punjab,Ludhiana,141008,620.0,2518.0,2330.0,5468.0,0.12788778877887788,22.292181870115158
2025-04-01,Punjab,Ludhiana,141010,244.0,0.0,1137.0,1381.0,0.21459982409850484,7.091156806723656
2025-04-01,Punjab,Ludhiana,141012,84.0,0.0,421.0,505.0,0.1995249406175772,2.529623179730195
2025-04-01,Punjab,Ludhiana,141013,114.0,0.0,556.0,670.0,0.20503597122302158,3.387152719695437
2025-04-01,Punjab,Ludhiana,141015,228.0,0.0,956.0,1184.0,0.2384937238493724,6.307972579365464
2025-04-01,Punjab,Ludhiana,142026,131.0,0.0,721.0,852.0,0.18169209431345354,4.1376403443440015
2025-04-01,Punjab,SAS Nagar (Mohali),140301,280.0,0.0,1061.0,1341.0,0.2639019792648445,7.408735711822667
2025-04-01,Punjab,Sangrur,148001,166.0,0.0,1315.0,1481.0,0.12623574144486693,6.44292668841301
2025-04-01,Rajasthan,Ajmer,305001,665.0,3258.0,2167.0,6090.0,0.12258064516129032,24.233019495466323
2025-04-01,Rajasthan,Ajmer,305901,574.0,0.0,1405.0,1979.0,0.4085409252669039,12.88598757550207
2025-04-01,Rajasthan,Alwar,301001,844.0,3420.0,2653.0,6917.0,0.138975794500247,28.777008255322258
2025-04-01,Rajasthan,Alwar,301405,188.0,0.0,879.0,1067.0,0.21387940841865757,5.47249911955679
2025-04-01,Rajasthan,Baran,325205,307.0,1576.0,1116.0,2999.0,0.11404160475482912,11.702653202197668
2025-04-01,Rajasthan,Baran,325220,157.0,0.0,557.0,714.0,0.28186714542190305,4.040835601627084
2025-04-01,Rajasthan,Bharatpur,321204,287.0,0.0,501.0,788.0,0.5728542914171657,5.840647176884881
2025-04-01,Rajasthan,Bikaner,334001,829.0,2638.0,3220.0,6687.0,0.1415158757255036,28.398663575860496
2025-04-01,Rajasthan,Bikaner,334001,829.0,2638.0,3220.0,6687.0,0.1415158757255036,28.398663575860496
2025-04-01,Rajasthan,Bundi,323001,228.0,0.0,960.0,1188.0,0.2375,6.31992983218663
2025-04-01,Rajasthan,Bundi,323022,110.0,0.0,275.0,385.0,0.4,2.486626074708516
2025-04-01,Rajasthan,Bundi,323802,127.0,0.0,311.0,438.0,0.40836012861736337,2.851492295874531
2025-04-01,Rajasthan,Churu,331403,469.0,1571.0,1333.0,3373.0,0.16150137741046833,14.790979375198662
2025-04-01,Rajasthan,Churu,331403,469.0,1571.0,1333.0,3373.0,0.16150137741046833,14.790979375198662
2025-04-01,Rajasthan,Dholpur,328001,360.0,0.0,912.0,1272.0,0.39473684210526316,8.17392073023682
2025-04-01,Rajasthan,Dholpur,328021,401.0,1449.0,922.0,2772.0,0.1691269506537326,12.245326311186291
2025-04-01,Rajasthan,Dholpur,328021,401.0,1449.0,922.0,2772.0,0.1691269506537326,12.245326311186291
2025-04-01,Rajasthan,Dholpur,328022,327.0,0.0,757.0,1084.0,0.4319682959048877,7.21120770044066
2025-04-01,Rajasthan,Dholpur,328025,256.0,0.0,646.0,902.0,0.39628482972136225,5.80499292582611
2025-04-01,Rajasthan,Dungarpur,314030,162.0,0.0,699.0,861.0,0.2317596566523605,4.540980119653576
2025-04-01,Rajasthan,Jaipur,302001,180.0,688.0,751.0,1619.0,0.1250868658790827,6.593173242912781
2025-04-01,Rajasthan,Jaipur,302001,180.0,688.0,751.0,1619.0,0.1250868658790827,6.593173242912781
2025-04-01,Rajasthan,Jaipur,302002,457.0,0.0,1365.0,1822.0,0.3347985347985348,10.995923244011738
2025-04-01,Rajasthan,Jaipur,302003,430.0,0.0,1226.0,1656.0,0.35073409461663946,10.171833676950426
2025-04-01,Rajasthan,Jaipur,302004,294.0,0.0,798.0,1092.0,0.3684210526315789,6.834400058881554
2025-04-01,Rajasthan,Jaipur,302012,1000.0,4873.0,3194.0,9067.0,0.12396181975951406,36.18541011977174
2025-04-01,Rajasthan,Jaipur,302012,1000.0,4873.0,3194.0,9067.0,0.12396181975951406,36.18541011977174
2025-04-01,Rajasthan,Jaipur,302016,372.0,0.0,1247.0,1619.0,0.2983159582999198,9.35692955690971
2025-04-01,Rajasthan,Jaipur,302017,258.0,0.0,1007.0,1265.0,0.25620655412115195,6.914399810086255
2025-04-01,Rajasthan,Jaipur,302020,251.0,1631.0,944.0,2826.0,0.09747572815533981,10.470931249410897
2025-04-01,Rajasthan,Jaipur,303012,192.0,0.0,671.0,863.0,0.28614008941877794,4.9112516071563705
2025-04-01,Rajasthan,Jalor,307029,171.0,0.0,856.0,1027.0,0.19976635514018692,5.146493970059559
2025-04-01,Rajasthan,Jalor,343001,263.0,0.0,782.0,1045.0,0.33631713554987214,6.31746638177092
2025-04-01,Rajasthan,Jalor,343029,332.0,0.0,779.0,1111.0,0.42618741976893454,7.352634633832221
2025-04-01,Rajasthan,Jalor,343030,161.0,0.0,500.0,661.0,0.322,3.9309743832256174
2025-04-01,Rajasthan,Jalor,343032,221.0,0.0,449.0,670.0,0.4922048997772829,4.686463924257664
2025-04-01,Rajasthan,Jalor,343040,197.0,0.0,957.0,1154.0,0.2058516196447231,5.841857226744779
2025-04-01,Rajasthan,Jalor,343041,542.0,0.0,1765.0,2307.0,0.30708215297450425,13.477903255005852
2025-04-01,Rajasthan,Jalor,343049,95.0,0.0,195.0,290.0,0.48717948717948717,2.0204948896597563
2025-04-01,Rajasthan,Jhalawar,326038,173.0,664.0,479.0,1316.0,0.15135608048993876,5.617489278877449
2025-04-01,Rajasthan,Jodhpur,342001,992.0,3223.0,3304.0,7519.0,0.15198406618660948,32.49753134200165
2025-04-01,Rajasthan,Jodhpur,342301,323.0,0.0,1123.0,1446.0,0.28762243989314334,8.24476669927707
2025-04-01,Rajasthan,Jodhpur,342302,190.0,0.0,535.0,725.0,0.35514018691588783,4.47444019408672
2025-04-01,Rajasthan,Jodhpur,342303,211.0,0.0,771.0,982.0,0.27367055771725035,5.497698690611078
2025-04-01,Rajasthan,Jodhpur,342306,322.0,0.0,1150.0,1472.0,0.28,8.310345747244899
2025-04-01,Rajasthan,Jodhpur,342311,238.0,0.0,785.0,1023.0,0.30318471337579617,5.948124107011004
2025-04-01,Rajasthan,Karauli,322230,465.0,0.0,1081.0,1546.0,0.4301572617946346,10.268017562309323
2025-04-01,Rajasthan,Kota,325004,68.0,0.0,236.0,304.0,0.288135593220339,1.7344816995508396
2025-04-01,Rajasthan,Nagaur,341001,691.0,2577.0,2511.0,5779.0,0.13580974842767296,24.046947353186965
2025-04-01,Rajasthan,Nagaur,341025,182.0,0.0,712.0,894.0,0.2556179775280899,4.882489362822989
2025-04-01,Rajasthan,Pali,306421,187.0,0.0,1450.0,1637.0,0.1289655172413793,7.164264551202967
2025-04-01,Rajasthan,Sikar,332311,155.0,0.0,627.0,782.0,0.24720893141945774,4.2198227088473965
2025-04-01,Rajasthan,Sikar,332709,180.0,0.0,677.0,857.0,0.2658788774002954,4.747598583487739
2025-04-01,Rajasthan,Sirohi,307024,152.0,0.0,263.0,415.0,0.5779467680608364,3.086315476396347
2025-04-01,Rajasthan,Sirohi,307026,474.0,1276.0,2593.0,4343.0,0.12251227707417937,17.936682136306164
2025-04-01,Rajasthan,Sirohi,307026,474.0,1276.0,2593.0,4343.0,0.12251227707417937,17.936682136306164
2025-04-01,Rajasthan,Udaipur,307025,132.0,0.0,440.0,572.0,0.3,3.3127757422322386
2025-04-01,Sikkim,West Sikkim,737121,127.0,0.0,228.0,355.0,0.5570175438596491,2.603379299835371
2025-04-01,Tamil Nadu,Kancheepuram,600045,114.0,555.0,464.0,1133.0,0.11187438665358194,4.422488873761556
2025-04-01,Tamil Nadu,Kancheepuram,600100,214.0,0.0,714.0,928.0,0.29971988795518206,5.372705063634581
2025-04-01,Tamil Nadu,Madurai,625017,115.0,0.0,601.0,716.0,0.1913477537437604,3.5368042225085676
2025-04-01,Telangana,Hyderabad,500013,114.0,0.0,1079.0,1193.0,0.1056533827618165,4.950563526062673
2025-04-01,Telangana,Hyderabad,500059,192.0,1117.0,796.0,2105.0,0.1003659174072138,7.922148670106743
2025-04-01,Telangana,Hyderabad,500059,192.0,1117.0,796.0,2105.0,0.1003659174072138,7.922148670106743
2025-04-01,Telangana,K.v. Rangareddy,500005,158.0,0.0,593.0,751.0,0.26644182124789206,4.163583285592594
2025-04-01,Telangana,Medchal-malkajgiri,500072,116.0,0.0,363.0,479.0,0.31955922865013775,2.8404800882243206
2025-04-01,Tripura,West Tripura,799035,111.0,0.0,666.0,777.0,0.16666666666666666,3.670579946552362
2025-04-01,Tripura,West Tripura,799045,125.0,0.0,829.0,954.0,0.15078407720144751,4.36969171906525
2025-04-01,Uttar Pradesh,Agra,282001,1219.0,0.0,4911.0,6130.0,0.248218285481572,33.12692320414794
2025-04-01,Uttar Pradesh,Agra,283201,218.0,0.0,1274.0,1492.0,0.17111459968602827,7.107250092897714
2025-04-01,Uttar Pradesh,Aligarh,202001,1767.0,10374.0,7980.0,20121.0,0.09627329192546584,75.08666136619071
2025-04-01,Uttar Pradesh,Aligarh,202001,1767.0,10374.0,7980.0,20121.0,0.09627329192546584,75.08666136619071
2025-04-01,Uttar Pradesh,Ambedkar Nagar,224122,312.0,0.0,830.0,1142.0,0.3759036144578313,7.202441435801436
2025-04-01,Uttar Pradesh,Amroha,244221,580.0,0.0,2968.0,3548.0,0.1954177897574124,17.649078566822222
2025-04-01,Uttar Pradesh,Azamgarh,276121,313.0,0.0,474.0,787.0,0.6603375527426161,6.153378343292841
2025-04-01,Uttar Pradesh,Azamgarh,276305,276.0,0.0,899.0,1175.0,0.30700778642936594,6.863937338265385
2025-04-01,Uttar Pradesh,Baghpat,250611,553.0,2727.0,1422.0,4702.0,0.13328512894673417,19.057462340338972
2025-04-01,Uttar Pradesh,Baghpat,250611,553.0,2727.0,1422.0,4702.0,0.13328512894673417,19.057462340338972
2025-04-01,Uttar Pradesh,Bahraich,271801,374.0,0.0,1976.0,2350.0,0.18927125506072875,11.566403700716974
2025-04-01,Uttar Pradesh,Bahraich,271824,137.0,0.0,915.0,1052.0,0.14972677595628414,4.808361557620661
2025-04-01,Uttar Pradesh,Bahraich,271830,449.0,0.0,1691.0,2140.0,0.26552335895919577,11.849380080336381
2025-04-01,Uttar Pradesh,Bahraich,271851,289.0,0.0,1336.0,1625.0,0.21631736526946108,8.366988520453
2025-04-01,Uttar Pradesh,Bahraich,271855,839.0,0.0,3728.0,4567.0,0.22505364806866954,23.84025042377661
2025-04-01,Uttar Pradesh,Bahraich,271865,670.0,0.0,3856.0,4526.0,0.1737551867219917,21.66550546487354
2025-04-01,Uttar Pradesh,Bahraich,271870,99.0,0.0,746.0,845.0,0.13270777479892762,3.7281361000752704
2025-04-01,Uttar Pradesh,Bahraich,271872,72.0,0.0,480.0,552.0,0.15,2.5244037559419903
2025-04-01,Uttar Pradesh,Bahraich,271881,331.0,0.0,987.0,1318.0,0.3353596757852077,7.959279371957736
2025-04-01,Uttar Pradesh,Bahraich,271902,296.0,0.0,1837.0,2133.0,0.16113228089275994,9.970561296329054
2025-04-01,Uttar Pradesh,Bahraich,271903,257.0,0.0,1756.0,2013.0,0.14635535307517084,9.138262992274248
2025-04-01,Uttar Pradesh,Balrampur,271205,275.0,0.0,1166.0,1441.0,0.2358490566037736,7.646951555503074
2025-04-01,Uttar Pradesh,Balrampur,271208,334.0,0.0,1309.0,1643.0,0.25515660809778457,8.967235449786559
2025-04-01,Uttar Pradesh,Balrampur,271604,494.0,0.0,2407.0,2901.0,0.20523473203157458,14.670686721201214
2025-04-01,Uttar Pradesh,Banda,210001,457.0,0.0,2343.0,2800.0,0.19504908237302604,13.919471558786418
2025-04-01,Uttar Pradesh,Banda,210121,384.0,0.0,1839.0,2223.0,0.20880913539967375,11.308191877342411
2025-04-01,Uttar Pradesh,Bara Banki,225301,254.0,0.0,761.0,1015.0,0.33377135348226017,6.118499127284523
2025-04-01,Uttar Pradesh,Bareilly,243001,847.0,0.0,2151.0,2998.0,0.39377033937703393,19.247162767632826
2025-04-01,Uttar Pradesh,Bareilly,243201,1563.0,0.0,3186.0,4749.0,0.4905838041431262,33.17590647483167
2025-04-01,Uttar Pradesh,Bareilly,243503,1144.0,0.0,3398.0,4542.0,0.3366686286050618,27.469161681415173
2025-04-01,Uttar Pradesh,Bareilly,243505,710.0,0.0,1531.0,2241.0,0.4637491835401698,15.320648605573034
2025-04-01,Uttar Pradesh,Basti,272163,289.0,0.0,1146.0,1435.0,0.25218150087260033,7.799019011447694
2025-04-01,Uttar Pradesh,Budaun,243601,760.0,5531.0,2554.0,8845.0,0.09400123685837972,32.194007202397714
2025-04-01,Uttar Pradesh,Budaun,243601,760.0,5531.0,2554.0,8845.0,0.09400123685837972,32.194007202397714
2025-04-01,Uttar Pradesh,Bulandshahr,203001,704.0,3355.0,2626.0,6685.0,0.11770606921919412,26.42429483614536
2025-04-01,Uttar Pradesh,Bulandshahr,203001,704.0,3355.0,2626.0,6685.0,0.11770606921919412,26.42429483614536
2025-04-01,Uttar Pradesh,Bulandshahr,203205,484.0,0.0,1413.0,1897.0,0.34253361641896674,11.54798530939156
2025-04-01,Uttar Pradesh,Chandauli,232101,428.0,0.0,1802.0,2230.0,0.23751387347391786,11.863413266048026
2025-04-01,Uttar Pradesh,Etah,207001,1091.0,0.0,5423.0,6514.0,0.2011801585838097,32.720503267652944
2025-04-01,Uttar Pradesh,Etawah,206001,590.0,2446.0,2165.0,5201.0,0.12795489047928865,21.17498119747837
2025-04-01,Uttar Pradesh,Etawah,206001,590.0,2446.0,2165.0,5201.0,0.12795489047928865,21.17498119747837
2025-04-01,Uttar Pradesh,Fatehpur,212635,312.0,0.0,1077.0,1389.0,0.28969359331476324,7.9408017975083345
2025-04-01,Uttar Pradesh,Gautam Buddha Nagar,201301,1160.0,0.0,3329.0,4489.0,0.3484529888855512,27.50501760745059
2025-04-01,Uttar Pradesh,Gautam Buddha Nagar,201306,460.0,3312.0,1047.0,4819.0,0.10552879100711172,17.910338750043454
2025-04-01,Uttar Pradesh,Gautam Buddha Nagar,201306,460.0,3312.0,1047.0,4819.0,0.10552879100711172,17.910338750043454
2025-04-01,Uttar Pradesh,Gautam Buddha Nagar,201310,359.0,0.0,573.0,932.0,0.6265270506108203,7.145411145068109
2025-04-01,Uttar Pradesh,Gautam Buddha Nagar,203207,512.0,2710.0,2069.0,5291.0,0.10713538397154217,20.330982294798268
2025-04-01,Uttar Pradesh,Gonda,271311,118.0,0.0,782.0,900.0,0.15089514066496162,4.123267138391348
2025-04-01,Uttar Pradesh,Gonda,271503,366.0,0.0,1361.0,1727.0,0.2689199118295371,9.606916810862705
2025-04-01,Uttar Pradesh,Gonda,271504,218.0,0.0,974.0,1192.0,0.22381930184804927,6.210456131310389
2025-04-01,Uttar Pradesh,Gorakhpur,273001,271.0,0.0,1027.0,1298.0,0.2638753651411879,7.170907385667487
2025-04-01,Uttar Pradesh,Gorakhpur,273007,203.0,0.0,802.0,1005.0,0.25311720698254364,5.469308131374849
2025-04-01,Uttar Pradesh,Gorakhpur,273008,178.0,0.0,518.0,696.0,0.3436293436293436,4.242032966696393
2025-04-01,Uttar Pradesh,Gorakhpur,273015,300.0,0.0,1018.0,1318.0,0.29469548133595286,7.582843415495781
2025-04-01,Uttar Pradesh,Gorakhpur,273016,239.0,0.0,1124.0,1363.0,0.21263345195729538,6.976633692179714
2025-04-01,Uttar Pradesh,Jalaun,285203,103.0,0.0,644.0,747.0,0.15993788819875776,3.483755787435706
2025-04-01,Uttar Pradesh,Jalaun,285205,246.0,0.0,1056.0,1302.0,0.23295454545454544,6.879287254245139
2025-04-01,Uttar Pradesh,Jaunpur,222001,761.0,0.0,2234.0,2995.0,0.3406445837063563,18.193888626219273
2025-04-01,Uttar Pradesh,Jaunpur,222132,123.0,0.0,322.0,445.0,0.38198757763975155,2.8238451068326063
2025-04-01,Uttar Pradesh,Jaunpur,222139,388.0,0.0,954.0,1342.0,0.40670859538784065,8.723179324959926
2025-04-01,Uttar Pradesh,Jaunpur,223104,254.0,0.0,544.0,798.0,0.46691176470588236,5.469818161736358
2025-04-01,Uttar Pradesh,Kanpur Dehat,209204,162.0,0.0,312.0,474.0,0.5192307692307693,3.384115909205926
2025-04-01,Uttar Pradesh,Kanpur Dehat,209303,336.0,0.0,861.0,1197.0,0.3902439024390244,7.6582879509662165
2025-04-01,Uttar Pradesh,Kanpur Dehat,209306,318.0,0.0,988.0,1306.0,0.32186234817813764,7.7655473736876175
2025-04-01,Uttar Pradesh,Kanpur Dehat,209307,92.0,0.0,502.0,594.0,0.18326693227091634,2.892816817959025
2025-04-01,Uttar Pradesh,Kanpur Nagar,208001,832.0,0.0,3418.0,4250.0,0.24341720304271502,22.807636470111156
2025-04-01,Uttar Pradesh,Kanpur Nagar,208002,148.0,0.0,707.0,855.0,0.20933521923620935,4.353040905245463
2025-04-01,Uttar Pradesh,Kanpur Nagar,208003,78.0,0.0,350.0,428.0,0.22285714285714286,2.226587490704339
2025-04-01,Uttar Pradesh,Kanpur Nagar,208004,133.0,0.0,595.0,728.0,0.2235294117647059,3.7912516976273882
2025-04-01,Uttar Pradesh,Kanpur Nagar,208007,191.0,0.0,691.0,882.0,0.276410998552822,4.955905462687161
2025-04-01,Uttar Pradesh,Kanpur Nagar,208011,252.0,0.0,903.0,1155.0,0.27906976744186046,6.512716785285794
2025-04-01,Uttar Pradesh,Kanpur Nagar,208020,156.0,0.0,496.0,652.0,0.31451612903225806,3.843355087529296
2025-04-01,Uttar Pradesh,Kanpur Nagar,208021,354.0,2464.0,1459.0,4277.0,0.09023706347183279,15.535775584963629
2025-04-01,Uttar Pradesh,Kanpur Nagar,208021,354.0,2464.0,1459.0,4277.0,0.09023706347183279,15.535775584963629
2025-04-01,Uttar Pradesh,Kanpur Nagar,208027,319.0,0.0,898.0,1217.0,0.35523385300668153,7.51164159378645
2025-04-01,Uttar Pradesh,Kanpur Nagar,209214,241.0,0.0,537.0,778.0,0.44878957169459965,5.252171657823909
2025-04-01,Uttar Pradesh,Kanpur Nagar,209401,136.0,0.0,494.0,630.0,0.27530364372469635,3.534728289618083
2025-04-01,Uttar Pradesh,Kanpur Nagar,209402,150.0,0.0,439.0,589.0,0.3416856492027335,3.5821697833775143
2025-04-01,Uttar Pradesh,Kaushambi,212203,154.0,0.0,707.0,861.0,0.21782178217821782,4.4438353566956525
2025-04-01,Uttar Pradesh,Kaushambi,212213,113.0,0.0,647.0,760.0,0.17465224111282843,3.6440478128018943
2025-04-01,Uttar Pradesh,Kheri,261505,794.0,0.0,1594.0,2388.0,0.4981179422835634,16.78009765780902
2025-04-01,Uttar Pradesh,Kheri,262903,170.0,0.0,799.0,969.0,0.2127659574468085,4.960970708782936
2025-04-01,Uttar Pradesh,Kheri,262907,138.0,0.0,484.0,622.0,0.28512396694214875,3.5350999747152363
2025-04-01,Uttar Pradesh,Lucknow,226003,594.0,0.0,3190.0,3784.0,0.18620689655172415,18.524559818447283
2025-04-01,Uttar Pradesh,Lucknow,226005,198.0,0.0,751.0,949.0,0.2636484687083888,5.241191115029846
2025-04-01,Uttar Pradesh,Lucknow,226010,290.0,0.0,1015.0,1305.0,0.2857142857142857,7.422551390129593
2025-04-01,Uttar Pradesh,Lucknow,226016,361.0,1475.0,1137.0,2973.0,0.138208269525268,12.34411821217446
2025-04-01,Uttar Pradesh,Lucknow,226016,361.0,1475.0,1137.0,2973.0,0.138208269525268,12.34411821217446
2025-04-01,Uttar Pradesh,Lucknow,226017,389.0,1639.0,1415.0,3443.0,0.12737393582187295,13.986058123180994
2025-04-01,Uttar Pradesh,Lucknow,226018,125.0,0.0,631.0,756.0,0.19809825673534073,3.777807704417615
2025-04-01,Uttar Pradesh,Lucknow,226020,366.0,0.0,1309.0,1675.0,0.27960275019098546,9.451472524187569
2025-04-01,Uttar Pradesh,Lucknow,226021,290.0,0.0,1150.0,1440.0,0.25217391304347825,7.8261086728438904
2025-04-01,Uttar Pradesh,Maharajganj,273164,724.0,0.0,1201.0,1925.0,0.6028309741881765,14.546028967877417
2025-04-01,Uttar Pradesh,Maharajganj,273303,492.0,0.0,1898.0,2390.0,0.25922023182297155,13.118861482557989
2025-04-01,Uttar Pradesh,Maharajganj,273304,383.0,0.0,808.0,1191.0,0.474009900990099,8.21107755411227
2025-04-01,Uttar Pradesh,Maharajganj,273305,330.0,0.0,530.0,860.0,0.6226415094339622,6.578030828564678
2025-04-01,Uttar Pradesh,Mainpuri,205247,178.0,0.0,249.0,427.0,0.714859437751004,3.4379077144730914
2025-04-01,Uttar Pradesh,Mainpuri,205261,134.0,0.0,492.0,626.0,0.27235772357723576,3.498484846057438
2025-04-01,Uttar Pradesh,Mainpuri,205262,241.0,0.0,375.0,616.0,0.6426666666666667,4.7679029185667545
2025-04-01,Uttar Pradesh,Mainpuri,205264,154.0,0.0,360.0,514.0,0.42777777777777776,3.406543674459646
2025-04-01,Uttar Pradesh,Meerut,250001,867.0,0.0,3441.0,4308.0,0.25196163905841323,23.406024973958957
2025-04-01,Uttar Pradesh,Meerut,250002,1186.0,0.0,6008.0,7194.0,0.1974034620505992,35.906830307376225
2025-04-01,Uttar Pradesh,Moradabad,244001,2044.0,0.0,11612.0,13656.0,0.17602480192903894,65.64254806720452
2025-04-01,Uttar Pradesh,Muzaffarnagar,251001,636.0,3593.0,3285.0,7514.0,0.09246874091305612,27.927165584358494
2025-04-01,Uttar Pradesh,Muzaffarnagar,251002,379.0,0.0,1747.0,2126.0,0.2169433314253005,10.957513019580473
2025-04-01,Uttar Pradesh,Pilibhit,262122,878.0,0.0,5956.0,6834.0,0.14741437206178643,31.09060417959138
2025-04-01,Uttar Pradesh,Rampur,244901,1246.0,6749.0,6887.0,14882.0,0.09137577002053388,55.37674543106432
2025-04-01,Uttar Pradesh,Saharanpur,247001,1591.0,7293.0,8239.0,17123.0,0.1024336852948751,65.92335985221162
2025-04-01,Uttar Pradesh,Saharanpur,247001,1591.0,7293.0,8239.0,17123.0,0.1024336852948751,65.92335985221162
2025-04-01,Uttar Pradesh,Saharanpur,247341,470.0,0.0,1436.0,1906.0,0.32729805013927576,11.404885793062816
2025-04-01,Uttar Pradesh,Shahjahanpur,242001,1127.0,0.0,4627.0,5754.0,0.24357034795763993,30.885776664942377
2025-04-01,Uttar Pradesh,Shahjahanpur,242127,443.0,0.0,1158.0,1601.0,0.38255613126079446,10.16528169046604
2025-04-01,Uttar Pradesh,Shahjahanpur,242221,747.0,0.0,1764.0,2511.0,0.42346938775510207,16.577057699682022
2025-04-01,Uttar Pradesh,Shamli,247776,537.0,2942.0,2785.0,6264.0,0.09376636982713463,23.39739191514819
2025-04-01,Uttar Pradesh,Shamli,247776,537.0,2942.0,2785.0,6264.0,0.09376636982713463,23.39739191514819
2025-04-01,Uttar Pradesh,Shrawasti,271831,525.0,0.0,2059.0,2584.0,0.25497814473045166,14.099510391585893
2025-04-01,Uttar Pradesh,Siddharthnagar,272153,773.0,0.0,1942.0,2715.0,0.398043254376931,17.502598073174656
2025-04-01,Uttar Pradesh,Siddharthnagar,272192,534.0,0.0,1891.0,2425.0,0.28239026969857217,13.733497450272274
2025-04-01,Uttar Pradesh,Siddharthnagar,272206,571.0,0.0,892.0,1463.0,0.6401345291479821,11.30707267546265
2025-04-01,Uttar Pradesh,Sitapur,261201,864.0,0.0,3630.0,4494.0,0.23801652892561984,23.925607944033874
2025-04-01,Uttar Pradesh,Sitapur,261203,670.0,0.0,2050.0,2720.0,0.32682926829268294,16.266805816117845
2025-04-01,Uttar Pradesh,Sitapur,261204,496.0,0.0,2423.0,2919.0,0.20470491126702434,14.748780549635935
2025-04-01,Uttar Pradesh,Sitapur,261205,640.0,0.0,3037.0,3677.0,0.2107342772472835,18.7632856924892
2025-04-01,Uttar Pradesh,Sitapur,261208,398.0,0.0,2048.0,2446.0,0.1943359375,12.144812057298687
2025-04-01,Uttar Pradesh,Sultanpur,228001,480.0,0.0,1434.0,1914.0,0.33472803347280333,11.550231252402549
2025-04-01,Uttar Pradesh,Unnao,209801,1171.0,0.0,4077.0,5248.0,0.28722099583026733,29.907480379333666
2025-04-01,Uttar Pradesh,Unnao,209861,343.0,0.0,1163.0,1506.0,0.29492691315563196,8.666987398989345
2025-04-01,Uttar Pradesh,Varanasi,221001,846.0,0.0,3389.0,4235.0,0.24963115963411037,22.932800107208156
2025-04-01,Uttar Pradesh,Varanasi,221002,332.0,0.0,1339.0,1671.0,0.2479462285287528,9.02665002879523
2025-04-01,Uttar Pradesh,Varanasi,221011,163.0,0.0,741.0,904.0,0.21997300944669365,4.681663682850832
2025-04-01,Uttarakhand,Dehradun,248001,674.0,0.0,4301.0,4975.0,0.15670774238549173,23.056279475528203
2025-04-01,Uttarakhand,Nainital,263139,602.0,3757.0,2291.0,6650.0,0.09953703703703703,24.828489766582813
2025-04-01,Uttarakhand,Nainital,263139,602.0,3757.0,2291.0,6650.0,0.09953703703703703,24.828489766582813
2025-04-01,West Bengal,Alipurduar,735204,70.0,0.0,74.0,144.0,0.9459459459459459,1.280477777443747
2025-04-01,West Bengal,Cooch Behar,736135,390.0,0.0,392.0,782.0,0.9948979591836735,7.073450120736399
2025-04-01,West Bengal,Cooch Behar,736145,95.0,0.0,146.0,241.0,0.6506849315068494,1.8740185426004932
2025-04-01,West Bengal,Darjeeling,734003,187.0,0.0,455.0,642.0,0.41098901098901097,4.189897911938338
2025-04-01,West Bengal,Darjeeling,734010,147.0,0.0,293.0,440.0,0.5017064846416383,3.1003328296799215
2025-04-01,West Bengal,Darjeeling,734013,80.0,0.0,100.0,180.0,0.8,1.5095240065316307
2025-04-01,West Bengal,Darjeeling,734014,132.0,0.0,319.0,451.0,0.41379310344827586,2.9510688443920174
2025-04-01,West Bengal,Darjeeling,734429,112.0,0.0,277.0,389.0,0.4043321299638989,2.5228695182691614
2025-04-01,West Bengal,Jalpaiguri,735132,99.0,0.0,187.0,286.0,0.5294117647058824,2.057110018317554
2025-04-01,West Bengal,Jalpaiguri,735135,193.0,0.0,449.0,642.0,0.4298440979955457,4.262756484156781
2025-04-01,West Bengal,Malda,732124,396.0,0.0,615.0,1011.0,0.6439024390243903,7.8308614169665
2025-04-01,West Bengal,Nadia,741502,248.0,0.0,461.0,709.0,0.5379609544468547,5.130910714247008
2025-04-01,West Bengal,North 24 Parganas,700102,77.0,0.0,359.0,436.0,0.21448467966573817,2.238358900976927
2025-04-01,West Bengal,North 24 Parganas,700136,78.0,0.0,207.0,285.0,0.37681159420289856,1.7991157023477138
2025-04-01,West Bengal,North 24 Parganas,700159,77.0,0.0,318.0,395.0,0.24213836477987422,2.115797059559992
2025-04-01,West Bengal,Uttar Dinajpur,733123,197.0,0.0,272.0,469.0,0.7242647058823529,3.794177681120386
2025-04-01,West Bengal,Uttar Dinajpur,733129,498.0,0.0,582.0,1080.0,0.8556701030927835,9.27571975584511
2025-04-01,West Bengal,Uttar Dinajpur,733134,620.0,2831.0,967.0,4418.0,0.16324381253291206,18.95673982586603
2025-04-01,West Bengal,Uttar Dinajpur,733134,620.0,2831.0,967.0,4418.0,0.16324381253291206,18.95673982586603
2025-04-01,West Bengal,Uttar Dinajpur,733156,398.0,1392.0,495.0,2285.0,0.21091679915209327,10.788915555395931
2025-05-01,Assam,Baksa,781372,82.0,0.0,203.0,285.0,0.4039408866995074,1.8476880838266752
2025-05-01,Assam,Barpeta,781309,183.0,0.0,799.0,982.0,0.22903629536921152,5.157692020258346
2025-05-01,Assam,Bongaigaon,783384,166.0,0.0,1007.0,1173.0,0.16484607745779542,5.522218221183356
2025-05-01,Assam,Darrang,784145,448.0,0.0,408.0,856.0,1.0980392156862746,7.998958829372886
2025-05-01,Assam,Dhemaji,787057,121.0,0.0,240.0,361.0,0.5041666666666667,2.5484566068486747
2025-05-01,Assam,Dhemaji,787059,233.0,0.0,422.0,655.0,0.5521327014218009,4.787341370615183
2025-05-01,Assam,Dhemaji,787060,135.0,0.0,301.0,436.0,0.4485049833887043,2.9426584324218727
2025-05-01,Assam,Dibrugarh,786001,91.0,0.0,418.0,509.0,0.21770334928229665,2.626582100139542
2025-05-01,Assam,Dibrugarh,786602,66.0,0.0,131.0,197.0,0.5038167938931297,1.3903389958452128
2025-05-01,Assam,Dibrugarh,786610,84.0,0.0,149.0,233.0,0.5637583892617449,1.7165299878910196
2025-05-01,Assam,Goalpara,783101,231.0,0.0,334.0,565.0,0.6916167664670658,4.494016991399505
2025-05-01,Assam,Goalpara,783120,94.0,0.0,162.0,256.0,0.5802469135802469,1.9067151453101192
2025-05-01,Assam,Goalpara,783129,323.0,0.0,428.0,751.0,0.7546728971962616,6.167194021599768
2025-05-01,Assam,Goalpara,783132,80.0,0.0,115.0,195.0,0.6956521739130435,1.5543637046109968
2025-05-01,Assam,Golaghat,785601,379.0,0.0,422.0,801.0,0.8981042654028436,6.9966730225697855
2025-05-01,Assam,Golaghat,785602,177.0,0.0,74.0,251.0,2.391891891891892,2.89964549497212
2025-05-01,Assam,Golaghat,785603,85.0,0.0,46.0,131.0,1.8478260869565217,1.4237631363210697
2025-05-01,Assam,Golaghat,785609,93.0,0.0,0.0,93.0,,1.4073139974779318
2025-05-01,Assam,Golaghat,785612,360.0,0.0,135.0,495.0,2.6666666666666665,5.851224369725646
2025-05-01,Assam,Golaghat,785614,253.0,0.0,183.0,436.0,1.3825136612021858,4.375543686051245
2025-05-01,Assam,Golaghat,785615,84.0,0.0,32.0,116.0,2.625,1.366780342871963
2025-05-01,Assam,Golaghat,785621,112.0,0.0,112.0,224.0,1.0,2.0296328393961325
2025-05-01,Assam,Golaghat,785702,205.0,0.0,86.0,291.0,2.383720930232558,3.359224693536496
2025-05-01,Assam,Golaghat,785705,115.0,0.0,142.0,257.0,0.8098591549295775,2.164709461279959
2025-05-01,Assam,Kamrup,781102,162.0,0.0,459.0,621.0,0.35294117647058826,3.823544950383715
2025-05-01,Assam,Kamrup,781103,71.0,0.0,161.0,232.0,0.4409937888198758,1.5556804348791027
2025-05-01,Assam,Kamrup,781123,71.0,0.0,174.0,245.0,0.40804597701149425,1.594541506547887
2025-05-01,Assam,Kamrup,781127,138.0,0.0,363.0,501.0,0.38016528925619836,3.173393076875014
2025-05-01,Assam,Kamrup,781136,496.0,0.0,461.0,957.0,1.0759219088937093,8.883748040854828
2025-05-01,Assam,Kamrup,781137,232.0,0.0,248.0,480.0,0.9354838709677419,4.252068464319503
2025-05-01,Assam,Kamrup,781141,140.0,0.0,158.0,298.0,0.8860759493670886,2.590848686940405
2025-05-01,Assam,Kamrup,781354,156.0,0.0,552.0,708.0,0.2826086956521739,4.0107566270255965
2025-05-01,Assam,Kamrup,781366,87.0,0.0,168.0,255.0,0.5178571428571429,1.8187241645166448
2025-05-01,Assam,Kamrup Metro,781012,73.0,0.0,194.0,267.0,0.37628865979381443,1.6845925878037717
2025-05-01,Assam,Kamrup Metro,782402,89.0,0.0,298.0,387.0,0.2986577181208054,2.237599698354549
2025-05-01,Assam,Karbi Anglong,782441,446.0,0.0,554.0,1000.0,0.8050541516245487,8.405133740195321
2025-05-01,Assam,Karbi Anglong,782460,340.0,0.0,229.0,569.0,1.48471615720524,5.829571639522378
2025-05-01,Assam,Karbi Anglong,782461,247.0,0.0,144.0,391.0,1.7152777777777777,4.168166019594702
2025-05-01,Assam,Karbi Anglong,782470,242.0,0.0,206.0,448.0,1.174757281553398,4.2778413954475925
2025-05-01,Assam,Karbi Anglong,782480,751.0,0.0,747.0,1498.0,1.0053547523427042,13.597455804201116
2025-05-01,Assam,Karbi Anglong,782482,132.0,0.0,489.0,621.0,0.26993865030674846,3.459252089291502
2025-05-01,Assam,Karimganj,788709,99.0,0.0,78.0,177.0,1.2692307692307692,1.7312748789408257
2025-05-01,Assam,Karimganj,788712,200.0,0.0,126.0,326.0,1.5873015873015872,3.403135178872982
2025-05-01,Assam,Karimganj,788722,94.0,0.0,154.0,248.0,0.6103896103896104,1.8828006396677903
2025-05-01,Assam,Karimganj,788724,227.0,0.0,214.0,441.0,1.060747663551402,4.074769772464448
2025-05-01,Assam,Kokrajhar,783360,266.0,714.0,487.0,1467.0,0.22148209825145712,7.166767599020493
2025-05-01,Assam,Kokrajhar,783360,266.0,714.0,487.0,1467.0,0.22148209825145712,7.166767599020493
2025-05-01,Assam,Kokrajhar,783370,252.0,0.0,581.0,833.0,0.43373493975903615,5.5501579331820645
2025-05-01,Assam,Lakhimpur,784160,66.0,0.0,200.0,266.0,0.33,1.5966016070102977
2025-05-01,Assam,Lakhimpur,787031,127.0,0.0,517.0,644.0,0.24564796905222436,3.467290816164495
2025-05-01,Assam,Lakhimpur,787032,118.0,0.0,330.0,448.0,0.3575757575757576,2.772097569599778
2025-05-01,Assam,Lakhimpur,787052,90.0,0.0,205.0,295.0,0.43902439024390244,1.9747259788375098
2025-05-01,Assam,Lakhimpur,787055,288.0,0.0,304.0,592.0,0.9473684210526315,5.266884884017569
2025-05-01,Assam,Marigaon,782410,124.0,0.0,172.0,296.0,0.7209302325581395,2.3905805346139757
2025-05-01,Assam,Marigaon,782411,254.0,0.0,204.0,458.0,1.2450980392156863,4.453451671937389
2025-05-01,Assam,Nalbari,781126,163.0,0.0,252.0,415.0,0.6468253968253969,3.2198895254634916
2025-05-01,Assam,Nalbari,781369,83.0,0.0,146.0,229.0,0.5684931506849316,1.6924296397001148
2025-05-01,Assam,North Cachar Hills,788819,77.0,0.0,132.0,209.0,0.5833333333333334,1.5597848033758508
2025-05-01,Assam,Sibsagar,785640,80.0,0.0,108.0,188.0,0.7407407407407407,1.533438512173959
2025-05-01,Assam,Sibsagar,785685,99.0,0.0,172.0,271.0,0.5755813953488372,2.0122703202381875
2025-05-01,Assam,Sonitpur,784182,253.0,0.0,320.0,573.0,0.790625,4.785079595176123
2025-05-01,Assam,Tinsukia,786125,105.0,0.0,241.0,346.0,0.43568464730290457,2.3093273828534615
2025-05-01,Assam,Tinsukia,786170,65.0,0.0,122.0,187.0,0.5327868852459017,1.3483027684225615
2025-05-01,Assam,Tinsukia,786171,124.0,0.0,106.0,230.0,1.169811320754717,2.193285863064764
2025-05-01,Assam,Tinsukia,786181,68.0,0.0,65.0,133.0,1.0461538461538462,1.2233091414460642
2025-05-01,Assam,Tinsukia,786182,127.0,0.0,72.0,199.0,1.7638888888888888,2.137046439809962
2025-05-01,Assam,Udalguri,784113,83.0,0.0,29.0,112.0,2.8620689655172415,1.342679994681058
2025-05-01,Assam,Udalguri,784114,83.0,0.0,162.0,245.0,0.5123456790123457,1.7402586509847724
2025-05-01,Assam,Udalguri,784190,73.0,0.0,81.0,154.0,0.9012345679012346,1.3468001956058793
2025-05-01,Assam,Udalguri,784507,112.0,0.0,133.0,245.0,0.8421052631578947,2.0924084167072454
2025-05-01,Assam,Udalguri,784514,92.0,0.0,146.0,238.0,0.6301369863013698,1.8286213168753986
2025-05-01,Assam,Udalguri,784525,104.0,0.0,282.0,386.0,0.36879432624113473,2.4167568156953645
2025-05-01,Assam,West Karbi Anglong,782486,266.0,0.0,179.0,445.0,1.4860335195530727,4.56030774470549
2025-05-01,Bihar,Arwal,804401,209.0,0.0,429.0,638.0,0.48717948717948717,4.445088757251464
2025-05-01,Bihar,Bhagalpur,812005,641.0,0.0,1141.0,1782.0,0.5617879053461875,13.110680263832336
2025-05-01,Bihar,Bhagalpur,813209,484.0,0.0,1039.0,1523.0,0.465832531280077,10.429982170612695
2025-05-01,Bihar,Bhagalpur,813210,572.0,0.0,1084.0,1656.0,0.5276752767527675,11.896153219453568
2025-05-01,Bihar,Bhagalpur,853201,246.0,0.0,599.0,845.0,0.41068447412353926,5.513171119427114
2025-05-01,Bihar,Bhagalpur,853204,620.0,0.0,1395.0,2015.0,0.4444444444444444,13.552185237900607
2025-05-01,Bihar,Bhagalpur,853205,385.0,0.0,413.0,798.0,0.9322033898305084,7.060563655172356
2025-05-01,Bihar,East Champaran,845301,478.0,0.0,1127.0,1605.0,0.4241348713398403,10.602247281228122
2025-05-01,Bihar,East Champaran,845302,619.0,0.0,1124.0,1743.0,0.550711743772242,12.726948950691694
2025-05-01,Bihar,East Champaran,845303,734.0,0.0,910.0,1644.0,0.8065934065934066,13.827462910888027
2025-05-01,Bihar,East Champaran,845304,288.0,0.0,660.0,948.0,0.43636363636363634,6.331080385101195
2025-05-01,Bihar,East Champaran,845305,353.0,0.0,1011.0,1364.0,0.34915924826904055,8.363935877535415
2025-05-01,Bihar,East Champaran,845401,897.0,0.0,1986.0,2883.0,0.4516616314199396,19.510546517511372
2025-05-01,Bihar,East Champaran,845415,581.0,0.0,1018.0,1599.0,0.5707269155206287,11.835050225079641
2025-05-01,Bihar,East Champaran,845433,558.0,0.0,966.0,1524.0,0.577639751552795,11.331560541178778
2025-05-01,Bihar,Gaya,805131,227.0,0.0,661.0,888.0,0.3434190620272315,5.4109927752295635
2025-05-01,Bihar,Gaya,823001,628.0,0.0,1130.0,1758.0,0.5557522123893806,12.881076507098724
2025-05-01,Bihar,Gaya,824232,729.0,0.0,2303.0,3032.0,0.3165436387320886,17.915914162983352
2025-05-01,Bihar,Gaya,824235,285.0,0.0,423.0,708.0,0.6737588652482269,5.577215929722114
2025-05-01,Bihar,Gaya,824236,448.0,0.0,687.0,1135.0,0.6521106259097526,8.832977213649098
2025-05-01,Bihar,Gopalganj,841405,405.0,0.0,1331.0,1736.0,0.304282494365139,10.107401349130201
2025-05-01,Bihar,Gopalganj,841428,502.0,0.0,1391.0,1893.0,0.36089144500359455,11.754603773225725
2025-05-01,Bihar,Jamui,811307,550.0,0.0,1347.0,1897.0,0.4083147735708983,12.34942960379443
2025-05-01,Bihar,Kaimur (Bhabua),821108,382.0,0.0,977.0,1359.0,0.390992835209826,8.701139077231431
2025-05-01,Bihar,Kaimur (Bhabua),821109,555.0,0.0,1361.0,1916.0,0.40778839088905217,12.466942031543663
2025-05-01,Bihar,Katihar,854105,495.0,0.0,1553.0,2048.0,0.31873792659368966,12.132945652457659
2025-05-01,Bihar,Madhubani,847108,605.0,0.0,1441.0,2046.0,0.4198473282442748,13.462707516718526
2025-05-01,Bihar,Madhubani,847226,613.0,0.0,2023.0,2636.0,0.3030153237765695,15.323547070798188
2025-05-01,Bihar,Madhubani,847232,324.0,0.0,898.0,1222.0,0.36080178173719374,7.587303636661609
2025-05-01,Bihar,Madhubani,847305,113.0,0.0,272.0,385.0,0.41544117647058826,2.5230553608177373
2025-05-01,Bihar,Madhubani,847421,316.0,0.0,553.0,869.0,0.5714285714285714,6.434931312235931
2025-05-01,Bihar,Muzaffarpur,842001,347.0,0.0,1032.0,1379.0,0.33624031007751937,8.335917003396338
2025-05-01,Bihar,Muzaffarpur,842002,477.0,0.0,1121.0,1598.0,0.4255129348795718,10.569178993421344
2025-05-01,Bihar,Muzaffarpur,842004,223.0,0.0,711.0,934.0,0.3136427566807314,5.499928801193992
2025-05-01,Bihar,Muzaffarpur,843103,440.0,0.0,950.0,1390.0,0.4631578947368421,9.498107318040402
2025-05-01,Bihar,Muzaffarpur,843108,187.0,0.0,406.0,593.0,0.4605911330049261,4.0434215648790754
2025-05-01,Bihar,Muzaffarpur,843109,451.0,0.0,1072.0,1523.0,0.4207089552238806,10.02926002341126
2025-05-01,Bihar,Muzaffarpur,843111,784.0,0.0,1266.0,2050.0,0.6192733017377567,15.64827884072323
2025-05-01,Bihar,Muzaffarpur,843113,435.0,0.0,930.0,1365.0,0.46774193548387094,9.362659011059423
2025-05-01,Bihar,Muzaffarpur,843119,645.0,0.0,1238.0,1883.0,0.5210016155088854,13.461173279045695
2025-05-01,Bihar,Muzaffarpur,843128,377.0,0.0,1226.0,1603.0,0.3075040783034258,9.369816022473753
2025-05-01,Bihar,Patna,800001,374.0,0.0,955.0,1329.0,0.39162303664921466,8.514314918114776
2025-05-01,Bihar,Patna,800111,100.0,0.0,257.0,357.0,0.38910505836575876,2.2814943512629613
2025-05-01,Bihar,Saharsa,852127,642.0,0.0,1651.0,2293.0,0.38885523924894005,14.65036240710582
2025-05-01,Bihar,Sitamarhi,843302,1188.0,5096.0,2530.0,8814.0,0.15578284815106216,37.571901147486
2025-05-01,Bihar,Sitamarhi,843302,1188.0,5096.0,2530.0,8814.0,0.15578284815106216,37.571901147486
2025-05-01,Bihar,Sitamarhi,843313,239.0,0.0,573.0,812.0,0.41710296684118675,5.329522116064326
2025-05-01,Bihar,Sitamarhi,843315,233.0,0.0,577.0,810.0,0.4038128249566724,5.250684917435302
2025-05-01,Bihar,Sitamarhi,843317,705.0,0.0,1227.0,1932.0,0.5745721271393643,14.336235348289387
2025-05-01,Bihar,Sitamarhi,843319,232.0,0.0,636.0,868.0,0.36477987421383645,5.411921987972444
2025-05-01,Bihar,Sitamarhi,843324,1124.0,0.0,1798.0,2922.0,0.625139043381535,22.383612381448803
2025-05-01,Bihar,Sitamarhi,843327,379.0,0.0,990.0,1369.0,0.38282828282828285,8.694602923175122
2025-05-01,Bihar,Sitamarhi,843330,397.0,0.0,759.0,1156.0,0.5230566534914362,8.27645492710345
2025-05-01,Bihar,Sitamarhi,843331,900.0,0.0,1886.0,2786.0,0.47720042417815484,19.257012422707355
2025-05-01,Bihar,Sitamarhi,843332,299.0,0.0,732.0,1031.0,0.40846994535519127,6.7127674302075
2025-05-01,Bihar,Siwan,841226,665.0,0.0,1605.0,2270.0,0.4143302180685358,14.860899396888156
2025-05-01,Bihar,West Champaran,845106,531.0,0.0,1437.0,1968.0,0.3695198329853862,12.33095202934503
2025-05-01,Bihar,West Champaran,845306,452.0,0.0,627.0,1079.0,0.7208931419457735,8.71414805563176
2025-05-01,Bihar,West Champaran,845307,455.0,0.0,1103.0,1558.0,0.4125113327289211,10.182458367075412
2025-05-01,Bihar,West Champaran,845438,1202.0,0.0,2400.0,3602.0,0.5008333333333334,25.363506799886498
2025-05-01,Bihar,West Champaran,845449,806.0,0.0,1086.0,1892.0,0.7421731123388582,15.443115452421527
2025-05-01,Bihar,West Champaran,845454,774.0,0.0,1476.0,2250.0,0.524390243902439,16.12471052808404
2025-05-01,Bihar,West Champaran,845455,746.0,0.0,1617.0,2363.0,0.4613481756338899,16.1224962499292
2025-05-01,Chhattisgarh,Baloda Bazar,493118,544.0,2862.0,2723.0,6129.0,0.09740376007162041,23.12910164920891
2025-05-01,Chhattisgarh,Bijapur,494444,372.0,0.0,1203.0,1575.0,0.3092269326683292,9.225399775876902
2025-05-01,Chhattisgarh,Bijapur,494447,238.0,0.0,718.0,956.0,0.33147632311977715,5.747840122256501
2025-05-01,Chhattisgarh,Sukma,494122,252.0,0.0,336.0,588.0,0.75,4.817776197885749
2025-05-01,Delhi,Central Delhi,110003,85.0,0.0,710.0,795.0,0.11971830985915492,3.4086671046343495
2025-05-01,Delhi,Central Delhi,110055,248.0,1457.0,1150.0,2855.0,0.09512850019179134,10.630519180736481
2025-05-01,Delhi,East Delhi,110051,271.0,2405.0,1474.0,4150.0,0.06986336684712555,14.185326587228491
2025-05-01,Delhi,East Delhi,110051,271.0,2405.0,1474.0,4150.0,0.06986336684712555,14.185326587228491
2025-05-01,Delhi,East Delhi,110092,734.0,5566.0,4273.0,10573.0,0.07460107734525867,37.02182885125821
2025-05-01,Delhi,East Delhi,110092,734.0,5566.0,4273.0,10573.0,0.07460107734525867,37.02182885125821
2025-05-01,Delhi,East Delhi,110095,373.0,0.0,2532.0,2905.0,0.14731437598736177,13.213329434283786
2025-05-01,Delhi,North West Delhi,110034,321.0,0.0,2120.0,2441.0,0.15141509433962264,11.194847147802218
2025-05-01,Delhi,North West Delhi,110040,323.0,0.0,2395.0,2718.0,0.1348643006263048,12.04717309640733
2025-05-01,Delhi,Shahdara,110032,133.0,0.0,499.0,632.0,0.2665330661322645,3.504277629919444
2025-05-01,Delhi,South Delhi,110017,189.0,0.0,1586.0,1775.0,0.11916771752837327,7.601075964272619
2025-05-01,Delhi,South Delhi,110065,144.0,0.0,970.0,1114.0,0.14845360824742268,5.078700643936892
2025-05-01,Delhi,South West Delhi,110045,451.0,3759.0,3049.0,7259.0,0.06624559341950646,24.814117474044608
2025-05-01,Delhi,South West Delhi,110061,77.0,0.0,470.0,547.0,0.16382978723404254,2.5701726667642375
2025-05-01,Delhi,South West Delhi,110077,156.0,0.0,988.0,1144.0,0.15789473684210525,5.31409718453251
2025-05-01,Delhi,West Delhi,110018,469.0,0.0,2859.0,3328.0,0.1640433718083246,15.643546075616996
2025-05-01,Delhi,West Delhi,110059,1607.0,0.0,8404.0,10011.0,0.19121846739647788,49.43996875734194
2025-05-01,Gujarat,Ahmedabad,380001,245.0,2318.0,3174.0,5737.0,0.04461034231609614,18.668309731652876
2025-05-01,Gujarat,Ahmedabad,380001,245.0,2318.0,3174.0,5737.0,0.04461034231609614,18.668309731652876
2025-05-01,Gujarat,Ahmedabad,380005,89.0,0.0,1179.0,1268.0,0.07548770144189991,4.871184632215995
2025-05-01,Gujarat,Ahmedabad,380018,70.0,0.0,1281.0,1351.0,0.0546448087431694,4.888578816230087
2025-05-01,Gujarat,Ahmedabad,380026,180.0,2232.0,2664.0,5076.0,0.03676470588235294,15.957107754298184
2025-05-01,Gujarat,Ahmedabad,380051,158.0,1363.0,1455.0,2976.0,0.056068133427963095,9.958409280594589
2025-05-01,Gujarat,Ahmedabad,382340,87.0,0.0,1096.0,1183.0,0.07937956204379562,4.59280681902677
2025-05-01,Gujarat,Ahmedabad,382345,189.0,0.0,1970.0,2159.0,0.09593908629441625,8.748972235104393
2025-05-01,Gujarat,Ahmedabad,382418,182.0,0.0,1202.0,1384.0,0.15141430948419302,6.347252833415622
2025-05-01,Gujarat,Anand,388001,143.0,0.0,1161.0,1304.0,0.1231696813092162,5.634527057572458
2025-05-01,Gujarat,Banaskantha,385001,347.0,1802.0,1623.0,3772.0,0.10131386861313868,14.357116513224492
2025-05-01,Gujarat,Banaskantha,385001,347.0,1802.0,1623.0,3772.0,0.10131386861313868,14.357116513224492
2025-05-01,Gujarat,Banaskantha,385110,213.0,0.0,513.0,726.0,0.4152046783625731,4.756720700796041
2025-05-01,Gujarat,Banaskantha,385120,257.0,0.0,762.0,1019.0,0.33727034120734906,6.16688566621491
2025-05-01,Gujarat,Banaskantha,385135,86.0,0.0,326.0,412.0,0.26380368098159507,2.2759032423776047
2025-05-01,Gujarat,Banaskantha,385310,264.0,0.0,1177.0,1441.0,0.22429906542056074,7.513377506435928
2025-05-01,Gujarat,Banaskantha,385535,475.0,2254.0,2212.0,4941.0,0.10635915808329602,19.121940634630942
2025-05-01,Gujarat,Banaskantha,385565,157.0,0.0,877.0,1034.0,0.1790193842645382,4.99741582732023
2025-05-01,Gujarat,Banaskantha,385566,127.0,0.0,756.0,883.0,0.167989417989418,4.181736672229064
2025-05-01,Gujarat,Banaskantha,385575,122.0,0.0,598.0,720.0,0.2040133779264214,3.6337631429179145
2025-05-01,Gujarat,Bharuch,392001,231.0,1858.0,1934.0,4023.0,0.06091772151898734,13.663649320431881
2025-05-01,Gujarat,Bharuch,392001,231.0,1858.0,1934.0,4023.0,0.06091772151898734,13.663649320431881
2025-05-01,Gujarat,Bharuch,393001,164.0,0.0,1080.0,1244.0,0.15185185185185185,5.710173268019542
2025-05-01,Gujarat,Chhotaudepur,391160,108.0,0.0,1279.0,1387.0,0.08444096950742767,5.457631715670702
2025-05-01,Gujarat,Chhotaudepur,391165,108.0,0.0,1526.0,1634.0,0.07077326343381389,6.195992077377601
2025-05-01,Gujarat,Dahod,389140,166.0,0.0,773.0,939.0,0.2147477360931436,4.822718931145242
2025-05-01,Gujarat,Dahod,389151,503.0,0.0,2579.0,3082.0,0.1950368359829391,15.321040269686565
2025-05-01,Gujarat,Dahod,389152,175.0,0.0,777.0,952.0,0.22522522522522523,4.97086786114169
2025-05-01,Gujarat,Dahod,389154,206.0,0.0,911.0,1117.0,0.2261251372118551,5.840540496476672
2025-05-01,Gujarat,Dahod,389155,226.0,0.0,1463.0,1689.0,0.1544771018455229,7.793289557297981
2025-05-01,Gujarat,Dahod,389170,222.0,0.0,1744.0,1966.0,0.12729357798165136,8.57275693368465
2025-05-01,Gujarat,Dahod,389175,86.0,0.0,714.0,800.0,0.12044817927170869,3.4357567660305453
2025-05-01,Gujarat,Dahod,389180,223.0,0.0,1626.0,1849.0,0.13714637146371464,8.235150384035334
2025-05-01,Gujarat,Dahod,389382,152.0,0.0,1417.0,1569.0,0.10726887791107975,6.535982915302259
2025-05-01,Gujarat,Devbhumi Dwarka,361305,154.0,0.0,731.0,885.0,0.2106703146374829,4.515578873622637
2025-05-01,Gujarat,Gandhinagar,382721,295.0,2791.0,2254.0,5340.0,0.05847373637264618,17.79151328057219
2025-05-01,Gujarat,Gandhinagar,382721,295.0,2791.0,2254.0,5340.0,0.05847373637264618,17.79151328057219
2025-05-01,Gujarat,Gir Somnath,362560,154.0,0.0,529.0,683.0,0.29111531190926276,3.9117376061538387
2025-05-01,Gujarat,Gir Somnath,362720,106.0,0.0,675.0,781.0,0.15703703703703703,3.621821722524824
2025-05-01,Gujarat,Jamnagar,361001,218.0,2113.0,1403.0,3734.0,0.062002275312855515,12.4816567637631
2025-05-01,Gujarat,Jamnagar,361005,150.0,0.0,1025.0,1175.0,0.14634146341463414,5.33390732167809
2025-05-01,Gujarat,Jamnagar,361006,134.0,0.0,1131.0,1265.0,0.1184792219274978,5.4086559842384405
2025-05-01,Gujarat,Kachchh,370165,150.0,0.0,1063.0,1213.0,0.14111006585136407,5.447501223479152
2025-05-01,Gujarat,Kheda,387001,140.0,0.0,1046.0,1186.0,0.1338432122370937,5.245358813238889
2025-05-01,Gujarat,Mahesana,384001,217.0,0.0,1464.0,1681.0,0.148224043715847,7.660087193327988
2025-05-01,Gujarat,Morbi,363621,228.0,0.0,1471.0,1699.0,0.1549966009517335,7.847468880090375
2025-05-01,Gujarat,Morbi,363641,295.0,0.0,1552.0,1847.0,0.19007731958762886,9.103474624246063
2025-05-01,Gujarat,Navsari,396445,158.0,0.0,1134.0,1292.0,0.13932980599647266,5.78080172965507
2025-05-01,Gujarat,Panchmahals,389001,281.0,0.0,1859.0,2140.0,0.1511565357719204,9.809340058219984
2025-05-01,Gujarat,Panchmahals,389120,94.0,0.0,581.0,675.0,0.16179001721170397,3.1592373783270835
2025-05-01,Gujarat,Panchmahals,389365,80.0,0.0,426.0,506.0,0.18779342723004694,2.4840401114565243
2025-05-01,Gujarat,Patan,384240,85.0,0.0,537.0,622.0,0.15828677839851024,2.891515920118992
2025-05-01,Gujarat,Patan,384265,218.0,0.0,1473.0,1691.0,0.14799728445349628,7.70212342075064
2025-05-01,Gujarat,Rajkot,360001,229.0,0.0,1135.0,1364.0,0.20176211453744494,6.858192051687601
2025-05-01,Gujarat,Rajkot,360002,280.0,2402.0,2256.0,4938.0,0.06011163589523401,16.65207820192004
2025-05-01,Gujarat,Rajkot,360002,280.0,2402.0,2256.0,4938.0,0.06011163589523401,16.65207820192004
2025-05-01,Gujarat,Rajkot,360003,342.0,3133.0,2692.0,6167.0,0.05871244635193133,20.619516415952006
2025-05-01,Gujarat,Rajkot,360003,342.0,3133.0,2692.0,6167.0,0.05871244635193133,20.619516415952006
2025-05-01,Gujarat,Rajkot,360004,305.0,2574.0,1856.0,4735.0,0.06884875846501129,16.24075450473777
2025-05-01,Gujarat,Rajkot,360004,305.0,2574.0,1856.0,4735.0,0.06884875846501129,16.24075450473777
2025-05-01,Gujarat,Rajkot,360005,240.0,2133.0,1211.0,3584.0,0.07177033492822966,12.28784154380702
2025-05-01,Gujarat,Rajkot,360006,118.0,0.0,434.0,552.0,0.271889400921659,3.082986142950051
2025-05-01,Gujarat,Rajkot,360007,211.0,1501.0,1245.0,2957.0,0.07683903860160234,10.458488656943016
2025-05-01,Gujarat,Rajkot,360007,211.0,1501.0,1245.0,2957.0,0.07683903860160234,10.458488656943016
2025-05-01,Gujarat,Rajkot,360050,183.0,0.0,1144.0,1327.0,0.15996503496503497,6.18900507608377
2025-05-01,Gujarat,Sabarkantha,383001,142.0,0.0,932.0,1074.0,0.15236051502145923,4.934841924985768
2025-05-01,Gujarat,Surat,394180,110.0,0.0,393.0,503.0,0.27989821882951654,2.839365032932864
2025-05-01,Gujarat,Surat,394210,703.0,7053.0,4787.0,12543.0,0.059375,41.60003273120944
2025-05-01,Gujarat,Surat,394210,703.0,7053.0,4787.0,12543.0,0.059375,41.60003273120944
2025-05-01,Gujarat,Surat,395004,603.0,4843.0,3722.0,9168.0,0.07040280210157618,31.685371397664248
2025-05-01,Gujarat,Surat,395004,603.0,4843.0,3722.0,9168.0,0.07040280210157618,31.685371397664248
2025-05-01,Gujarat,Surat,395006,570.0,4984.0,3151.0,8705.0,0.07006760909649662,29.812004558471244
2025-05-01,Gujarat,Surat,395006,570.0,4984.0,3151.0,8705.0,0.07006760909649662,29.812004558471244
2025-05-01,Gujarat,The Dangs,394710,145.0,525.0,2404.0,3074.0,0.04950495049504951,10.620031267638566
2025-05-01,Gujarat,The Dangs,394710,145.0,525.0,2404.0,3074.0,0.04950495049504951,10.620031267638566
2025-05-01,Gujarat,The Dangs,394716,116.0,0.0,1209.0,1325.0,0.09594706368899918,5.369439059900579
2025-05-01,Gujarat,Vadodara,390019,246.0,0.0,1827.0,2073.0,0.13464696223316913,9.184047735524567
2025-05-01,Gujarat,Valsad,396065,398.0,1255.0,2067.0,3720.0,0.11980734497290789,15.164659415471087
2025-05-01,Haryana,Faridabad,121001,560.0,0.0,1569.0,2129.0,0.35691523263224983,13.164381221119365
2025-05-01,Haryana,Faridabad,121004,1141.0,5687.0,3558.0,10386.0,0.12341806381828015,41.32904075670806
2025-05-01,Haryana,Faridabad,121004,1141.0,5687.0,3558.0,10386.0,0.12341806381828015,41.32904075670806
2025-05-01,Haryana,Gurgaon,122001,668.0,0.0,2407.0,3075.0,0.2775238886580806,17.303725813256698
2025-05-01,Haryana,Mewat,122508,1327.0,2684.0,2072.0,6083.0,0.27901597981497056,32.61147731821299
2025-05-01,Haryana,Mewat,122508,1327.0,2684.0,2072.0,6083.0,0.27901597981497056,32.61147731821299
2025-05-01,Jammu and Kashmir,Baramula,193201,187.0,1026.0,1534.0,2747.0,0.073046875,9.837749105754938
2025-05-01,Jammu and Kashmir,Baramula,193201,187.0,1026.0,1534.0,2747.0,0.073046875,9.837749105754938
2025-05-01,Jammu and Kashmir,Jammu,181221,81.0,0.0,912.0,993.0,0.08881578947368421,3.951978737803023
2025-05-01,Karnataka,Bangalore Rural,560067,76.0,0.0,298.0,374.0,0.2550335570469799,2.040878386879139
2025-05-01,Karnataka,Bangalore Rural,562114,164.0,930.0,804.0,1898.0,0.09457900807381776,7.080849419982978
2025-05-01,Karnataka,Bangalore Rural,562114,164.0,930.0,804.0,1898.0,0.09457900807381776,7.080849419982978
2025-05-01,Karnataka,Bengaluru,560016,196.0,0.0,667.0,863.0,0.2938530734632684,4.959823988635333
2025-05-01,Karnataka,Bengaluru,560029,82.0,0.0,453.0,535.0,0.18101545253863136,2.5950163851494463
2025-05-01,Karnataka,Bengaluru,560032,200.0,1059.0,986.0,2245.0,0.097799511002445,8.474239659965871
2025-05-01,Karnataka,Bengaluru,560032,200.0,1059.0,986.0,2245.0,0.097799511002445,8.474239659965871
2025-05-01,Karnataka,Bengaluru,560035,231.0,0.0,334.0,565.0,0.6916167664670658,4.494016991399505
2025-05-01,Karnataka,Bengaluru,560036,169.0,990.0,545.0,1704.0,0.11009771986970684,6.523939123115084
2025-05-01,Karnataka,Bengaluru,560036,169.0,990.0,545.0,1704.0,0.11009771986970684,6.523939123115084
2025-05-01,Karnataka,Bengaluru,560037,199.0,0.0,617.0,816.0,0.3225283630470016,4.855755554095873
2025-05-01,Karnataka,Bengaluru,560043,287.0,1547.0,905.0,2739.0,0.11704730831973899,10.700791050507403
2025-05-01,Karnataka,Bengaluru,560045,267.0,1214.0,1353.0,2834.0,0.10401246591351772,10.951143413605442
2025-05-01,Karnataka,Bengaluru,560045,267.0,1214.0,1353.0,2834.0,0.10401246591351772,10.951143413605442
2025-05-01,Karnataka,Bengaluru,560047,79.0,621.0,684.0,1384.0,0.06053639846743295,4.706329237269564
2025-05-01,Karnataka,Bengaluru,560048,126.0,0.0,297.0,423.0,0.42424242424242425,2.794509502425424
2025-05-01,Karnataka,Bengaluru,560049,166.0,0.0,422.0,588.0,0.3933649289099526,3.7734699960880707
2025-05-01,Karnataka,Bengaluru,560058,141.0,0.0,655.0,796.0,0.2152671755725191,4.091669758545105
2025-05-01,Karnataka,Bengaluru,560061,118.0,0.0,654.0,772.0,0.18042813455657492,3.7406350481140898
2025-05-01,Karnataka,Bengaluru,560064,269.0,1486.0,1055.0,2810.0,0.1058638331365604,10.732783900182705
2025-05-01,Karnataka,Bengaluru,560064,269.0,1486.0,1055.0,2810.0,0.1058638331365604,10.732783900182705
2025-05-01,Karnataka,Bengaluru,560066,198.0,0.0,398.0,596.0,0.49748743718592964,4.185963553562093
2025-05-01,Karnataka,Bengaluru,560067,183.0,0.0,304.0,487.0,0.6019736842105263,3.6779819836392593
2025-05-01,Karnataka,Bengaluru,560068,364.0,1754.0,1478.0,3596.0,0.11262376237623763,14.067589219890946
2025-05-01,Karnataka,Bengaluru,560068,364.0,1754.0,1478.0,3596.0,0.11262376237623763,14.067589219890946
2025-05-01,Karnataka,Bengaluru,560076,197.0,1268.0,857.0,2322.0,0.09270588235294118,8.536669265913464
2025-05-01,Karnataka,Bengaluru,560077,238.0,0.0,644.0,882.0,0.3695652173913043,5.526630945064961
2025-05-01,Karnataka,Bengaluru,560078,174.0,1189.0,932.0,2295.0,0.08203677510608204,8.226303648188571
2025-05-01,Karnataka,Bengaluru,560078,174.0,1189.0,932.0,2295.0,0.08203677510608204,8.226303648188571
2025-05-01,Karnataka,Bengaluru,560087,165.0,684.0,257.0,1106.0,0.17534537725823593,4.88002240551169
2025-05-01,Karnataka,Bengaluru,560091,226.0,1464.0,1481.0,3171.0,0.0767402376910017,11.303595837420326
2025-05-01,Karnataka,Bengaluru,560091,226.0,1464.0,1481.0,3171.0,0.0767402376910017,11.303595837420326
2025-05-01,Karnataka,Bengaluru,560097,128.0,0.0,661.0,789.0,0.19364599092284418,3.912884326301443
2025-05-01,Karnataka,Bengaluru,560099,158.0,0.0,431.0,589.0,0.3665893271461717,3.679314546335438
2025-05-01,Karnataka,Bengaluru,560100,263.0,1428.0,716.0,2407.0,0.1226679104477612,9.491674484392407
2025-05-01,Karnataka,Bengaluru,560102,104.0,0.0,317.0,421.0,0.3280757097791798,2.5213827778805524
2025-05-01,Karnataka,Bengaluru,560103,118.0,0.0,230.0,348.0,0.5130434782608696,2.4731662490706694
2025-05-01,Kerala,Malappuram,679325,266.0,0.0,590.0,856.0,0.45084745762711864,5.7889154720801255
2025-05-01,Madhya Pradesh,Alirajpur,457882,133.0,0.0,2482.0,2615.0,0.053585817888799354,9.432085716011665
2025-05-01,Madhya Pradesh,Ashok Nagar,473331,220.0,0.0,2487.0,2707.0,0.08845999195818255,10.763551828065863
2025-05-01,Madhya Pradesh,Barwani,451447,655.0,1686.0,2788.0,5129.0,0.14640143048725973,22.226572663005456
2025-05-01,Madhya Pradesh,Barwani,451447,655.0,1686.0,2788.0,5129.0,0.14640143048725973,22.226572663005456
2025-05-01,Madhya Pradesh,Barwani,451449,278.0,902.0,1332.0,2512.0,0.12444046553267682,10.318193472397505
2025-05-01,Madhya Pradesh,Barwani,451449,278.0,902.0,1332.0,2512.0,0.12444046553267682,10.318193472397505
2025-05-01,Madhya Pradesh,Barwani,451551,1018.0,2701.0,6648.0,10367.0,0.10888865119264092,41.65479723372799
2025-05-01,Madhya Pradesh,Barwani,451551,1018.0,2701.0,6648.0,10367.0,0.10888865119264092,41.65479723372799
2025-05-01,Madhya Pradesh,Barwani,451666,1223.0,2781.0,7415.0,11419.0,0.11994899960768929,47.23862392730417
2025-05-01,Madhya Pradesh,Bhind,477001,601.0,2284.0,1743.0,4628.0,0.14924261236652595,19.697466112017064
2025-05-01,Madhya Pradesh,Bhind,477116,254.0,0.0,958.0,1212.0,0.2651356993736952,6.707393828726866
2025-05-01,Madhya Pradesh,Bhind,477331,101.0,0.0,334.0,435.0,0.3023952095808383,2.526803876645406
2025-05-01,Madhya Pradesh,Burhanpur,450221,213.0,0.0,888.0,1101.0,0.23986486486486486,5.877713152780198
2025-05-01,Madhya Pradesh,Burhanpur,450331,719.0,0.0,7914.0,8633.0,0.09085165529441495,34.53762647212131
2025-05-01,Madhya Pradesh,Chhatarpur,471313,385.0,0.0,1483.0,1868.0,0.2596089008766015,10.259128784833816
2025-05-01,Madhya Pradesh,Chhatarpur,471405,352.0,830.0,1374.0,2556.0,0.15970961887477314,11.393551125059256
2025-05-01,Madhya Pradesh,Chhatarpur,471405,352.0,830.0,1374.0,2556.0,0.15970961887477314,11.393551125059256
2025-05-01,Madhya Pradesh,Dewas,455001,622.0,1935.0,4179.0,6736.0,0.10173372587504088,26.473225937362777
2025-05-01,Madhya Pradesh,Dewas,455001,622.0,1935.0,4179.0,6736.0,0.10173372587504088,26.473225937362777
2025-05-01,Madhya Pradesh,Gwalior,474006,464.0,0.0,1942.0,2406.0,0.23892893923789907,12.826683823489915
2025-05-01,Madhya Pradesh,Indore,452001,648.0,2797.0,3442.0,6887.0,0.10386279852540471,26.69872357348686
2025-05-01,Madhya Pradesh,Jhabua,457661,634.0,0.0,3244.0,3878.0,0.19543773119605426,19.291279074534266
2025-05-01,Madhya Pradesh,Khandwa,450661,78.0,0.0,865.0,943.0,0.09017341040462427,3.766083791429247
2025-05-01,Madhya Pradesh,Khargone,451441,448.0,0.0,2742.0,3190.0,0.16338439095550694,14.976015850522279
2025-05-01,Madhya Pradesh,Morena,476001,893.0,0.0,4084.0,4977.0,0.21865817825661116,25.72159598791194
2025-05-01,Madhya Pradesh,Morena,476444,173.0,0.0,725.0,898.0,0.2386206896551724,4.78515875731649
2025-05-01,Madhya Pradesh,Panna,488001,224.0,842.0,2386.0,3452.0,0.06939281288723669,12.510119747295265
2025-05-01,Madhya Pradesh,Panna,488001,224.0,842.0,2386.0,3452.0,0.06939281288723669,12.510119747295265
2025-05-01,Madhya Pradesh,Vidisha,464228,267.0,0.0,2086.0,2353.0,0.12799616490891658,10.276060435770619
2025-05-01,Maharashtra,Beed,431122,444.0,2661.0,4397.0,7502.0,0.06290733918957211,26.145410832931436
2025-05-01,Maharashtra,Beed,431122,444.0,2661.0,4397.0,7502.0,0.06290733918957211,26.145410832931436
2025-05-01,Maharashtra,Dhule,424304,182.0,0.0,2792.0,2974.0,0.0651862464183381,11.100260829828446
2025-05-01,Maharashtra,Hingoli,431513,311.0,0.0,2435.0,2746.0,0.12772073921971253,11.985156721718596
2025-05-01,Maharashtra,Jalgaon,425001,398.0,0.0,2966.0,3364.0,0.1341874578556979,14.889001579755904
2025-05-01,Maharashtra,Jalgaon,425107,243.0,0.0,2905.0,3148.0,0.08364888123924269,12.36113014510326
2025-05-01,Maharashtra,Mumbai Suburban,400043,324.0,2019.0,1631.0,3974.0,0.08876712328767124,14.545321827519977
2025-05-01,Maharashtra,Mumbai Suburban,400064,69.0,0.0,248.0,317.0,0.2782258064516129,1.7854858665893643
2025-05-01,Maharashtra,Mumbai Suburban,400067,174.0,0.0,894.0,1068.0,0.19463087248322147,5.305485097585715
2025-05-01,Maharashtra,Mumbai Suburban,400070,136.0,1065.0,780.0,1981.0,0.07371273712737128,6.904132968916624
2025-05-01,Maharashtra,Mumbai Suburban,400070,136.0,1065.0,780.0,1981.0,0.07371273712737128,6.904132968916624
2025-05-01,Maharashtra,Mumbai Suburban,400072,193.0,0.0,785.0,978.0,0.24585987261146497,5.267165721134585
2025-05-01,Maharashtra,Mumbai Suburban,400078,91.0,0.0,595.0,686.0,0.15294117647058825,3.1556905374760644
2025-05-01,Maharashtra,Mumbai Suburban,400080,70.0,0.0,378.0,448.0,0.18518518518518517,2.1892289918522367
2025-05-01,Maharashtra,Mumbai Suburban,400095,153.0,0.0,629.0,782.0,0.24324324324324326,4.195536518107916
2025-05-01,Maharashtra,Mumbai Suburban,400097,132.0,1396.0,772.0,2300.0,0.06088560885608856,7.601178617664998
2025-05-01,Maharashtra,Mumbai Suburban,400097,132.0,1396.0,772.0,2300.0,0.06088560885608856,7.601178617664998
2025-05-01,Maharashtra,Mumbai Suburban,400101,115.0,0.0,741.0,856.0,0.15519568151147098,3.9553080712493185
2025-05-01,Maharashtra,Nagpur,440023,97.0,0.0,1189.0,1286.0,0.0815811606391926,5.022137032869158
2025-05-01,Maharashtra,Nagpur,440034,196.0,1538.0,1441.0,3175.0,0.06579389056730446,10.904764781151457
2025-05-01,Maharashtra,Nagpur,440034,196.0,1538.0,1441.0,3175.0,0.06579389056730446,10.904764781151457
2025-05-01,Maharashtra,Nanded,431604,293.0,0.0,943.0,1236.0,0.3107104984093319,7.252718065073729
2025-05-01,Maharashtra,Nanded,431712,209.0,0.0,2825.0,3034.0,0.07398230088495575,11.607483197128902
2025-05-01,Maharashtra,Nandurbar,425414,286.0,0.0,3580.0,3866.0,0.07988826815642458,15.0296101274011
2025-05-01,Maharashtra,Nandurbar,425432,120.0,0.0,1734.0,1854.0,0.06920415224913495,6.999358126978524
2025-05-01,Maharashtra,Nashik,423401,156.0,0.0,932.0,1088.0,0.16738197424892703,5.146695645036209
2025-05-01,Maharashtra,Palghar,401209,331.0,2724.0,1626.0,4681.0,0.0760919540229885,16.30080454153999
2025-05-01,Maharashtra,Palghar,401209,331.0,2724.0,1626.0,4681.0,0.0760919540229885,16.30080454153999
2025-05-01,Maharashtra,Parbhani,431401,419.0,0.0,3008.0,3427.0,0.13929521276595744,15.332333314453791
2025-05-01,Maharashtra,Parbhani,431506,128.0,0.0,1414.0,1542.0,0.09052333804809053,6.163837169885629
2025-05-01,Maharashtra,Pune,410502,88.0,0.0,1068.0,1156.0,0.08239700374531835,4.524238457853653
2025-05-01,Maharashtra,Pune,410504,73.0,0.0,855.0,928.0,0.08538011695906433,3.660528616501179
2025-05-01,Maharashtra,Pune,411006,106.0,0.0,620.0,726.0,0.17096774193548386,3.4574094962338138
2025-05-01,Maharashtra,Pune,411037,137.0,0.0,996.0,1133.0,0.13755020080321284,5.050495927249239
2025-05-01,Maharashtra,Pune,413801,82.0,0.0,547.0,629.0,0.14990859232175502,2.876011826446808
2025-05-01,Maharashtra,Sangli,416410,225.0,0.0,1828.0,2053.0,0.12308533916849015,8.869256468654196
2025-05-01,Maharashtra,Satara,415523,192.0,0.0,1541.0,1733.0,0.1245944192083063,7.511954095759614
2025-05-01,Maharashtra,Solapur,413006,210.0,0.0,1766.0,1976.0,0.11891279728199321,8.456932921300675
2025-05-01,Maharashtra,Solapur,413304,348.0,0.0,2868.0,3216.0,0.12133891213389121,13.839428456885802
2025-05-01,Maharashtra,Thane,400601,124.0,0.0,1304.0,1428.0,0.0950920245398773,5.774483083003483
2025-05-01,Maharashtra,Thane,400612,662.0,4578.0,4218.0,9458.0,0.07526148249204184,33.43521882319473
2025-05-01,Maharashtra,Thane,400612,662.0,4578.0,4218.0,9458.0,0.07526148249204184,33.43521882319473
2025-05-01,Maharashtra,Thane,401107,441.0,3863.0,2854.0,7158.0,0.06565430995980348,24.32542093266992
2025-05-01,Maharashtra,Thane,401107,441.0,3863.0,2854.0,7158.0,0.06565430995980348,24.32542093266992
2025-05-01,Maharashtra,Thane,421302,832.0,4745.0,4981.0,10558.0,0.08554390294057167,38.682860645443284
2025-05-01,Maharashtra,Thane,421503,273.0,0.0,1668.0,1941.0,0.16366906474820145,9.117321967409136
2025-05-01,Maharashtra,Washim,444505,228.0,0.0,2170.0,2398.0,0.10506912442396313,9.936998810588843
2025-05-01,Maharashtra,Yavatmal,445204,265.0,0.0,2875.0,3140.0,0.09217391304347826,12.604363737595223
2025-05-01,Maharashtra,Yavatmal,445205,118.0,0.0,1224.0,1342.0,0.09640522875816994,5.444543575130008
2025-05-01,Manipur,Bishnupur,795133,122.0,0.0,703.0,825.0,0.17354196301564723,3.9476410294734783
2025-05-01,Manipur,Imphal West,795001,106.0,0.0,723.0,829.0,0.14661134163208853,3.765308756378796
2025-05-01,Meghalaya,East Garo Hills,794110,327.0,0.0,249.0,576.0,1.3132530120481927,5.692636592152789
2025-05-01,Meghalaya,East Garo Hills,794111,568.0,0.0,216.0,784.0,2.6296296296296298,9.24089972296078
2025-05-01,Meghalaya,East Jaintia Hills,793160,196.0,0.0,113.0,309.0,1.7345132743362832,3.3037444729040715
2025-05-01,Meghalaya,East Jaintia Hills,793200,433.0,0.0,155.0,588.0,2.793548387096774,7.015676459808769
2025-05-01,Meghalaya,East Khasi Hills,793001,223.0,0.0,217.0,440.0,1.0276497695852536,4.023208077780195
2025-05-01,Meghalaya,East Khasi Hills,793002,112.0,0.0,149.0,261.0,0.7516778523489933,2.1402374279919023
2025-05-01,Meghalaya,East Khasi Hills,793004,102.0,0.0,107.0,209.0,0.9532710280373832,1.8633621876193618
2025-05-01,Meghalaya,East Khasi Hills,793005,171.0,0.0,51.0,222.0,3.3529411764705883,2.740096839800236
2025-05-01,Meghalaya,East Khasi Hills,793006,137.0,0.0,189.0,326.0,0.7248677248677249,2.638120170579334
2025-05-01,Meghalaya,East Khasi Hills,793008,109.0,0.0,60.0,169.0,1.8166666666666667,1.8287913269959013
2025-05-01,Meghalaya,East Khasi Hills,793009,224.0,0.0,58.0,282.0,3.8620689655172415,3.5630396867139447
2025-05-01,Meghalaya,East Khasi Hills,793010,289.0,0.0,108.0,397.0,2.675925925925926,4.696111904355548
2025-05-01,Meghalaya,East Khasi Hills,793012,277.0,0.0,29.0,306.0,9.551724137931034,4.278367258237173
2025-05-01,Meghalaya,East Khasi Hills,793015,815.0,0.0,296.0,1111.0,2.7533783783783785,13.217749697416853
2025-05-01,Meghalaya,East Khasi Hills,793021,141.0,0.0,100.0,241.0,1.41,2.4326009296085536
2025-05-01,Meghalaya,East Khasi Hills,793022,100.0,0.0,0.0,100.0,,1.5132408575031526
2025-05-01,Meghalaya,East Khasi Hills,793108,162.0,0.0,91.0,253.0,1.7802197802197801,2.7234776908365963
2025-05-01,Meghalaya,East Khasi Hills,793110,544.0,0.0,267.0,811.0,2.0374531835205993,9.03017689062987
2025-05-01,Meghalaya,East Khasi Hills,793111,157.0,0.0,107.0,264.0,1.4672897196261683,2.6956446592460956
2025-05-01,Meghalaya,East Khasi Hills,793112,97.0,0.0,57.0,154.0,1.7017543859649122,1.6382344844796497
2025-05-01,Meghalaya,East Khasi Hills,793113,241.0,0.0,149.0,390.0,1.6174496644295302,4.092318134170969
2025-05-01,Meghalaya,East Khasi Hills,793121,896.0,0.0,149.0,1045.0,6.0134228187919465,14.00404575081662
2025-05-01,Meghalaya,North Garo Hills,794002,324.0,0.0,51.0,375.0,6.352941176470588,5.05535535178006
2025-05-01,Meghalaya,Ri Bhoi,781131,112.0,0.0,0.0,112.0,,1.694829760403531
2025-05-01,Meghalaya,Ri Bhoi,793101,70.0,0.0,54.0,124.0,1.2962962962962963,1.2206915133379255
2025-05-01,Meghalaya,Ri Bhoi,793102,657.0,0.0,252.0,909.0,2.607142857142857,10.695299361529067
2025-05-01,Meghalaya,Ri Bhoi,793103,317.0,0.0,79.0,396.0,4.012658227848101,5.03312926150299
2025-05-01,Meghalaya,Ri Bhoi,793105,453.0,0.0,60.0,513.0,7.55,7.0343398768067456
2025-05-01,Meghalaya,South Garo Hills,794005,227.0,0.0,0.0,227.0,,3.4350567465321564
2025-05-01,Meghalaya,South Garo Hills,794102,211.0,0.0,61.0,272.0,3.459016393442623,3.375286314854408
2025-05-01,Meghalaya,South Garo Hills,794103,126.0,0.0,120.0,246.0,1.05,2.265401065088902
2025-05-01,Meghalaya,South Garo Hills,794114,77.0,0.0,0.0,77.0,,1.1651954602774275
2025-05-01,Meghalaya,South West Garo Hills,794105,320.0,0.0,174.0,494.0,1.839080459770115,5.362511241730737
2025-05-01,Meghalaya,South West Garo Hills,794106,105.0,0.0,153.0,258.0,0.6862745098039216,2.0462678207878464
2025-05-01,Meghalaya,South West Garo Hills,794115,374.0,0.0,194.0,568.0,1.9278350515463918,6.239447568888261
2025-05-01,Meghalaya,South West Khasi Hills,793106,115.0,0.0,125.0,240.0,0.92,2.113891136790011
2025-05-01,Meghalaya,South West Khasi Hills,793114,310.0,0.0,318.0,628.0,0.9748427672955975,5.641648257542338
2025-05-01,Meghalaya,South West Khasi Hills,793119,102.0,0.0,41.0,143.0,2.4878048780487805,1.6660675160701501
2025-05-01,Meghalaya,West Garo Hills,794001,146.0,0.0,243.0,389.0,0.6008230452674898,2.9357347608403366
2025-05-01,Meghalaya,West Garo Hills,794002,542.0,0.0,169.0,711.0,3.2071005917159763,8.70695937936128
2025-05-01,Meghalaya,West Garo Hills,794005,145.0,0.0,105.0,250.0,1.380952380952381,2.508077129935135
2025-05-01,Meghalaya,West Garo Hills,794101,89.0,0.0,91.0,180.0,0.978021978021978,1.6188118648592944
2025-05-01,Meghalaya,West Garo Hills,794103,352.0,0.0,230.0,582.0,1.5304347826086957,6.014149855628046
2025-05-01,Meghalaya,West Garo Hills,794104,662.0,0.0,2766.0,3428.0,0.2393347794649313,18.28609480250601
2025-05-01,Meghalaya,West Garo Hills,794105,190.0,0.0,746.0,936.0,0.2546916890080429,5.1051852804031395
2025-05-01,Meghalaya,West Garo Hills,794109,259.0,0.0,462.0,721.0,0.5606060606060606,5.300356521777647
2025-05-01,Meghalaya,West Jaintia Hills,793109,336.0,0.0,69.0,405.0,4.869565217391305,5.290751892375678
2025-05-01,Meghalaya,West Jaintia Hills,793150,1142.0,0.0,441.0,1583.0,2.5895691609977325,18.599497716219368
2025-05-01,Meghalaya,West Jaintia Hills,793151,560.0,0.0,118.0,678.0,4.745762711864407,8.826887760242002
2025-05-01,Meghalaya,West Jaintia Hills,793161,163.0,0.0,0.0,163.0,,2.4665825977301385
2025-05-01,Meghalaya,West Khasi Hills,793119,1671.0,0.0,511.0,2182.0,3.2700587084148727,26.81379377678142
2025-05-01,Meghalaya,West Khasi Hills,793120,761.0,0.0,194.0,955.0,3.922680412371134,12.09568968742546
2025-05-01,Mizoram,Lawngtlai,796770,135.0,0.0,233.0,368.0,0.5793991416309013,2.7393851344620788
2025-05-01,Mizoram,Lawngtlai,796891,236.0,0.0,653.0,889.0,0.3614088820826952,5.523269946762518
2025-05-01,Mizoram,Lunglei,796701,183.0,0.0,783.0,966.0,0.23371647509578544,5.109863008973689
2025-05-01,Mizoram,Saiha,796901,127.0,0.0,208.0,335.0,0.6105769230769231,2.5435930357295495
2025-05-01,Nagaland,Dimapur,797112,384.0,0.0,1238.0,1622.0,0.31017770597738287,9.511614640962469
2025-05-01,Nagaland,Peren,797110,282.0,0.0,511.0,793.0,0.5518590998043053,5.794878266062634
2025-05-01,Punjab,Amritsar,143001,974.0,6511.0,5212.0,12697.0,0.08308453467542438,45.691713550764725
2025-05-01,Punjab,Gurdaspur,143521,147.0,888.0,936.0,1971.0,0.0805921052631579,7.119025971006726
2025-05-01,Punjab,Gurdaspur,143521,147.0,888.0,936.0,1971.0,0.0805921052631579,7.119025971006726
2025-05-01,Punjab,Hoshiarpur,146001,263.0,1637.0,1902.0,3802.0,0.07431477818592823,13.53044818102287
2025-05-01,Punjab,Hoshiarpur,146001,263.0,1637.0,1902.0,3802.0,0.07431477818592823,13.53044818102287
2025-05-01,Punjab,Kapurthala,144401,168.0,0.0,1527.0,1695.0,0.1100196463654224,7.106925905084783
2025-05-01,Punjab,Kapurthala,144601,228.0,0.0,1325.0,1553.0,0.1720754716981132,7.411029152117877
2025-05-01,Punjab,Ludhiana,141003,306.0,1948.0,1616.0,3870.0,0.08585858585858586,14.060468034917688
2025-05-01,Punjab,Ludhiana,141007,405.0,0.0,2345.0,2750.0,0.17270788912579957,13.13856493929536
2025-05-01,Punjab,Ludhiana,141008,489.0,2816.0,2522.0,5827.0,0.09160734357437242,21.587361391657705
2025-05-01,Punjab,Ludhiana,141015,183.0,0.0,854.0,1037.0,0.21428571428571427,5.3221042465493555
2025-05-01,Punjab,Patiala,147001,604.0,4105.0,3957.0,8666.0,0.07491937484495162,30.6605771102264
2025-05-01,Rajasthan,Alwar,301001,799.0,3114.0,2184.0,6097.0,0.15081162702906759,25.971597095984883
2025-05-01,Rajasthan,Bikaner,334001,605.0,2455.0,2330.0,5390.0,0.12643678160919541,21.91645297204097
2025-05-01,Rajasthan,Bikaner,334001,605.0,2455.0,2330.0,5390.0,0.12643678160919541,21.91645297204097
2025-05-01,Rajasthan,Jaipur,302013,200.0,0.0,615.0,815.0,0.3252032520325203,4.864909336260322
2025-05-01,Rajasthan,Jodhpur,342001,800.0,0.0,2564.0,3364.0,0.31201248049922,19.770525918391563
2025-05-01,Rajasthan,Sirohi,307026,557.0,0.0,1826.0,2383.0,0.30503833515881706,13.887237489154082
2025-05-01,Tamil Nadu,Coimbatore,641402,89.0,0.0,467.0,556.0,0.1905781584582441,2.7427936300487428
2025-05-01,Tamil Nadu,Cuddalore,607106,141.0,0.0,568.0,709.0,0.2482394366197183,3.8315995096847812
2025-05-01,Tamil Nadu,Pudukkottai,614616,190.0,0.0,977.0,1167.0,0.19447287615148415,5.795716630825379
2025-05-01,Telangana,Hyderabad,500008,614.0,0.0,1111.0,1725.0,0.5526552655265526,12.61242583614775
2025-05-01,Telangana,Hyderabad,500020,297.0,0.0,737.0,1034.0,0.40298507462686567,6.6974491790838915
2025-05-01,Uttar Pradesh,Agra,282001,1355.0,5680.0,4110.0,11145.0,0.13840653728294178,46.200950106702294
2025-05-01,Uttar Pradesh,Agra,282005,375.0,0.0,1157.0,1532.0,0.324114088159032,9.133288594158607
2025-05-01,Uttar Pradesh,Agra,282006,669.0,0.0,2205.0,2874.0,0.3034013605442177,16.715016954362934
2025-05-01,Uttar Pradesh,Agra,283123,178.0,0.0,604.0,782.0,0.2947019867549669,4.499113902351427
2025-05-01,Uttar Pradesh,Aligarh,202001,1952.0,0.0,8057.0,10009.0,0.24227379918083655,53.62335803349181
2025-05-01,Uttar Pradesh,Aligarh,202122,232.0,0.0,498.0,730.0,0.46586345381526106,4.999396765642274
2025-05-01,Uttar Pradesh,Aligarh,202123,223.0,0.0,959.0,1182.0,0.23253388946819603,6.24127847610618
2025-05-01,Uttar Pradesh,Aligarh,202126,147.0,0.0,332.0,479.0,0.4427710843373494,3.2169160446862746
2025-05-01,Uttar Pradesh,Aligarh,202132,165.0,0.0,615.0,780.0,0.2682926829268293,4.3352750361342185
2025-05-01,Uttar Pradesh,Aligarh,202136,107.0,0.0,322.0,429.0,0.33229813664596275,2.581726569632102
2025-05-01,Uttar Pradesh,Bahraich,271801,475.0,0.0,1758.0,2233.0,0.270193401592719,12.443106688041702
2025-05-01,Uttar Pradesh,Bahraich,271830,381.0,0.0,1247.0,1628.0,0.30553327987169204,9.493121234084994
2025-05-01,Uttar Pradesh,Bahraich,271851,233.0,0.0,876.0,1109.0,0.2659817351598174,6.144489565817334
2025-05-01,Uttar Pradesh,Bahraich,271855,857.0,0.0,2937.0,3794.0,0.29179434797412324,21.748087032741932
2025-05-01,Uttar Pradesh,Bahraich,271865,837.0,0.0,2600.0,3437.0,0.3219230769230769,20.43804031105821
2025-05-01,Uttar Pradesh,Bahraich,271881,384.0,0.0,624.0,1008.0,0.6153846153846154,7.676176332913743
2025-05-01,Uttar Pradesh,Bahraich,271902,402.0,0.0,1317.0,1719.0,0.3052391799544419,10.020153738531032
2025-05-01,Uttar Pradesh,Banda,210001,622.0,0.0,1903.0,2525.0,0.3268523384130321,15.10102116333854
2025-05-01,Uttar Pradesh,Banda,210121,428.0,0.0,1270.0,1698.0,0.33700787401574805,10.27309864083317
2025-05-01,Uttar Pradesh,Banda,210125,333.0,0.0,773.0,1106.0,0.4307891332470893,7.349831163175506
2025-05-01,Uttar Pradesh,Banda,210126,221.0,0.0,686.0,907.0,0.32215743440233235,5.394931153911651
2025-05-01,Uttar Pradesh,Bareilly,243001,918.0,3735.0,1918.0,6571.0,0.16239165045108792,28.443375131229175
2025-05-01,Uttar Pradesh,Bareilly,243001,918.0,3735.0,1918.0,6571.0,0.16239165045108792,28.443375131229175
2025-05-01,Uttar Pradesh,Bareilly,243201,1011.0,0.0,1966.0,2977.0,0.5142421159715158,21.175854830959143
2025-05-01,Uttar Pradesh,Bijnor,246701,716.0,4497.0,2202.0,7415.0,0.10688162412300344,28.0346727608027
2025-05-01,Uttar Pradesh,Bijnor,246701,716.0,4497.0,2202.0,7415.0,0.10688162412300344,28.0346727608027
2025-05-01,Uttar Pradesh,Bijnor,246725,527.0,3003.0,1833.0,5363.0,0.10897435897435898,20.544262434728555
2025-05-01,Uttar Pradesh,Bijnor,246763,579.0,0.0,2289.0,2868.0,0.2529488859764089,15.604202491854547
2025-05-01,Uttar Pradesh,Budaun,243638,461.0,0.0,1327.0,1788.0,0.3474001507159005,10.942858976510802
2025-05-01,Uttar Pradesh,Chandauli,232103,419.0,0.0,1441.0,1860.0,0.2907702984038862,10.64807952176266
2025-05-01,Uttar Pradesh,Deoria,274001,540.0,0.0,1811.0,2351.0,0.2981778023191607,13.585146845299178
2025-05-01,Uttar Pradesh,Deoria,274202,367.0,0.0,1033.0,1400.0,0.3552758954501452,8.64155448810226
2025-05-01,Uttar Pradesh,Etah,207001,1129.0,0.0,3993.0,5122.0,0.2827448034059604,29.020816909937896
2025-05-01,Uttar Pradesh,Etah,207302,468.0,0.0,2527.0,2995.0,0.185199841709537,14.635961682885323
2025-05-01,Uttar Pradesh,Fatehpur,212601,509.0,0.0,1569.0,2078.0,0.3244104525175271,12.392628383792758
2025-05-01,Uttar Pradesh,Gautam Buddha Nagar,201301,1255.0,6246.0,2889.0,10390.0,0.13738368910782703,42.374081754236634
2025-05-01,Uttar Pradesh,Gautam Buddha Nagar,201301,1255.0,6246.0,2889.0,10390.0,0.13738368910782703,42.374081754236634
2025-05-01,Uttar Pradesh,Gautam Buddha Nagar,201306,579.0,2866.0,905.0,4350.0,0.15354017501988862,18.233608527477642
2025-05-01,Uttar Pradesh,Gautam Buddha Nagar,201306,579.0,2866.0,905.0,4350.0,0.15354017501988862,18.233608527477642
2025-05-01,Uttar Pradesh,Ghaziabad,201001,1187.0,0.0,4359.0,5546.0,0.2723101628813948,30.992585240426262
2025-05-01,Uttar Pradesh,Ghaziabad,201002,338.0,1697.0,981.0,3016.0,0.1262135922330097,12.053881142504485
2025-05-01,Uttar Pradesh,Ghaziabad,201002,338.0,1697.0,981.0,3016.0,0.1262135922330097,12.053881142504485
2025-05-01,Uttar Pradesh,Ghaziabad,201012,141.0,0.0,271.0,412.0,0.5202952029520295,2.943773487713329
2025-05-01,Uttar Pradesh,Gorakhpur,273001,364.0,0.0,882.0,1246.0,0.4126984126984127,8.144770968378213
2025-05-01,Uttar Pradesh,Gorakhpur,273008,158.0,0.0,412.0,570.0,0.38349514563106796,3.622517595434908
2025-05-01,Uttar Pradesh,Hapur,245101,1142.0,4449.0,3448.0,9039.0,0.14461187792832722,38.09243524321695
2025-05-01,Uttar Pradesh,Hapur,245101,1142.0,4449.0,3448.0,9039.0,0.14461187792832722,38.09243524321695
2025-05-01,Uttar Pradesh,Hathras,204101,808.0,0.0,3050.0,3858.0,0.26491803278688525,21.34439140476328
2025-05-01,Uttar Pradesh,Kanpur Nagar,208001,979.0,6017.0,3074.0,10070.0,0.10768892311076889,38.209891768542434
2025-05-01,Uttar Pradesh,Kanpur Nagar,208001,979.0,6017.0,3074.0,10070.0,0.10768892311076889,38.209891768542434
2025-05-01,Uttar Pradesh,Kanpur Nagar,208010,253.0,0.0,765.0,1018.0,0.330718954248366,6.115323971530655
2025-05-01,Uttar Pradesh,Kanpur Nagar,208027,301.0,0.0,827.0,1128.0,0.3639661426844015,7.027017001860217
2025-05-01,Uttar Pradesh,Kanpur Nagar,209210,213.0,0.0,497.0,710.0,0.42857142857142855,4.7088916895113835
2025-05-01,Uttar Pradesh,Kheri,261505,555.0,0.0,1142.0,1697.0,0.4859894921190893,11.812282439584914
2025-05-01,Uttar Pradesh,Kheri,262804,659.0,0.0,2074.0,2733.0,0.31774349083895853,16.172092838719486
2025-05-01,Uttar Pradesh,Kheri,262902,338.0,0.0,1642.0,1980.0,0.20584652862362973,10.023206381448615
2025-05-01,Uttar Pradesh,Kushinagar,274402,409.0,0.0,1043.0,1452.0,0.39213806327900286,9.307008780306495
2025-05-01,Uttar Pradesh,Lalitpur,284404,219.0,0.0,394.0,613.0,0.5558375634517766,4.4917868808165915
2025-05-01,Uttar Pradesh,Lucknow,226003,845.0,4270.0,2883.0,7998.0,0.11813225220187334,31.486529590501554
2025-05-01,Uttar Pradesh,Lucknow,226003,845.0,4270.0,2883.0,7998.0,0.11813225220187334,31.486529590501554
2025-05-01,Uttar Pradesh,Lucknow,226005,182.0,0.0,571.0,753.0,0.318739054290718,4.460996200876947
2025-05-01,Uttar Pradesh,Lucknow,226008,189.0,0.0,514.0,703.0,0.36770428015564205,4.3965322082005756
2025-05-01,Uttar Pradesh,Maharajganj,273164,620.0,0.0,889.0,1509.0,0.6974128233970753,12.03959275602332
2025-05-01,Uttar Pradesh,Maharajganj,273303,451.0,0.0,1536.0,1987.0,0.2936197916666667,11.416301350666323
2025-05-01,Uttar Pradesh,Maharajganj,273305,260.0,0.0,410.0,670.0,0.6341463414634146,5.160044643677542
2025-05-01,Uttar Pradesh,Meerut,250001,921.0,4745.0,2550.0,8216.0,0.12625085675119946,32.76262460655847
2025-05-01,Uttar Pradesh,Meerut,250001,921.0,4745.0,2550.0,8216.0,0.12625085675119946,32.76262460655847
2025-05-01,Uttar Pradesh,Meerut,250002,1926.0,0.0,5311.0,7237.0,0.36264356994916214,45.02126134881167
2025-05-01,Uttar Pradesh,Moradabad,244001,2545.0,10872.0,8286.0,21703.0,0.13284267668858962,88.95018125593123
2025-05-01,Uttar Pradesh,Pilibhit,262001,1101.0,0.0,4346.0,5447.0,0.2533364012885412,29.652337031304764
2025-05-01,Uttar Pradesh,Pilibhit,262122,927.0,5322.0,4694.0,10943.0,0.09255191693290735,40.62480145859567
2025-05-01,Uttar Pradesh,Pilibhit,262122,927.0,5322.0,4694.0,10943.0,0.09255191693290735,40.62480145859567
2025-05-01,Uttar Pradesh,Prayagraj,211003,87.0,0.0,256.0,343.0,0.33984375,2.0817837265822603
2025-05-01,Uttar Pradesh,Rampur,244901,1483.0,0.0,5104.0,6587.0,0.2905564263322884,37.69881651657745
2025-05-01,Uttar Pradesh,Rampur,244921,548.0,0.0,1757.0,2305.0,0.3118952760387023,13.54478320081371
2025-05-01,Uttar Pradesh,Shahjahanpur,242001,1293.0,0.0,4409.0,5702.0,0.293263778634611,32.746086209644155
2025-05-01,Uttar Pradesh,Shahjahanpur,242127,430.0,0.0,656.0,1086.0,0.6554878048780488,8.467925149934509
2025-05-01,Uttar Pradesh,Shahjahanpur,242221,589.0,0.0,1460.0,2049.0,0.40342465753424656,13.27738593041855
2025-05-01,Uttar Pradesh,Shrawasti,271831,504.0,0.0,1574.0,2078.0,0.3202033036848793,12.331912906944055
2025-05-01,Uttar Pradesh,Shrawasti,271845,248.0,0.0,767.0,1015.0,0.32333767926988266,6.04564055506608
2025-05-01,Uttar Pradesh,Siddharthnagar,272153,758.0,0.0,1539.0,2297.0,0.49252761533463285,16.070918722816877
2025-05-01,Uttar Pradesh,Siddharthnagar,272192,425.0,0.0,1244.0,1669.0,0.34163987138263663,10.149979271770507
2025-05-01,Uttar Pradesh,Siddharthnagar,272201,153.0,0.0,371.0,524.0,0.4123989218328841,3.4242937111428158
2025-05-01,Uttar Pradesh,Siddharthnagar,272206,387.0,0.0,618.0,1005.0,0.6262135922330098,7.703637679407091
2025-05-01,Uttar Pradesh,Sitapur,261201,822.0,0.0,3131.0,3953.0,0.2625359310124561,21.7983794944423
2025-05-01,Uttar Pradesh,Sitapur,261205,551.0,0.0,1817.0,2368.0,0.30324711062190424,13.76953921885627
2025-05-01,Uttar Pradesh,Sultanpur,228001,424.0,0.0,1000.0,1424.0,0.424,9.405454441104451
2025-05-01,Uttar Pradesh,Unnao,209801,1286.0,0.0,3854.0,5140.0,0.3336792942397509,30.98109052068238
2025-05-01,Uttar Pradesh,Unnao,209861,342.0,0.0,1053.0,1395.0,0.3247863247863248,8.323030537832294
2025-05-01,Uttar Pradesh,Varanasi,221001,1062.0,0.0,3428.0,4490.0,0.3098016336056009,26.317983574421323
2025-05-01,Uttar Pradesh,Varanasi,221107,384.0,0.0,714.0,1098.0,0.5378151260504201,7.94521452138994
2025-05-01,Uttarakhand,Dehradun,248001,624.0,3951.0,3263.0,7838.0,0.08649847518713612,28.525048480824843
2025-05-01,West Bengal,Alipurduar,735204,113.0,0.0,68.0,181.0,1.661764705882353,1.913235466938356
2025-05-01,West Bengal,Alipurduar,736182,84.0,0.0,33.0,117.0,2.5454545454545454,1.369769656077254
2025-05-01,West Bengal,Birbhum,731204,278.0,1007.0,559.0,1844.0,0.17752234993614305,8.255358980455343
2025-05-01,West Bengal,Cooch Behar,736134,347.0,0.0,339.0,686.0,1.0235988200589972,6.264322952129617
2025-05-01,West Bengal,Cooch Behar,736135,649.0,0.0,483.0,1132.0,1.3436853002070392,11.264771443351055
2025-05-01,West Bengal,Cooch Behar,736165,271.0,0.0,263.0,534.0,1.0304182509505704,4.887072096825099
2025-05-01,West Bengal,Cooch Behar,736167,407.0,0.0,238.0,645.0,1.7100840336134453,6.870346832897109
2025-05-01,West Bengal,Dakshin Dinajpur,733121,235.0,1099.0,241.0,1575.0,0.17537313432835822,6.871275475768343
2025-05-01,West Bengal,Dakshin Dinajpur,733121,235.0,1099.0,241.0,1575.0,0.17537313432835822,6.871275475768343
2025-05-01,West Bengal,Darjeeling,734003,226.0,0.0,440.0,666.0,0.5136363636363637,4.735222148285202
2025-05-01,West Bengal,Darjeeling,734010,171.0,0.0,402.0,573.0,0.4253731343283582,3.789345774857407
2025-05-01,West Bengal,Darjeeling,734429,152.0,0.0,309.0,461.0,0.4919093851132686,3.223823883839737
2025-05-01,West Bengal,Jalpaiguri,735135,221.0,0.0,451.0,672.0,0.49002217294900224,4.692442550668247
2025-05-01,West Bengal,Jalpaiguri,735210,368.0,0.0,470.0,838.0,0.7829787234042553,6.973703562098412
2025-05-01,West Bengal,Jalpaiguri,735212,69.0,0.0,92.0,161.0,0.75,1.3191530065639552
2025-05-01,West Bengal,Jalpaiguri,735218,142.0,0.0,246.0,388.0,0.5772357723577236,2.8841730661560834
2025-05-01,West Bengal,Jalpaiguri,735224,180.0,0.0,310.0,490.0,0.5806451612903226,3.6505206371459114
2025-05-01,West Bengal,Kalimpong,734301,78.0,0.0,58.0,136.0,1.3448275862068966,1.353708034759342
2025-05-01,West Bengal,Kolkata,700014,178.0,0.0,504.0,682.0,0.3531746031746032,4.200182581822318
2025-05-01,West Bengal,Kolkata,700016,104.0,0.0,245.0,349.0,0.42448979591836733,2.306152227099594
2025-05-01,West Bengal,Kolkata,700023,221.0,0.0,463.0,684.0,0.4773218142548596,4.728314309131739
2025-05-01,West Bengal,Nadia,741313,89.0,0.0,92.0,181.0,0.967391304347826,1.6218011780645858
2025-05-01,West Bengal,Nadia,741501,214.0,0.0,360.0,574.0,0.5944444444444444,4.314488188961536
2025-05-01,West Bengal,Nadia,741502,333.0,0.0,487.0,820.0,0.6837782340862423,6.494887586462256
2025-05-01,West Bengal,North 24 Parganas,743145,138.0,0.0,379.0,517.0,0.3641160949868074,3.221222088159672
2025-05-01,West Bengal,North 24 Parganas,743263,251.0,0.0,714.0,965.0,0.35154061624649857,5.932604180910747
2025-05-01,West Bengal,North 24 Parganas,743423,337.0,0.0,657.0,994.0,0.512937595129376,7.063600465661867
2025-05-01,West Bengal,Uttar Dinajpur,733129,412.0,0.0,572.0,984.0,0.7202797202797203,7.944439486339489
2025-05-01,West Bengal,Uttar Dinajpur,733156,356.0,0.0,315.0,671.0,1.1301587301587301,6.328771112377915
2025-05-01,West Bengal,Uttar Dinajpur,733201,542.0,0.0,608.0,1150.0,0.8914473684210527,10.019267876484065
2025-05-01,West Bengal,Uttar Dinajpur,733202,1002.0,0.0,1001.0,2003.0,1.000999000999001,18.154975910677965
2025-05-01,West Bengal,Uttar Dinajpur,733207,1365.0,3309.0,870.0,5544.0,0.32663316582914576,31.068977084089095
2025-05-01,West Bengal,Uttar Dinajpur,733207,1365.0,3309.0,870.0,5544.0,0.32663316582914576,31.068977084089095
2025-06-01,Andhra Pradesh,Spsr Nellore,524201,332.0,0.0,0.0,332.0,,5.023959646910466
2025-06-01,Andhra Pradesh,Spsr Nellore,524305,183.0,0.0,0.0,183.0,,2.769230769230769
2025-06-01,Andhra Pradesh,Spsr Nellore,524308,85.0,0.0,0.0,85.0,,1.2862547288776798
2025-06-01,Andhra Pradesh,Spsr Nellore,524309,80.0,0.0,0.0,80.0,,1.210592686002522
2025-06-01,Andhra Pradesh,Spsr Nellore,524315,217.0,0.0,0.0,217.0,,3.2837326607818405
2025-06-01,Andhra Pradesh,Spsr Nellore,524322,125.0,0.0,0.0,125.0,,1.8915510718789406
2025-06-01,Andhra Pradesh,Spsr Nellore,524345,155.0,0.0,0.0,155.0,,2.345523329129886
2025-06-01,Andhra Pradesh,Spsr Nellore,524411,109.0,0.0,0.0,109.0,,1.6494325346784362
2025-06-01,Andhra Pradesh,Visakhapatanam,531029,226.0,0.0,0.0,226.0,,3.4199243379571245
2025-06-01,Assam,Barpeta,781308,281.0,0.0,546.0,827.0,0.5146520146520146,5.88437181967279
2025-06-01,Assam,Barpeta,781313,130.0,0.0,258.0,388.0,0.5038759689922481,2.7384559217191984
2025-06-01,Assam,Barpeta,781314,232.0,0.0,982.0,1214.0,0.23625254582484725,6.446224357003158
2025-06-01,Assam,Barpeta,781315,301.0,0.0,494.0,795.0,0.6093117408906883,6.031575704498285
2025-06-01,Assam,Barpeta,781317,235.0,0.0,788.0,1023.0,0.2982233502538071,5.911694820901784
2025-06-01,Assam,Cachar,782448,199.0,0.0,0.0,199.0,,3.0113493064312737
2025-06-01,Assam,Cachar,788002,97.0,0.0,120.0,217.0,0.8083333333333333,1.826561216412988
2025-06-01,Assam,Cachar,788005,109.0,0.0,207.0,316.0,0.5265700483091788,2.268220368173691
2025-06-01,Assam,Cachar,788009,98.0,0.0,158.0,256.0,0.620253164556962,1.955287526789081
2025-06-01,Assam,Cachar,788030,168.0,0.0,191.0,359.0,0.8795811518324608,3.1132034628158936
2025-06-01,Assam,Cachar,788098,94.0,0.0,109.0,203.0,0.8623853211009175,1.7482815454296918
2025-06-01,Assam,Cachar,788101,120.0,0.0,255.0,375.0,0.47058823529411764,2.5781638963530096
2025-06-01,Assam,Cachar,788104,131.0,0.0,91.0,222.0,1.4395604395604396,2.254373025010618
2025-06-01,Assam,Cachar,788107,147.0,0.0,139.0,286.0,1.0575539568345325,2.6399785960650948
2025-06-01,Assam,Cachar,788114,83.0,0.0,65.0,148.0,1.2769230769230768,1.450295270071537
2025-06-01,Assam,Cachar,788116,119.0,0.0,130.0,249.0,0.9153846153846154,2.1893673371165923
2025-06-01,Assam,Cachar,788119,144.0,0.0,207.0,351.0,0.6956521739130435,2.7978546682997942
2025-06-01,Assam,Darrang,784114,98.0,0.0,93.0,191.0,1.053763440860215,1.7609821684451603
2025-06-01,Assam,Dhemaji,787060,232.0,0.0,212.0,444.0,1.0943396226415094,4.144453188929024
2025-06-01,Assam,Dhemaji,787061,84.0,0.0,106.0,190.0,0.7924528301886793,1.587989520063503
2025-06-01,Assam,Dhubri,783334,227.0,1099.0,317.0,1643.0,0.16031073446327684,6.977404010770213
2025-06-01,Assam,Dhubri,783334,227.0,1099.0,317.0,1643.0,0.16031073446327684,6.977404010770213
2025-06-01,Assam,Dhubri,783348,318.0,0.0,544.0,862.0,0.5845588235294118,6.438292310538375
2025-06-01,Assam,Dibrugarh,785675,70.0,0.0,260.0,330.0,0.2692307692307692,1.8364900336278887
2025-06-01,Assam,Dibrugarh,786010,184.0,0.0,173.0,357.0,1.0635838150289016,3.3015143623211585
2025-06-01,Assam,Dibrugarh,786101,191.0,0.0,234.0,425.0,0.8162393162393162,3.5897893278691355
2025-06-01,Assam,Dibrugarh,786613,80.0,0.0,93.0,173.0,0.8602150537634409,1.488598814094593
2025-06-01,Assam,Dima Hasao,788819,71.0,0.0,0.0,71.0,,1.0744010088272382
2025-06-01,Assam,Goalpara,783134,80.0,0.0,55.0,135.0,1.4545454545454546,1.3750049122935317
2025-06-01,Assam,Golaghat,785603,91.0,0.0,70.0,161.0,1.3,1.5863011046982445
2025-06-01,Assam,Golaghat,785612,139.0,0.0,81.0,220.0,1.7160493827160495,2.3455391615579595
2025-06-01,Assam,Golaghat,785614,214.0,0.0,141.0,355.0,1.5177304964539007,3.6598285970027886
2025-06-01,Assam,Golaghat,785621,162.0,0.0,123.0,285.0,1.3170731707317074,2.819135713405911
2025-06-01,Assam,Golaghat,785625,319.0,0.0,104.0,423.0,3.0673076923076925,5.138126908785329
2025-06-01,Assam,Golaghat,785702,210.0,0.0,106.0,316.0,1.9811320754716981,3.494673000517475
2025-06-01,Assam,Golaghat,785705,130.0,0.0,206.0,336.0,0.6310679611650486,2.583011635044062
2025-06-01,Assam,Hojai,782446,364.0,0.0,529.0,893.0,0.6880907372400756,7.089543406910459
2025-06-01,Assam,Kamrup,781354,207.0,0.0,186.0,393.0,1.1129032258064515,3.6884208312156677
2025-06-01,Assam,Kamrup Metro,781005,70.0,0.0,67.0,137.0,1.044776119402985,1.2595525850067095
2025-06-01,Assam,Kamrup Metro,781017,68.0,0.0,58.0,126.0,1.1724137931034482,1.2023839490090267
2025-06-01,Assam,Karimganj,788709,116.0,0.0,113.0,229.0,1.0265486725663717,2.0931517869015495
2025-06-01,Assam,Karimganj,788712,155.0,0.0,123.0,278.0,1.2601626016260163,2.7132088533806895
2025-06-01,Assam,Karimganj,788713,75.0,0.0,77.0,152.0,0.974025974025974,1.3651077599347778
2025-06-01,Assam,Karimganj,788724,228.0,0.0,184.0,412.0,1.2391304347826086,4.000222784880748
2025-06-01,Assam,Kokrajhar,783370,287.0,0.0,431.0,718.0,0.665893271461717,5.631395252514506
2025-06-01,Assam,Lakhimpur,784160,182.0,0.0,191.0,373.0,0.9528795811518325,3.3250571828663347
2025-06-01,Assam,Lakhimpur,787032,137.0,0.0,159.0,296.0,0.8616352201257862,2.5484407744206012
2025-06-01,Assam,Lakhimpur,787056,132.0,0.0,41.0,173.0,3.2195121951219514,2.120039773321096
2025-06-01,Assam,Marigaon,782105,165.0,0.0,185.0,350.0,0.8918918918918919,3.0498703578590525
2025-06-01,Assam,Marigaon,782126,98.0,0.0,343.0,441.0,0.2857142857142857,2.5083104697679315
2025-06-01,Assam,Marigaon,782127,170.0,0.0,450.0,620.0,0.37777777777777777,3.917700400136348
2025-06-01,Assam,Marigaon,782410,240.0,0.0,164.0,404.0,1.4634146341463414,4.122025423675304
2025-06-01,Assam,Nagaon,782450,156.0,0.0,94.0,250.0,1.6595744680851063,2.64165117900228
2025-06-01,Assam,Sivasagar,785640,80.0,0.0,0.0,80.0,,1.210592686002522
2025-06-01,Assam,Sonitpur,784507,284.0,0.0,37.0,321.0,7.675675675675675,4.408208623904724
2025-06-01,Assam,West Karbi Anglong,782485,132.0,0.0,0.0,132.0,,1.9974779319041613
2025-06-01,Assam,West Karbi Anglong,782486,163.0,0.0,104.0,267.0,1.5673076923076923,2.777471171080411
2025-06-01,Bihar,Araria,854304,785.0,0.0,80.0,865.0,9.8125,12.118085787823036
2025-06-01,Bihar,Araria,854318,806.0,0.0,2107.0,2913.0,0.3825344091124822,18.495204235023724
2025-06-01,Bihar,Araria,854328,85.0,0.0,273.0,358.0,0.31135531135531136,2.102337233922146
2025-06-01,Bihar,Banka,813101,663.0,0.0,1342.0,2005.0,0.4940387481371088,14.044445206746536
2025-06-01,Bihar,Banka,813108,312.0,0.0,66.0,378.0,4.7272727272727275,4.918606146959047
2025-06-01,Bihar,Bhagalpur,811211,453.0,0.0,0.0,453.0,,6.854981084489281
2025-06-01,Bihar,Bhagalpur,812004,300.0,0.0,558.0,858.0,0.5376344086021505,6.207759341061882
2025-06-01,Bihar,Bhagalpur,812005,573.0,0.0,836.0,1409.0,0.6854066985645934,11.16993595311641
2025-06-01,Bihar,Bhagalpur,813203,302.0,0.0,650.0,952.0,0.4646153846153846,6.513040973098725
2025-06-01,Bihar,Bhagalpur,813210,480.0,0.0,954.0,1434.0,0.5031446540880503,10.115360913862826
2025-06-01,Bihar,Bhagalpur,813213,525.0,0.0,898.0,1423.0,0.5846325167037862,10.628917760242944
2025-06-01,Bihar,Bhagalpur,853202,375.0,0.0,633.0,1008.0,0.5924170616113744,7.5668884745860785
2025-06-01,Bihar,Bhagalpur,853204,842.0,0.0,1259.0,2101.0,0.6687847498014297,16.50503334563802
2025-06-01,Bihar,Darbhanga,847121,448.0,0.0,500.0,948.0,0.896,8.273975644259664
2025-06-01,Bihar,Gaya,824201,867.0,0.0,1833.0,2700.0,0.47299509001636664,18.59920933985089
2025-06-01,Bihar,Gaya,824231,456.0,0.0,797.0,1253.0,0.5721455457967378,9.28286093483137
2025-06-01,Bihar,Gaya,824236,570.0,0.0,665.0,1235.0,0.8571428571428571,10.613366169286541
2025-06-01,Bihar,Gopalganj,841405,416.0,0.0,1229.0,1645.0,0.33848657445077296,9.968947896515857
2025-06-01,Bihar,Gopalganj,841428,619.0,0.0,1180.0,1799.0,0.5245762711864407,12.894350490187994
2025-06-01,Bihar,Gopalganj,841438,738.0,0.0,984.0,1722.0,0.75,14.109201722379694
2025-06-01,Bihar,Jamui,811301,203.0,0.0,424.0,627.0,0.47877358490566035,4.339347739774819
2025-06-01,Bihar,Jamui,811307,569.0,0.0,1253.0,1822.0,0.45411013567438147,12.355949925422669
2025-06-01,Bihar,Kaimur (Bhabua),821109,711.0,0.0,1465.0,2176.0,0.4853242320819113,15.138486342598853
2025-06-01,Bihar,Katihar,854105,401.0,0.0,1241.0,1642.0,0.32312651087832395,9.777833526353879
2025-06-01,Bihar,Katihar,854108,324.0,0.0,1079.0,1403.0,0.3002780352177943,8.128369326819294
2025-06-01,Bihar,Katihar,854114,260.0,0.0,648.0,908.0,0.4012345679012346,5.87150118653682
2025-06-01,Bihar,Lakhisarai,811311,786.0,0.0,1808.0,2594.0,0.43473451327433627,17.29875141514106
2025-06-01,Bihar,Madhubani,847108,645.0,0.0,889.0,1534.0,0.7255343082114736,12.417902970399108
2025-06-01,Bihar,Madhubani,847225,413.0,0.0,1112.0,1525.0,0.37140287769784175,9.573801025771706
2025-06-01,Bihar,Madhubani,847227,382.0,0.0,602.0,984.0,0.6345514950166113,7.580146625247276
2025-06-01,Bihar,Madhubani,847232,352.0,0.0,605.0,957.0,0.5818181818181818,7.135142307612203
2025-06-01,Bihar,Madhubani,847403,296.0,0.0,530.0,826.0,0.5584905660377358,6.063528937013606
2025-06-01,Bihar,Madhubani,847421,337.0,0.0,562.0,899.0,0.599644128113879,6.779615711159215
2025-06-01,Bihar,Munger,811213,406.0,0.0,1051.0,1457.0,0.38629876308277833,9.285526060223729
2025-06-01,Bihar,Muzaffarpur,842001,363.0,0.0,920.0,1283.0,0.39456521739130435,8.243232461604242
2025-06-01,Bihar,Muzaffarpur,842002,412.0,0.0,940.0,1352.0,0.43829787234042555,9.044506745886608
2025-06-01,Bihar,Muzaffarpur,842004,170.0,0.0,493.0,663.0,0.3448275862068966,4.046240867963864
2025-06-01,Bihar,Muzaffarpur,843108,207.0,0.0,323.0,530.0,0.6408668730650154,4.097956740340545
2025-06-01,Bihar,Muzaffarpur,843109,471.0,0.0,850.0,1321.0,0.5541176470588235,9.66828066333727
2025-06-01,Bihar,Muzaffarpur,843111,807.0,0.0,1103.0,1910.0,0.7316409791477788,15.509066185486505
2025-06-01,Bihar,Muzaffarpur,843113,444.0,0.0,822.0,1266.0,0.5401459854014599,9.176004862063268
2025-06-01,Bihar,Muzaffarpur,843115,364.0,0.0,660.0,1024.0,0.5515151515151515,7.481143436803592
2025-06-01,Bihar,Muzaffarpur,843119,544.0,0.0,1058.0,1602.0,0.5141776937618148,11.394723636015117
2025-06-01,Bihar,Nalanda,803101,1047.0,0.0,1678.0,2725.0,0.6239570917759237,20.859699336536448
2025-06-01,Bihar,Nalanda,805130,450.0,0.0,64.0,514.0,7.03125,7.000899903902816
2025-06-01,Bihar,Pashchim Champaran,845106,543.0,0.0,0.0,543.0,,8.216897856242118
2025-06-01,Bihar,Pashchim Champaran,845306,583.0,0.0,0.0,583.0,,8.822194199243379
2025-06-01,Bihar,Pashchim Champaran,845307,481.0,0.0,0.0,481.0,,7.278688524590164
2025-06-01,Bihar,Pashchim Champaran,845438,1243.0,0.0,0.0,1243.0,,18.809583858764185
2025-06-01,Bihar,Pashchim Champaran,845449,542.0,0.0,0.0,542.0,,8.201765447667086
2025-06-01,Bihar,Pashchim Champaran,845450,360.0,0.0,0.0,360.0,,5.447667087011349
2025-06-01,Bihar,Pashchim Champaran,845451,492.0,0.0,0.0,492.0,,7.445145018915509
2025-06-01,Bihar,Pashchim Champaran,845452,683.0,0.0,0.0,683.0,,10.335435056746531
2025-06-01,Bihar,Pashchim Champaran,845454,740.0,0.0,0.0,740.0,,11.197982345523329
2025-06-01,Bihar,Pashchim Champaran,845455,840.0,0.0,0.0,840.0,,12.711223203026481
2025-06-01,Bihar,Patna,801109,365.0,0.0,801.0,1166.0,0.4556803995006242,7.917769007324665
2025-06-01,Bihar,Patna,801110,486.0,0.0,987.0,1473.0,0.49240121580547114,10.304802701087624
2025-06-01,Bihar,Patna,804453,516.0,0.0,809.0,1325.0,0.6378244746600742,10.226677207796754
2025-06-01,Bihar,Purbi Champaran,845301,595.0,0.0,0.0,595.0,,9.003783102143759
2025-06-01,Bihar,Purbi Champaran,845302,629.0,0.0,0.0,629.0,,9.518284993694829
2025-06-01,Bihar,Purbi Champaran,845303,844.0,0.0,0.0,844.0,,12.771752837326607
2025-06-01,Bihar,Purbi Champaran,845304,332.0,0.0,0.0,332.0,,5.023959646910466
2025-06-01,Bihar,Purbi Champaran,845305,703.0,0.0,0.0,703.0,,10.638083228247162
2025-06-01,Bihar,Purbi Champaran,845315,242.0,0.0,0.0,242.0,,3.662042875157629
2025-06-01,Bihar,Purbi Champaran,845401,886.0,0.0,0.0,886.0,,13.407313997477932
2025-06-01,Bihar,Purbi Champaran,845418,834.0,0.0,0.0,834.0,,12.620428751576293
2025-06-01,Bihar,Purbi Champaran,845427,236.0,0.0,0.0,236.0,,3.5712484237074404
2025-06-01,Bihar,Purbi Champaran,845433,716.0,0.0,0.0,716.0,,10.83480453972257
2025-06-01,Bihar,Purbi Champaran,845440,181.0,0.0,0.0,181.0,,2.738965952080706
2025-06-01,Bihar,Purnia,854205,386.0,0.0,962.0,1348.0,0.40124740124740127,8.716829013452191
2025-06-01,Bihar,Purnia,854301,347.0,0.0,1196.0,1543.0,0.290133779264214,8.826164369064077
2025-06-01,Bihar,Purnia,854303,293.0,0.0,885.0,1178.0,0.3310734463276836,7.079337899166846
2025-06-01,Bihar,Purnia,854326,392.0,0.0,1801.0,2193.0,0.21765685730149917,11.315657244141603
2025-06-01,Bihar,Saharsa,852106,376.0,0.0,874.0,1250.0,0.4302059496567506,8.302445365636261
2025-06-01,Bihar,Saharsa,852127,450.0,0.0,1111.0,1561.0,0.40504050405040504,10.130710829842581
2025-06-01,Bihar,Saran,841403,539.0,0.0,686.0,1225.0,0.7857142857142857,10.207037080771675
2025-06-01,Bihar,Saran,841424,572.0,0.0,703.0,1275.0,0.813655761024182,10.757224888237666
2025-06-01,Bihar,Sitamarhi,843302,1223.0,0.0,2316.0,3539.0,0.5280656303972366,25.43018507071771
2025-06-01,Bihar,Sitamarhi,843313,315.0,0.0,559.0,874.0,0.5635062611806798,6.4377347828926474
2025-06-01,Bihar,Sitamarhi,843314,457.0,0.0,1345.0,1802.0,0.3397769516728624,10.936136979905916
2025-06-01,Bihar,Sitamarhi,843315,291.0,0.0,620.0,911.0,0.4693548387096774,6.256905082614647
2025-06-01,Bihar,Sitamarhi,843316,459.0,0.0,696.0,1155.0,0.6594827586206896,9.026337526822065
2025-06-01,Bihar,Sitamarhi,843317,568.0,0.0,934.0,1502.0,0.6081370449678801,11.387226604359778
2025-06-01,Bihar,Sitamarhi,843320,427.0,0.0,1012.0,1439.0,0.42193675889328064,9.48672342529304
2025-06-01,Bihar,Sitamarhi,843324,1036.0,0.0,1911.0,2947.0,0.5421245421245421,21.389752819043924
2025-06-01,Bihar,Sitamarhi,843330,502.0,0.0,696.0,1198.0,0.7212643678160919,9.677031095548422
2025-06-01,Bihar,Sitamarhi,843331,781.0,0.0,1554.0,2335.0,0.5025740025740025,16.463803818121967
2025-06-01,Bihar,Sitamarhi,843332,417.0,0.0,748.0,1165.0,0.5574866310160428,8.546220653345877
2025-06-01,Bihar,Siwan,841237,104.0,0.0,282.0,386.0,0.36879432624113473,2.4167568156953645
2025-06-01,Bihar,Siwan,841239,400.0,0.0,676.0,1076.0,0.591715976331361,8.073739156789383
2025-06-01,Chhattisgarh,Bijapur,494444,441.0,0.0,1922.0,2363.0,0.2294484911550468,12.418852162158366
2025-06-01,Chhattisgarh,Bijapur,494447,191.0,0.0,538.0,729.0,0.3550185873605948,4.498540542277625
2025-06-01,Chhattisgarh,Gaurella Pendra Marwahi,495118,188.0,0.0,0.0,188.0,,2.8448928121059267
2025-06-01,Chhattisgarh,Gaurella Pendra Marwahi,495119,443.0,0.0,0.0,443.0,,6.703656998738966
2025-06-01,Dadra and Nagar Haveli and Daman and Diu,Dadra And Nagar Haveli,396230,249.0,0.0,0.0,249.0,,3.7679697351828496
2025-06-01,Delhi,Central Delhi,110005,194.0,0.0,1364.0,1558.0,0.14222873900293256,7.013110475573156
2025-06-01,Delhi,East Delhi,110091,430.0,2822.0,2369.0,5621.0,0.08283567713350029,20.251350343364045
2025-06-01,Delhi,East Delhi,110091,430.0,2822.0,2369.0,5621.0,0.08283567713350029,20.251350343364045
2025-06-01,Delhi,East Delhi,110092,555.0,4506.0,3226.0,8287.0,0.07177961717537507,28.6806606695048
2025-06-01,Delhi,East Delhi,110092,555.0,4506.0,3226.0,8287.0,0.07177961717537507,28.6806606695048
2025-06-01,Delhi,New Delhi,110003,124.0,0.0,0.0,124.0,,1.8764186633039093
2025-06-01,Delhi,New Delhi,110037,161.0,0.0,0.0,161.0,,2.4363177805800755
2025-06-01,Delhi,New Delhi,110061,78.0,0.0,0.0,78.0,,1.180327868852459
2025-06-01,Delhi,North Delhi,110039,285.0,0.0,0.0,285.0,,4.312736443883985
2025-06-01,Delhi,North Delhi,110040,313.0,0.0,0.0,313.0,,4.736443883984867
2025-06-01,Delhi,North East Delhi,110094,1577.0,6915.0,5612.0,14104.0,0.1258880817434342,56.96612372516926
2025-06-01,Delhi,North West Delhi,110034,329.0,2415.0,1764.0,4508.0,0.07872696817420435,15.953517077519294
2025-06-01,Delhi,North West Delhi,110085,469.0,0.0,3055.0,3524.0,0.153518821603928,16.22945146385405
2025-06-01,Delhi,South Delhi,110017,191.0,0.0,1252.0,1443.0,0.152555910543131,6.632910170855459
2025-06-01,Delhi,South Delhi,110024,70.0,0.0,219.0,289.0,0.319634703196347,1.7139281922109544
2025-06-01,Delhi,South Delhi,110062,650.0,3827.0,4925.0,9402.0,0.07426873857404022,33.593966104752944
2025-06-01,Delhi,South Delhi,110062,650.0,3827.0,4925.0,9402.0,0.07426873857404022,33.593966104752944
2025-06-01,Delhi,South West Delhi,110045,321.0,0.0,2090.0,2411.0,0.1535885167464115,11.105167751643487
2025-06-01,Delhi,West Delhi,110018,410.0,3481.0,2207.0,6098.0,0.0720815752461322,21.020330020966544
2025-06-01,Delhi,West Delhi,110027,209.0,1653.0,1623.0,3485.0,0.06379731379731379,11.917055675142246
2025-06-01,Delhi,West Delhi,110027,209.0,1653.0,1623.0,3485.0,0.06379731379731379,11.917055675142246
2025-06-01,Delhi,West Delhi,110059,1795.0,8896.0,5945.0,16636.0,0.12094872313186443,65.93756384233073
2025-06-01,Delhi,West Delhi,110059,1795.0,8896.0,5945.0,16636.0,0.12094872313186443,65.93756384233073
2025-06-01,Gujarat,Ahmadabad,380001,383.0,0.0,520.0,903.0,0.7365384615384616,7.350155350988438
2025-06-01,Gujarat,Ahmadabad,380016,179.0,0.0,0.0,179.0,,2.7087011349306427
2025-06-01,Gujarat,Ahmadabad,382350,283.0,0.0,0.0,283.0,,4.282471626733922
2025-06-01,Gujarat,Ahmadabad,382421,219.0,0.0,0.0,219.0,,3.3139974779319044
2025-06-01,Gujarat,Ahmadabad,382445,161.0,0.0,0.0,161.0,,2.4363177805800755
2025-06-01,Gujarat,Anand,388001,191.0,0.0,1081.0,1272.0,0.17668825161887142,6.121737612750684
2025-06-01,Gujarat,Banas Kantha,385001,721.0,0.0,0.0,721.0,,10.91046658259773
2025-06-01,Gujarat,Banas Kantha,385310,592.0,0.0,0.0,592.0,,8.958385876418664
2025-06-01,Gujarat,Banas Kantha,385320,383.0,0.0,0.0,383.0,,5.795712484237074
2025-06-01,Gujarat,Banas Kantha,385330,267.0,0.0,0.0,267.0,,4.040353089533418
2025-06-01,Gujarat,Banas Kantha,385535,1006.0,0.0,0.0,1006.0,,15.223203026481716
2025-06-01,Gujarat,Banas Kantha,385545,232.0,0.0,0.0,232.0,,3.510718789407314
2025-06-01,Gujarat,Banas Kantha,385570,89.0,0.0,0.0,89.0,,1.3467843631778058
2025-06-01,Gujarat,Bhavnagar,364290,239.0,0.0,1880.0,2119.0,0.1271276595744681,9.236554475379775
2025-06-01,Gujarat,Botad,364710,364.0,0.0,823.0,1187.0,0.4422843256379101,7.9684014892660375
2025-06-01,Gujarat,Chhotaudepur,391110,141.0,0.0,0.0,141.0,,2.133669609079445
2025-06-01,Gujarat,Dang,394710,217.0,0.0,0.0,217.0,,3.2837326607818405
2025-06-01,Gujarat,Dang,394716,147.0,0.0,0.0,147.0,,2.224464060529634
2025-06-01,Gujarat,Dohad,389140,189.0,0.0,91.0,280.0,2.076923076923077,3.1320527223624466
2025-06-01,Gujarat,Dohad,389151,863.0,0.0,740.0,1603.0,1.1662162162162162,15.271360372167612
2025-06-01,Gujarat,Dohad,389155,355.0,0.0,250.0,605.0,1.42,6.119333345458963
2025-06-01,Gujarat,Dohad,389170,610.0,0.0,139.0,749.0,4.388489208633094,9.646283766304691
2025-06-01,Gujarat,Dohad,389175,200.0,0.0,0.0,200.0,,3.0264817150063053
2025-06-01,Gujarat,Dohad,389180,549.0,0.0,153.0,702.0,3.588235294117647,8.765057228101844
2025-06-01,Gujarat,Dohad,389380,217.0,0.0,0.0,217.0,,3.2837326607818405
2025-06-01,Gujarat,Dohad,389382,205.0,0.0,0.0,205.0,,3.102143757881463
2025-06-01,Gujarat,Gandhinagar,382721,312.0,2307.0,1685.0,4304.0,0.0781563126252505,15.20512278375655
2025-06-01,Gujarat,Gandhinagar,382721,312.0,2307.0,1685.0,4304.0,0.0781563126252505,15.20512278375655
2025-06-01,Gujarat,Kachchh,370201,133.0,0.0,899.0,1032.0,0.14794215795328142,4.7000029120358775
2025-06-01,Gujarat,Mahisagar,389260,161.0,0.0,436.0,597.0,0.36926605504587157,3.739658338086989
2025-06-01,Gujarat,Morbi,363621,369.0,0.0,1149.0,1518.0,0.32114882506527415,9.01857963706609
2025-06-01,Gujarat,Morbi,363641,800.0,0.0,1464.0,2264.0,0.546448087431694,16.48228139257137
2025-06-01,Gujarat,Patan,384151,298.0,0.0,1278.0,1576.0,0.23317683881064163,8.329800031721401
2025-06-01,Gujarat,Porbandar,360575,277.0,0.0,1307.0,1584.0,0.21193573068094873,8.09870953459918
2025-06-01,Gujarat,Rajkot,363520,324.0,0.0,0.0,324.0,,4.902900378310215
2025-06-01,Gujarat,Vadodara,390019,362.0,0.0,2101.0,2463.0,0.17229890528319847,11.75847894847798
2025-06-01,Gujarat,Vadodara,391240,98.0,0.0,504.0,602.0,0.19444444444444445,2.989589895819796
2025-06-01,Haryana,Ambala,134003,281.0,1290.0,2372.0,3943.0,0.07673402512288367,14.388543011722128
2025-06-01,Haryana,Faridabad,121001,525.0,3131.0,2036.0,5692.0,0.10160634797754983,21.423035729830907
2025-06-01,Haryana,Faridabad,121001,525.0,3131.0,2036.0,5692.0,0.10160634797754983,21.423035729830907
2025-06-01,Haryana,Faridabad,121002,295.0,2098.0,1356.0,3749.0,0.08540822235089751,13.47093955828501
2025-06-01,Haryana,Faridabad,121002,295.0,2098.0,1356.0,3749.0,0.08540822235089751,13.47093955828501
2025-06-01,Haryana,Faridabad,121003,251.0,0.0,1173.0,1424.0,0.21398124467178176,7.304698942139355
2025-06-01,Haryana,Faridabad,121004,1193.0,5433.0,3530.0,10156.0,0.13310275577373648,41.43253216238582
2025-06-01,Haryana,Faridabad,121004,1193.0,5433.0,3530.0,10156.0,0.13310275577373648,41.43253216238582
2025-06-01,Haryana,Gurugram,122001,682.0,0.0,0.0,682.0,,10.320302648171499
2025-06-01,Haryana,Gurugram,122002,140.0,0.0,0.0,140.0,,2.1185372005044134
2025-06-01,Haryana,Hisar,125001,406.0,0.0,3053.0,3459.0,0.13298395021290535,15.27013109721648
2025-06-01,Haryana,Kaithal,136027,435.0,2175.0,2844.0,5454.0,0.08667065152420801,20.219371526477648
2025-06-01,Haryana,Kaithal,136027,435.0,2175.0,2844.0,5454.0,0.08667065152420801,20.219371526477648
2025-06-01,Haryana,Kurukshetra,136119,93.0,0.0,684.0,777.0,0.13596491228070176,3.4520042298970335
2025-06-01,Haryana,Nuh,122108,427.0,0.0,0.0,427.0,,6.461538461538462
2025-06-01,Haryana,Nuh,122508,1079.0,0.0,0.0,1079.0,,16.327868852459016
2025-06-01,Haryana,Panipat,132103,877.0,0.0,4563.0,5440.0,0.19219811527503836,26.911358476045866
2025-06-01,Haryana,Rohtak,124001,528.0,1857.0,3933.0,6318.0,0.09119170984455958,24.131250768252666
2025-06-01,Haryana,Sonipat,131001,429.0,2904.0,2119.0,5452.0,0.08540712721481186,19.682491333383606
2025-06-01,Haryana,Sonipat,131001,429.0,2904.0,2119.0,5452.0,0.08540712721481186,19.682491333383606
2025-06-01,Jharkhand,Chatra,825401,474.0,0.0,1525.0,1999.0,0.31081967213114753,11.731464302633848
2025-06-01,Jharkhand,Dumka,814119,198.0,0.0,397.0,595.0,0.4987405541561713,4.182974240356803
2025-06-01,Jharkhand,Gumla,835207,369.0,0.0,1904.0,2273.0,0.19380252100840337,11.27551110706086
2025-06-01,Jharkhand,Khunti,835216,250.0,0.0,1026.0,1276.0,0.24366471734892786,6.850137492386535
2025-06-01,Jharkhand,Lohardaga,835302,360.0,0.0,2735.0,3095.0,0.1316270566727605,13.623438703482465
2025-06-01,Jharkhand,Pakur,816107,1107.0,0.0,1743.0,2850.0,0.6351118760757315,21.961949209382258
2025-06-01,Jharkhand,Ranchi,834001,339.0,0.0,1518.0,1857.0,0.22332015810276679,9.667663952567555
2025-06-01,Jharkhand,Ranchi,834002,227.0,0.0,963.0,1190.0,0.23572170301142265,6.31376536322747
2025-06-01,Karnataka,Bengaluru Rural,560049,362.0,0.0,0.0,362.0,,5.477931904161412
2025-06-01,Karnataka,Bengaluru Rural,560067,501.0,0.0,0.0,501.0,,7.581336696090794
2025-06-01,Karnataka,Bengaluru Rural,560087,271.0,0.0,0.0,271.0,,4.100882723833543
2025-06-01,Karnataka,Bengaluru Urban,560001,75.0,0.0,0.0,75.0,,1.1349306431273642
2025-06-01,Karnataka,Bengaluru Urban,560005,141.0,0.0,0.0,141.0,,2.133669609079445
2025-06-01,Karnataka,Bengaluru Urban,560008,115.0,0.0,0.0,115.0,,1.7402269861286253
2025-06-01,Karnataka,Bengaluru Urban,560010,152.0,0.0,0.0,152.0,,2.300126103404792
2025-06-01,Karnataka,Bengaluru Urban,560016,396.0,0.0,0.0,396.0,,5.992433795712484
2025-06-01,Karnataka,Bengaluru Urban,560024,111.0,0.0,0.0,111.0,,1.6796973518284992
2025-06-01,Karnataka,Bengaluru Urban,560029,113.0,0.0,0.0,113.0,,1.7099621689785622
2025-06-01,Karnataka,Bengaluru Urban,560032,362.0,0.0,0.0,362.0,,5.477931904161412
2025-06-01,Karnataka,Bengaluru Urban,560035,305.0,0.0,0.0,305.0,,4.615384615384616
2025-06-01,Karnataka,Bengaluru Urban,560036,330.0,0.0,0.0,330.0,,4.993694829760403
2025-06-01,Karnataka,Bengaluru Urban,560037,429.0,0.0,0.0,429.0,,6.491803278688524
2025-06-01,Karnataka,Bengaluru Urban,560038,70.0,0.0,0.0,70.0,,1.0592686002522067
2025-06-01,Karnataka,Bengaluru Urban,560043,568.0,0.0,0.0,568.0,,8.595208070617906
2025-06-01,Karnataka,Bengaluru Urban,560045,473.0,0.0,0.0,473.0,,7.157629255989911
2025-06-01,Karnataka,Bengaluru Urban,560047,180.0,0.0,0.0,180.0,,2.7238335435056746
2025-06-01,Karnataka,Bengaluru Urban,560048,224.0,0.0,0.0,224.0,,3.389659520807062
2025-06-01,Karnataka,Bengaluru Urban,560058,196.0,0.0,0.0,196.0,,2.965952080706179
2025-06-01,Karnataka,Bengaluru Urban,560061,256.0,0.0,0.0,256.0,,3.8738965952080706
2025-06-01,Karnataka,Bengaluru Urban,560062,233.0,0.0,0.0,233.0,,3.525851197982345
2025-06-01,Karnataka,Bengaluru Urban,560064,513.0,0.0,0.0,513.0,,7.762925598991171
2025-06-01,Karnataka,Bengaluru Urban,560066,363.0,0.0,0.0,363.0,,5.493064312736444
2025-06-01,Karnataka,Bengaluru Urban,560068,676.0,0.0,0.0,676.0,,10.22950819672131
2025-06-01,Karnataka,Bengaluru Urban,560075,117.0,0.0,0.0,117.0,,1.7704918032786885
2025-06-01,Karnataka,Bengaluru Urban,560076,352.0,0.0,0.0,352.0,,5.326607818411097
2025-06-01,Karnataka,Bengaluru Urban,560077,402.0,0.0,0.0,402.0,,6.083228247162673
2025-06-01,Karnataka,Bengaluru Urban,560078,305.0,0.0,0.0,305.0,,4.615384615384616
2025-06-01,Karnataka,Bengaluru Urban,560084,136.0,0.0,0.0,136.0,,2.0580075662042874
2025-06-01,Karnataka,Bengaluru Urban,560085,177.0,0.0,0.0,177.0,,2.67843631778058
2025-06-01,Karnataka,Bengaluru Urban,560091,384.0,0.0,0.0,384.0,,5.810844892812106
2025-06-01,Karnataka,Bengaluru Urban,560092,125.0,0.0,0.0,125.0,,1.8915510718789406
2025-06-01,Karnataka,Bengaluru Urban,560093,123.0,0.0,0.0,123.0,,1.8612862547288773
2025-06-01,Karnataka,Bengaluru Urban,560094,137.0,0.0,0.0,137.0,,2.073139974779319
2025-06-01,Karnataka,Bengaluru Urban,560097,263.0,0.0,0.0,263.0,,3.979823455233291
2025-06-01,Karnataka,Bengaluru Urban,560098,89.0,0.0,0.0,89.0,,1.3467843631778058
2025-06-01,Karnataka,Bengaluru Urban,560099,214.0,0.0,0.0,214.0,,3.238335435056746
2025-06-01,Karnataka,Bengaluru Urban,560100,391.0,0.0,0.0,391.0,,5.9167717528373265
2025-06-01,Karnataka,Bengaluru Urban,560102,163.0,0.0,0.0,163.0,,2.4665825977301385
2025-06-01,Karnataka,Bengaluru Urban,560103,202.0,0.0,0.0,202.0,,3.0567465321563683
2025-06-01,Karnataka,Bengaluru Urban,562125,209.0,0.0,0.0,209.0,,3.1626733921815884
2025-06-01,Karnataka,Raichur,584128,428.0,0.0,1737.0,2165.0,0.24640184225676454,11.669107907704106
2025-06-01,Kerala,Ernakulam,686673,139.0,0.0,517.0,656.0,0.2688588007736944,3.648879719064872
2025-06-01,Madhya Pradesh,Alirajpur,457882,192.0,0.0,2012.0,2204.0,0.09542743538767395,8.919920615451716
2025-06-01,Madhya Pradesh,Alirajpur,457887,182.0,0.0,1034.0,1216.0,0.1760154738878143,5.845048214926719
2025-06-01,Madhya Pradesh,Alirajpur,457893,187.0,0.0,1127.0,1314.0,0.16592724046140195,6.198716385893947
2025-06-01,Madhya Pradesh,Alirajpur,457990,485.0,0.0,2577.0,3062.0,0.18820333721381452,15.042678288925416
2025-06-01,Madhya Pradesh,Ashoknagar,473335,327.0,0.0,0.0,327.0,,4.948297604035309
2025-06-01,Madhya Pradesh,Ashoknagar,473443,541.0,0.0,0.0,541.0,,8.186633039092055
2025-06-01,Madhya Pradesh,Barwani,451551,775.0,2007.0,4377.0,7159.0,0.12139724310776942,29.55036020050304
2025-06-01,Madhya Pradesh,Barwani,451666,1458.0,0.0,6685.0,8143.0,0.2181002243829469,42.04661047976687
2025-06-01,Madhya Pradesh,Bhind,477116,253.0,0.0,1090.0,1343.0,0.23211009174311928,7.086850763250258
2025-06-01,Madhya Pradesh,Bhind,477445,252.0,0.0,750.0,1002.0,0.336,6.055351864876258
2025-06-01,Madhya Pradesh,Bhind,477557,380.0,0.0,974.0,1354.0,0.39014373716632444,8.661906320465496
2025-06-01,Madhya Pradesh,Bhopal,462001,617.0,1614.0,4268.0,6499.0,0.10489629377762666,25.905732944472255
2025-06-01,Madhya Pradesh,Bhopal,462022,216.0,0.0,1890.0,2106.0,0.11428571428571428,8.91840221020696
2025-06-01,Madhya Pradesh,Burhanpur,450221,225.0,0.0,1137.0,1362.0,0.19788918205804748,6.803641043798056
2025-06-01,Madhya Pradesh,Burhanpur,450331,1013.0,0.0,8505.0,9518.0,0.11910640799529688,40.75323869750761
2025-06-01,Madhya Pradesh,Burhanpur,450332,539.0,872.0,2434.0,3845.0,0.1630369026013309,17.491145372497837
2025-06-01,Madhya Pradesh,Burhanpur,450332,539.0,872.0,2434.0,3845.0,0.1630369026013309,17.491145372497837
2025-06-01,Madhya Pradesh,Chhatarpur,471105,210.0,0.0,1032.0,1242.0,0.20348837209302326,6.26277702861702
2025-06-01,Madhya Pradesh,Chhatarpur,471606,245.0,0.0,864.0,1109.0,0.2835648148148148,6.29020671025422
2025-06-01,Madhya Pradesh,Chhatarpur,471625,259.0,0.0,1018.0,1277.0,0.2544204322200393,6.962414663919489
2025-06-01,Madhya Pradesh,Dhar,454001,689.0,1986.0,3433.0,6108.0,0.12714522974718584,25.37748047410598
2025-06-01,Madhya Pradesh,Dhar,454446,838.0,0.0,3264.0,4102.0,0.25674019607843135,22.438076687946516
2025-06-01,Madhya Pradesh,Gwalior,474001,642.0,2964.0,4093.0,7699.0,0.09097350148788437,28.948258407537264
2025-06-01,Madhya Pradesh,Gwalior,475110,725.0,1573.0,2952.0,5250.0,0.16022099447513813,23.509296042453908
2025-06-01,Madhya Pradesh,Gwalior,475220,344.0,0.0,1183.0,1527.0,0.2907861369399831,8.741906071670199
2025-06-01,Madhya Pradesh,Gwalior,475330,219.0,0.0,915.0,1134.0,0.23934426229508196,6.049219060773246
2025-06-01,Madhya Pradesh,Indore,452001,561.0,2519.0,3135.0,6215.0,0.09922178988326848,23.80812789078807
2025-06-01,Madhya Pradesh,Indore,452001,561.0,2519.0,3135.0,6215.0,0.09922178988326848,23.80812789078807
2025-06-01,Madhya Pradesh,Jhabua,457661,899.0,0.0,3750.0,4649.0,0.23973333333333333,24.813959828794907
2025-06-01,Madhya Pradesh,Katni,483775,293.0,0.0,1088.0,1381.0,0.2693014705882353,7.686168479840936
2025-06-01,Madhya Pradesh,Khargone,451332,526.0,0.0,2882.0,3408.0,0.1825121443442054,16.574847568115487
2025-06-01,Madhya Pradesh,Morena,476001,1104.0,0.0,4836.0,5940.0,0.228287841191067,31.16249772762249
2025-06-01,Madhya Pradesh,Morena,476221,889.0,0.0,2743.0,3632.0,0.32409770324462267,21.65239734531647
2025-06-01,Madhya Pradesh,Morena,476444,276.0,0.0,1064.0,1340.0,0.2593984962406015,7.357174017138416
2025-06-01,Madhya Pradesh,Sagar,470227,201.0,826.0,2286.0,3313.0,0.06458868894601542,11.82536708809314
2025-06-01,Madhya Pradesh,Sheopur,476337,809.0,2274.0,3498.0,6581.0,0.14015939015939016,28.067641807504916
2025-06-01,Madhya Pradesh,Sheopur,476337,809.0,2274.0,3498.0,6581.0,0.14015939015939016,28.067641807504916
2025-06-01,Madhya Pradesh,Shivpuri,473551,783.0,0.0,5781.0,6564.0,0.13544369486248053,29.129895554037443
2025-06-01,Maharashtra,Amravati,444601,368.0,1003.0,2694.0,4065.0,0.09954016770354342,15.99001546014282
2025-06-01,Maharashtra,Amravati,444601,368.0,1003.0,2694.0,4065.0,0.09954016770354342,15.99001546014282
2025-06-01,Maharashtra,Beed,431122,730.0,2636.0,4281.0,7647.0,0.10553708255023854,30.0674944450653
2025-06-01,Maharashtra,Beed,431123,269.0,0.0,1953.0,2222.0,0.13773681515617,9.908746596616968
2025-06-01,Maharashtra,Buldhana,443001,368.0,0.0,1414.0,1782.0,0.26025459688826025,9.795615227893196
2025-06-01,Maharashtra,Chandrapur,442401,232.0,912.0,2364.0,3508.0,0.07081807081807082,12.730683869211013
2025-06-01,Maharashtra,Dhule,424304,298.0,0.0,2369.0,2667.0,0.12579147319544112,11.591140738693975
2025-06-01,Maharashtra,Dhule,424305,124.0,0.0,1041.0,1165.0,0.11911623439000961,4.988293710011928
2025-06-01,Maharashtra,Dhule,424306,325.0,0.0,2120.0,2445.0,0.15330188679245282,11.255376782102344
2025-06-01,Maharashtra,Dhule,425405,544.0,0.0,2629.0,3173.0,0.20692278432864206,16.09093468152741
2025-06-01,Maharashtra,Dhule,425408,197.0,0.0,763.0,960.0,0.2581913499344692,5.261930464918308
2025-06-01,Maharashtra,Hingoli,431712,337.0,0.0,0.0,337.0,,5.099621689785624
2025-06-01,Maharashtra,Latur,413517,545.0,0.0,3448.0,3993.0,0.15806264501160092,18.554314605235838
2025-06-01,Maharashtra,Nanded,431704,181.0,0.0,1139.0,1320.0,0.15891132572431957,6.143793692907251
2025-06-01,Maharashtra,Nanded,431715,403.0,0.0,3556.0,3959.0,0.11332958380202475,16.7283584137528
2025-06-01,Maharashtra,Palghar,401209,514.0,0.0,1728.0,2242.0,0.2974537037037037,12.943591226309199
2025-06-01,Maharashtra,Pune,411014,236.0,0.0,1388.0,1624.0,0.17002881844380405,7.720415152651467
2025-06-01,Maharashtra,Sangli,416410,356.0,0.0,2015.0,2371.0,0.17667493796526054,11.41060356137276
2025-06-01,Maharashtra,Satara,415523,201.0,0.0,1334.0,1535.0,0.15067466266866567,7.029357939439643
2025-06-01,Maharashtra,Thane,400604,237.0,0.0,1891.0,2128.0,0.1253305129561079,9.239172103487912
2025-06-01,Maharashtra,Thane,400612,890.0,4189.0,4123.0,9202.0,0.10707410972088546,35.68299564736201
2025-06-01,Maharashtra,Thane,400612,890.0,4189.0,4123.0,9202.0,0.10707410972088546,35.68299564736201
2025-06-01,Maharashtra,Thane,400701,173.0,0.0,1209.0,1382.0,0.14309346567411083,6.231986348677375
2025-06-01,Maharashtra,Thane,400703,96.0,0.0,822.0,918.0,0.11678832116788321,3.9099266779522983
2025-06-01,Maharashtra,Thane,400705,91.0,0.0,628.0,719.0,0.1449044585987261,3.25433787325067
2025-06-01,Maharashtra,Thane,400706,148.0,1384.0,1221.0,2753.0,0.056813819577735125,9.15716682795573
2025-06-01,Maharashtra,Thane,400708,282.0,0.0,1541.0,1823.0,0.18299805321219986,8.873870867512451
2025-06-01,Maharashtra,Thane,400709,132.0,0.0,1011.0,1143.0,0.13056379821958458,5.019673582453447
2025-06-01,Maharashtra,Thane,401107,646.0,3898.0,2682.0,7226.0,0.09817629179331307,26.996037691157266
2025-06-01,Maharashtra,Thane,401107,646.0,3898.0,2682.0,7226.0,0.09817629179331307,26.996037691157266
2025-06-01,Maharashtra,Thane,421302,1019.0,4593.0,4766.0,10378.0,0.10887915375574314,40.51104726608734
2025-06-01,Maharashtra,Thane,421302,1019.0,4593.0,4766.0,10378.0,0.10887915375574314,40.51104726608734
2025-06-01,Maharashtra,Thane,421501,265.0,0.0,1148.0,1413.0,0.2308362369337979,7.4418198320575195
2025-06-01,Maharashtra,Thane,421503,442.0,0.0,1849.0,2291.0,0.2390481341265549,12.21576470674715
2025-06-01,Manipur,Churachandpur,795128,603.0,0.0,848.0,1451.0,0.7110849056603774,11.659779968830849
2025-06-01,Meghalaya,East Garo Hills,794110,381.0,0.0,192.0,573.0,1.984375,6.339395802502899
2025-06-01,Meghalaya,East Garo Hills,794111,499.0,0.0,168.0,667.0,2.9702380952380953,8.053276497429634
2025-06-01,Meghalaya,East Jaintia Hills,793160,284.0,0.0,63.0,347.0,4.507936507936508,4.485930767242291
2025-06-01,Meghalaya,East Jaintia Hills,793200,534.0,0.0,97.0,631.0,5.505154639175258,8.37066955998007
2025-06-01,Meghalaya,East Khasi Hills,793001,170.0,0.0,159.0,329.0,1.069182389937107,3.047810257396642
2025-06-01,Meghalaya,East Khasi Hills,793002,129.0,0.0,123.0,252.0,1.048780487804878,2.3197662304298703
2025-06-01,Meghalaya,East Khasi Hills,793004,97.0,0.0,91.0,188.0,1.065934065934066,1.7398711334595467
2025-06-01,Meghalaya,East Khasi Hills,793005,170.0,0.0,71.0,241.0,2.3943661971830985,2.7847506953310264
2025-06-01,Meghalaya,East Khasi Hills,793006,106.0,0.0,175.0,281.0,0.6057142857142858,2.127165119879282
2025-06-01,Meghalaya,East Khasi Hills,793015,467.0,0.0,185.0,652.0,2.5243243243243243,7.619857747518573
2025-06-01,Meghalaya,East Khasi Hills,793022,121.0,0.0,36.0,157.0,3.361111111111111,1.9386367129692934
2025-06-01,Meghalaya,East Khasi Hills,793108,169.0,0.0,93.0,262.0,1.8172043010752688,2.8353831772723983
2025-06-01,Meghalaya,East Khasi Hills,793110,507.0,0.0,183.0,690.0,2.7704918032786887,8.21917546410925
2025-06-01,Meghalaya,East Khasi Hills,793111,356.0,0.0,105.0,461.0,3.3904761904761904,5.701015339266787
2025-06-01,Meghalaya,East Khasi Hills,793112,132.0,0.0,0.0,132.0,,1.9974779319041613
2025-06-01,Meghalaya,East Khasi Hills,793113,151.0,0.0,88.0,239.0,1.7159090909090908,2.548053256895376
2025-06-01,Meghalaya,East Khasi Hills,793121,565.0,0.0,84.0,649.0,6.726190476190476,8.800913154137262
2025-06-01,Meghalaya,Ri Bhoi,793102,457.0,0.0,177.0,634.0,2.5819209039548023,7.4446191561259285
2025-06-01,Meghalaya,Ri Bhoi,793103,326.0,0.0,54.0,380.0,6.037037037037037,5.094588108545996
2025-06-01,Meghalaya,South Garo Hills,794102,341.0,0.0,46.0,387.0,7.413043478260869,5.29765973152914
2025-06-01,Meghalaya,South Garo Hills,794107,67.0,0.0,0.0,67.0,,1.0138713745271122
2025-06-01,Meghalaya,South Garo Hills,794114,143.0,0.0,0.0,143.0,,2.1639344262295084
2025-06-01,Meghalaya,South West Garo Hills,794106,91.0,0.0,97.0,188.0,0.9381443298969072,1.667012561241104
2025-06-01,Meghalaya,South West Garo Hills,794115,527.0,0.0,152.0,679.0,3.4671052631578947,8.42915492624586
2025-06-01,Meghalaya,South West Khasi Hills,793106,145.0,0.0,90.0,235.0,1.6111111111111112,2.4632374318557684
2025-06-01,Meghalaya,South West Khasi Hills,793114,239.0,0.0,102.0,341.0,2.343137254901961,3.9215555963722255
2025-06-01,Meghalaya,West Garo Hills,794001,108.0,0.0,217.0,325.0,0.4976958525345622,2.2829810916515703
2025-06-01,Meghalaya,West Garo Hills,794005,468.0,0.0,125.0,593.0,3.744,7.45563136377614
2025-06-01,Meghalaya,West Garo Hills,794103,503.0,0.0,179.0,682.0,2.810055865921788,8.146688576987962
2025-06-01,Meghalaya,West Garo Hills,794104,513.0,0.0,3921.0,4434.0,0.13083397092578425,19.484022676937514
2025-06-01,Meghalaya,West Garo Hills,794105,529.0,0.0,947.0,1476.0,0.5586061246040127,10.835923741602334
2025-06-01,Meghalaya,West Garo Hills,794109,246.0,0.0,421.0,667.0,0.5843230403800475,4.981073368885301
2025-06-01,Meghalaya,West Jaintia Hills,793109,257.0,0.0,90.0,347.0,2.8555555555555556,4.1580671922593
2025-06-01,Meghalaya,West Jaintia Hills,793150,1052.0,0.0,353.0,1405.0,2.9801699716713883,16.974521382400916
2025-06-01,Meghalaya,West Jaintia Hills,793151,534.0,0.0,93.0,627.0,5.741935483870968,8.358712307158905
2025-06-01,Meghalaya,West Khasi Hills,793119,1486.0,0.0,468.0,1954.0,3.175213675213675,23.88575772257307
2025-06-01,Meghalaya,West Khasi Hills,793120,691.0,0.0,214.0,905.0,3.2289719626168223,11.096207351279078
2025-06-01,Mizoram,Champhai,796321,138.0,653.0,418.0,1209.0,0.12885154061624648,4.879535913483577
2025-06-01,Mizoram,Champhai,796321,138.0,653.0,418.0,1209.0,0.12885154061624648,4.879535913483577
2025-06-01,Mizoram,Lawngtlai,796891,173.0,494.0,658.0,1325.0,0.1501736111111111,5.751206964747089
2025-06-01,Mizoram,Lawngtlai,796891,173.0,494.0,658.0,1325.0,0.1501736111111111,5.751206964747089
2025-06-01,Nagaland,Dimapur,797112,377.0,0.0,1399.0,1776.0,0.2694781987133667,9.88696720698911
2025-06-01,Nagaland,Mon,798621,174.0,0.0,524.0,698.0,0.3320610687022901,4.199439211628014
2025-06-01,Nagaland,Peren,797110,188.0,0.0,363.0,551.0,0.5179063360881543,3.930013505626591
2025-06-01,Punjab,Hoshiarpur,146001,313.0,1380.0,2390.0,4083.0,0.0830238726790451,15.139077394459388
2025-06-01,Punjab,Hoshiarpur,146001,313.0,1380.0,2390.0,4083.0,0.0830238726790451,15.139077394459388
2025-06-01,Punjab,Kapurthala,144401,117.0,0.0,1329.0,1446.0,0.08803611738148984,5.74328905311054
2025-06-01,Punjab,Kapurthala,144601,200.0,0.0,1457.0,1657.0,0.13726835964310227,7.381911055115414
2025-06-01,Punjab,Ludhiana,141001,372.0,2164.0,1908.0,4444.0,0.09135559921414538,16.44206166635319
2025-06-01,Punjab,Ludhiana,141003,339.0,0.0,1799.0,2138.0,0.18843802112284602,10.507660963254347
2025-06-01,Punjab,Ludhiana,141007,433.0,0.0,2067.0,2500.0,0.20948234155781326,12.731243308325322
2025-06-01,Punjab,Ludhiana,141008,431.0,0.0,2408.0,2839.0,0.17898671096345514,13.720334294179521
2025-06-01,Punjab,Ludhiana,141012,70.0,0.0,333.0,403.0,0.21021021021021022,2.0547098976141385
2025-06-01,Punjab,Ludhiana,141015,185.0,0.0,858.0,1043.0,0.21561771561771562,5.364326316520583
2025-06-01,Punjab,S.A.S Nagar,140301,282.0,0.0,0.0,282.0,,4.26733921815889
2025-06-01,Rajasthan,Alwar,301001,923.0,0.0,2828.0,3751.0,0.32637906647807635,22.420990859317286
2025-06-01,Rajasthan,Barmer,344702,953.0,0.0,2151.0,3104.0,0.44304974430497446,20.851198076586165
2025-06-01,Rajasthan,Bhilwara,311001,464.0,0.0,1393.0,1857.0,0.3330940416367552,11.18555087378511
2025-06-01,Rajasthan,Bhilwara,311603,103.0,0.0,256.0,359.0,0.40234375,2.3239022637827644
2025-06-01,Rajasthan,Bikaner,331803,475.0,0.0,1374.0,1849.0,0.3457059679767103,11.295210417209924
2025-06-01,Rajasthan,Bikaner,334001,818.0,2771.0,2999.0,6588.0,0.1417677642980936,27.88558137644642
2025-06-01,Rajasthan,Churu,331403,535.0,0.0,1358.0,1893.0,0.3939617083946981,12.15532592042716
2025-06-01,Rajasthan,Jaisalmer,345028,134.0,0.0,241.0,375.0,0.5560165975103735,2.7481672315293757
2025-06-01,Rajasthan,Jodhpur,342001,751.0,2705.0,2944.0,6400.0,0.1329438838732519,26.551472017158222
2025-06-01,Rajasthan,Nagaur,341001,927.0,0.0,3023.0,3950.0,0.30664902414819717,23.064436568649175
2025-06-01,Rajasthan,Sirohi,307026,533.0,0.0,1661.0,2194.0,0.320891029500301,13.030823004480297
2025-06-01,Tamil Nadu,Kallakurichi,605801,75.0,0.0,0.0,75.0,,1.1349306431273642
2025-06-01,Tamil Nadu,Kallakurichi,606401,168.0,0.0,0.0,168.0,,2.5422446406052965
2025-06-01,Tamil Nadu,Kanchipuram,631502,351.0,0.0,0.0,351.0,,5.311475409836065
2025-06-01,Tamil Nadu,Madurai,625106,88.0,0.0,566.0,654.0,0.15547703180212014,3.023603228797528
2025-06-01,Tamil Nadu,Ramanathapuram,623517,109.0,0.0,716.0,825.0,0.15223463687150837,3.789780789666853
2025-06-01,Tamil Nadu,Salem,636002,68.0,0.0,391.0,459.0,0.17391304347826086,2.1978252463709578
2025-06-01,Tamil Nadu,Salem,636006,122.0,0.0,846.0,968.0,0.14420803782505912,4.375112817830104
2025-06-01,Tamil Nadu,Salem,636010,117.0,0.0,633.0,750.0,0.1848341232227488,3.6627270622279453
2025-06-01,Tamil Nadu,Salem,636015,125.0,0.0,669.0,794.0,0.18684603886397608,3.8914016062186767
2025-06-01,Tamil Nadu,Sivaganga,630302,93.0,0.0,365.0,458.0,0.2547945205479452,2.4984133174091774
2025-06-01,Tamil Nadu,Vellore,632001,137.0,0.0,732.0,869.0,0.1871584699453552,4.261317241052392
2025-06-01,Tamil Nadu,Vellore,632602,138.0,0.0,631.0,769.0,0.21870047543581617,3.9745290158930247
2025-06-01,Tamil Nadu,Vellore,635810,235.0,0.0,506.0,741.0,0.4644268774703557,5.068708497009697
2025-06-01,Telangana,Hyderabad,500008,645.0,0.0,1123.0,1768.0,0.5743544078361532,13.117402260437222
2025-06-01,Telangana,Hyderabad,500028,484.0,1610.0,956.0,3050.0,0.18862042088854247,13.983073282707167
2025-06-01,Telangana,Hyderabad,500028,484.0,1610.0,956.0,3050.0,0.18862042088854247,13.983073282707167
2025-06-01,Telangana,Hyderabad,500032,89.0,0.0,0.0,89.0,,1.3467843631778058
2025-06-01,Telangana,Medchal Malkajgiri,500072,298.0,0.0,0.0,298.0,,4.509457755359395
2025-06-01,Tripura,Dhalai,799275,99.0,0.0,794.0,893.0,0.12468513853904283,3.8716231339292424
2025-06-01,Tripura,Dhalai,799289,68.0,0.0,620.0,688.0,0.10967741935483871,2.882377970382616
2025-06-01,Uttar Pradesh,Agra,282001,1166.0,0.0,2711.0,3877.0,0.4300995942456658,25.748416498030892
2025-06-01,Uttar Pradesh,Agra,282002,346.0,0.0,861.0,1207.0,0.40185830429732866,7.809612036716532
2025-06-01,Uttar Pradesh,Agra,282003,196.0,0.0,518.0,714.0,0.3783783783783784,4.514416321046961
2025-06-01,Uttar Pradesh,Agra,282005,337.0,0.0,812.0,1149.0,0.41502463054187194,7.5269440124819855
2025-06-01,Uttar Pradesh,Agra,282006,539.0,0.0,1426.0,1965.0,0.37798036465638146,12.419128852687077
2025-06-01,Uttar Pradesh,Agra,282007,527.0,0.0,1229.0,1756.0,0.4288039056143206,11.648645248344357
2025-06-01,Uttar Pradesh,Agra,282010,364.0,0.0,897.0,1261.0,0.4057971014492754,8.189610666457577
2025-06-01,Uttar Pradesh,Agra,283201,314.0,0.0,799.0,1113.0,0.392991239048811,7.140037543587476
2025-06-01,Uttar Pradesh,Aligarh,202001,1493.0,0.0,6361.0,7854.0,0.23471152334538595,41.60770730137865
2025-06-01,Uttar Pradesh,Aligarh,202122,141.0,0.0,290.0,431.0,0.4862068965517241,3.0005704386138596
2025-06-01,Uttar Pradesh,Aligarh,202126,151.0,0.0,323.0,474.0,0.4674922600619195,3.2505418601387808
2025-06-01,Uttar Pradesh,Aligarh,202136,96.0,0.0,207.0,303.0,0.463768115942029,2.071499056698281
2025-06-01,Uttar Pradesh,Aligarh,202155,113.0,0.0,316.0,429.0,0.3575949367088608,2.654585141850545
2025-06-01,Uttar Pradesh,Aligarh,250611,467.0,0.0,0.0,467.0,,7.066834804539722
2025-06-01,Uttar Pradesh,Aligarh,262907,174.0,0.0,0.0,174.0,,2.633039092055485
2025-06-01,Uttar Pradesh,Amroha,244221,579.0,0.0,1969.0,2548.0,0.2940578974098527,14.647622266161397
2025-06-01,Uttar Pradesh,Ayodhya,224188,82.0,0.0,0.0,82.0,,1.240857503152585
2025-06-01,Uttar Pradesh,Azamgarh,276001,452.0,0.0,1067.0,1519.0,0.42361761949390814,10.029445865959836
2025-06-01,Uttar Pradesh,Baghpat,250101,244.0,0.0,798.0,1042.0,0.3057644110275689,6.077779630129978
2025-06-01,Uttar Pradesh,Bahraich,271801,696.0,0.0,1333.0,2029.0,0.5221305326331583,14.516910870874957
2025-06-01,Uttar Pradesh,Bahraich,271825,181.0,0.0,772.0,953.0,0.2344559585492228,5.0467157465654235
2025-06-01,Uttar Pradesh,Bahraich,271830,382.0,0.0,600.0,982.0,0.6366666666666667,7.5741679988366934
2025-06-01,Uttar Pradesh,Bahraich,271841,200.0,0.0,151.0,351.0,1.3245033112582782,3.477868009005259
2025-06-01,Uttar Pradesh,Bahraich,271855,796.0,0.0,1022.0,1818.0,0.7788649706457925,15.100475321532583
2025-06-01,Uttar Pradesh,Bahraich,271865,794.0,0.0,1061.0,1855.0,0.7483506126295947,15.186793719388872
2025-06-01,Uttar Pradesh,Bahraich,271881,271.0,0.0,185.0,456.0,1.4648648648648648,4.653905666812394
2025-06-01,Uttar Pradesh,Bahraich,271902,456.0,0.0,1042.0,1498.0,0.43761996161228406,10.015242670127686
2025-06-01,Uttar Pradesh,Bahraich,271903,293.0,0.0,1087.0,1380.0,0.26954921803127874,7.683179166635645
2025-06-01,Uttar Pradesh,Balrampur,271604,663.0,0.0,1661.0,2324.0,0.399157134256472,14.998036119234392
2025-06-01,Uttar Pradesh,Banda,210001,787.0,0.0,1971.0,2758.0,0.39928970065956365,17.80114187617854
2025-06-01,Uttar Pradesh,Bareilly,243001,688.0,3615.0,1876.0,6179.0,0.12529593880896012,24.55405044349502
2025-06-01,Uttar Pradesh,Bareilly,243001,688.0,3615.0,1876.0,6179.0,0.12529593880896012,24.55405044349502
2025-06-01,Uttar Pradesh,Bareilly,243201,550.0,0.0,1673.0,2223.0,0.328750747160789,13.323945708719323
2025-06-01,Uttar Pradesh,Bareilly,243202,254.0,0.0,779.0,1033.0,0.32605905006418484,6.172306764979762
2025-06-01,Uttar Pradesh,Bareilly,243503,641.0,0.0,2709.0,3350.0,0.23661867847914358,17.797923369728753
2025-06-01,Uttar Pradesh,Bareilly,243505,382.0,0.0,1203.0,1585.0,0.3175394846217789,9.376723861627218
2025-06-01,Uttar Pradesh,Budaun,243601,575.0,0.0,2010.0,2585.0,0.2860696517412935,14.709654473278205
2025-06-01,Uttar Pradesh,Bulandshahr,203205,477.0,0.0,1243.0,1720.0,0.3837489943684634,10.933875204466856
2025-06-01,Uttar Pradesh,Chandauli,232101,467.0,0.0,1215.0,1682.0,0.38436213991769547,10.698850348968389
2025-06-01,Uttar Pradesh,Farrukhabad,209739,186.0,0.0,265.0,451.0,0.7018867924528301,3.606795994358001
2025-06-01,Uttar Pradesh,Fatehpur,212601,609.0,0.0,1754.0,2363.0,0.34720638540478904,14.45889218427476
2025-06-01,Uttar Pradesh,Firozabad,283203,1926.0,0.0,4479.0,6405.0,0.43000669792364365,42.534152762009484
2025-06-01,Uttar Pradesh,Firozabad,283204,472.0,0.0,1679.0,2151.0,0.281119714115545,12.161553719098611
2025-06-01,Uttar Pradesh,Gautam Buddha Nagar,201301,1052.0,0.0,2907.0,3959.0,0.36188510491916065,24.609227308714345
2025-06-01,Uttar Pradesh,Gautam Buddha Nagar,201306,534.0,0.0,1000.0,1534.0,0.534,11.07001938435792
2025-06-01,Uttar Pradesh,Gautam Buddha Nagar,201310,323.0,0.0,619.0,942.0,0.5218093699515347,6.738152843810365
2025-06-01,Uttar Pradesh,Ghaziabad,201001,969.0,3886.0,3472.0,8327.0,0.13169339494427834,34.21703113698694
2025-06-01,Uttar Pradesh,Ghaziabad,201001,969.0,3886.0,3472.0,8327.0,0.13169339494427834,34.21703113698694
2025-06-01,Uttar Pradesh,Ghaziabad,201005,420.0,0.0,1425.0,1845.0,0.29473684210526313,10.615382919053037
2025-06-01,Uttar Pradesh,Ghaziabad,201102,1091.0,5816.0,3358.0,10265.0,0.11892304338347504,40.279126214817055
2025-06-01,Uttar Pradesh,Gorakhpur,273001,333.0,0.0,789.0,1122.0,0.4220532319391635,7.397660174460164
2025-06-01,Uttar Pradesh,Gorakhpur,273008,178.0,0.0,391.0,569.0,0.45524296675191817,3.862390189624426
2025-06-01,Uttar Pradesh,Gorakhpur,273015,315.0,0.0,866.0,1181.0,0.36374133949191684,7.3554539369170095
2025-06-01,Uttar Pradesh,Hardoi,241001,1161.0,0.0,2746.0,3907.0,0.4227967953386744,25.77738041734092
2025-06-01,Uttar Pradesh,Hardoi,241124,708.0,0.0,854.0,1562.0,0.8290398126463701,13.266618748440905
2025-06-01,Uttar Pradesh,Hardoi,241404,399.0,0.0,703.0,1102.0,0.5675675675675675,8.139318204757211
2025-06-01,Uttar Pradesh,Hardoi,241406,267.0,0.0,772.0,1039.0,0.34585492227979275,6.348102884018135
2025-06-01,Uttar Pradesh,Hathras,204101,468.0,0.0,1764.0,2232.0,0.2653061224489796,12.355115707248226
2025-06-01,Uttar Pradesh,Jalaun,285001,521.0,0.0,1637.0,2158.0,0.3182651191203421,12.777490584652929
2025-06-01,Uttar Pradesh,Kanpur Nagar,208001,856.0,0.0,2574.0,3430.0,0.33255633255633255,20.647833930646236
2025-06-01,Uttar Pradesh,Kanpur Nagar,209402,127.0,0.0,428.0,555.0,0.2967289719626168,3.2012419408935884
2025-06-01,Uttar Pradesh,Kheri,261121,361.0,0.0,0.0,361.0,,5.46279949558638
2025-06-01,Uttar Pradesh,Kheri,262804,275.0,0.0,1126.0,1401.0,0.24422735346358793,7.527379027291431
2025-06-01,Uttar Pradesh,Kheri,262903,246.0,0.0,405.0,651.0,0.6074074074074074,4.933244357600644
2025-06-01,Uttar Pradesh,Lucknow,226005,223.0,0.0,523.0,746.0,0.42638623326959846,4.937937918599268
2025-06-01,Uttar Pradesh,Maharajganj,273164,345.0,0.0,706.0,1051.0,0.4886685552407932,7.331136081321382
2025-06-01,Uttar Pradesh,Maharajganj,273305,143.0,0.0,392.0,535.0,0.3647959183673469,3.335745202703613
2025-06-01,Uttar Pradesh,Mainpuri,205001,783.0,0.0,1435.0,2218.0,0.5456445993031359,16.138340363842392
2025-06-01,Uttar Pradesh,Mathura,272153,861.0,0.0,0.0,861.0,,13.029003783102144
2025-06-01,Uttar Pradesh,Mathura,281004,392.0,0.0,1112.0,1504.0,0.35251798561151076,9.256020445696045
2025-06-01,Uttar Pradesh,Mathura,281121,136.0,0.0,412.0,548.0,0.3300970873786408,3.2896046067842146
2025-06-01,Uttar Pradesh,Meerut,245206,257.0,0.0,717.0,974.0,0.3584379358437936,6.0323665719768105
2025-06-01,Uttar Pradesh,Moradabad,244001,1826.0,11385.0,6685.0,19896.0,0.10105146651909241,74.49528017146629
2025-06-01,Uttar Pradesh,Moradabad,244001,1826.0,11385.0,6685.0,19896.0,0.10105146651909241,74.49528017146629
2025-06-01,Uttar Pradesh,Pilibhit,262001,887.0,0.0,3098.0,3985.0,0.28631375080697224,22.683338716044744
2025-06-01,Uttar Pradesh,Pilibhit,262201,792.0,0.0,2661.0,3453.0,0.2976324689966178,19.939430030704543
2025-06-01,Uttar Pradesh,Rampur,244901,1466.0,9433.0,3781.0,14680.0,0.11094293930679583,55.757982679720165
2025-06-01,Uttar Pradesh,Rampur,244901,1466.0,9433.0,3781.0,14680.0,0.11094293930679583,55.757982679720165
2025-06-01,Uttar Pradesh,Saharanpur,247001,1528.0,0.0,6278.0,7806.0,0.2433896145269194,41.889228605465604
2025-06-01,Uttar Pradesh,Shahjahanpur,242001,970.0,10352.0,3248.0,14570.0,0.0713235294117647,48.82875972496314
2025-06-01,Uttar Pradesh,Shahjahanpur,242001,970.0,10352.0,3248.0,14570.0,0.0713235294117647,48.82875972496314
2025-06-01,Uttar Pradesh,Shahjahanpur,242042,325.0,0.0,526.0,851.0,0.6178707224334601,6.490411532868355
2025-06-01,Uttar Pradesh,Shahjahanpur,242127,414.0,0.0,786.0,1200.0,0.5267175572519084,8.614417329421844
2025-06-01,Uttar Pradesh,Shravasti,271803,173.0,0.0,0.0,173.0,,2.617906683480454
2025-06-01,Uttar Pradesh,Shravasti,271831,766.0,0.0,0.0,766.0,,11.591424968474149
2025-06-01,Uttar Pradesh,Siddharth Nagar,272192,393.0,0.0,0.0,393.0,,5.9470365699873895
2025-06-01,Uttar Pradesh,Sitapur,261135,523.0,0.0,1531.0,2054.0,0.34160679294578705,12.49088820204214
2025-06-01,Uttar Pradesh,Sitapur,261201,757.0,0.0,2206.0,2963.0,0.34315503173164097,18.049658222170994
2025-06-01,Uttar Pradesh,Sitapur,261205,503.0,0.0,1774.0,2277.0,0.2835400225479143,12.91464313942724
2025-06-01,Uttar Pradesh,Sitapur,261207,254.0,0.0,409.0,663.0,0.6210268948655256,5.066260879022061
2025-06-01,Uttar Pradesh,Sitapur,261208,182.0,0.0,585.0,767.0,0.3111111111111111,4.502846585751022
2025-06-01,Uttar Pradesh,Sultanpur,228001,363.0,0.0,894.0,1257.0,0.40604026845637586,8.165510318266673
2025-06-01,Uttar Pradesh,Unnao,209801,1145.0,0.0,3146.0,4291.0,0.3639542275905912,26.73098716225685
2025-06-01,Uttar Pradesh,Unnao,209821,301.0,0.0,816.0,1117.0,0.36887254901960786,6.994134556602013
2025-06-01,Uttar Pradesh,Varanasi,221001,914.0,0.0,2395.0,3309.0,0.3816283924843424,20.99042656425096
2025-06-01,Uttarakhand,Dehradun,248001,294.0,3652.0,2788.0,6734.0,0.04565217391304348,21.405491972754927
2025-06-01,West Bengal,24 Paraganas North,700110,121.0,0.0,0.0,121.0,,1.8310214375788145
2025-06-01,West Bengal,24 Paraganas North,700125,161.0,0.0,0.0,161.0,,2.4363177805800755
2025-06-01,West Bengal,24 Paraganas North,700129,67.0,0.0,0.0,67.0,,1.0138713745271122
2025-06-01,West Bengal,24 Paraganas North,743127,147.0,0.0,0.0,147.0,,2.224464060529634
2025-06-01,West Bengal,24 Paraganas North,743248,77.0,0.0,0.0,77.0,,1.1651954602774275
2025-06-01,West Bengal,24 Paraganas North,743263,182.0,0.0,0.0,182.0,,2.7540983606557377
2025-06-01,West Bengal,24 Paraganas North,743287,68.0,0.0,0.0,68.0,,1.0290037831021437
2025-06-01,West Bengal,24 Paraganas North,743423,227.0,0.0,0.0,227.0,,3.4350567465321564
2025-06-01,West Bengal,Alipurduar,735211,224.0,0.0,123.0,347.0,1.8211382113821137,3.7573450450578654
2025-06-01,West Bengal,Alipurduar,735217,72.0,0.0,0.0,72.0,,1.08953341740227
2025-06-01,West Bengal,Alipurduar,736182,100.0,0.0,44.0,144.0,2.272727272727273,1.6447706385359604
2025-06-01,West Bengal,Alipurduar,736202,116.0,0.0,86.0,202.0,1.3488372093023255,2.0124403303586904
2025-06-01,West Bengal,Alipurduar,736206,121.0,0.0,94.0,215.0,1.2872340425531914,2.1120168788761764
2025-06-01,West Bengal,Birbhum,731204,221.0,966.0,666.0,1853.0,0.13541666666666666,7.615867354686009
2025-06-01,West Bengal,Birbhum,731204,221.0,966.0,666.0,1853.0,0.13541666666666666,7.615867354686009
2025-06-01,West Bengal,Coochbehar,735224,105.0,0.0,0.0,105.0,,1.5889029003783102
2025-06-01,West Bengal,Darjeeling,734001,103.0,0.0,243.0,346.0,0.42386831275720166,2.2850411921139804
2025-06-01,West Bengal,Darjeeling,734003,112.0,0.0,353.0,465.0,0.31728045325779036,2.750057321871284
2025-06-01,West Bengal,Darjeeling,734010,74.0,0.0,282.0,356.0,0.2624113475177305,1.9627845584444186
2025-06-01,West Bengal,Darjeeling,734201,67.0,0.0,208.0,275.0,0.32211538461538464,1.6356485212276575
2025-06-01,West Bengal,Darjeeling,734429,112.0,0.0,272.0,384.0,0.4117647058823529,2.5079229522427062
2025-06-01,West Bengal,Dinajpur Uttar,733129,278.0,0.0,0.0,278.0,,4.206809583858764
2025-06-01,West Bengal,Dinajpur Uttar,733134,383.0,0.0,0.0,383.0,,5.795712484237074
2025-06-01,West Bengal,Dinajpur Uttar,733202,779.0,0.0,0.0,779.0,,11.788146279949558
2025-06-01,West Bengal,Dinajpur Uttar,733207,1226.0,0.0,0.0,1226.0,,18.55233291298865
2025-06-01,West Bengal,Jalpaiguri,735135,119.0,0.0,361.0,480.0,0.3296398891966759,2.879898687538833
2025-06-01,West Bengal,Jalpaiguri,735202,111.0,0.0,226.0,337.0,0.4911504424778761,2.355282136224284
2025-06-01,West Bengal,Jalpaiguri,735218,85.0,0.0,179.0,264.0,0.4748603351955307,1.821341792624784
2025-06-01,West Bengal,Kolkata,700004,76.0,0.0,119.0,195.0,0.6386554621848739,1.505791323132035
2025-06-01,West Bengal,Kolkata,700006,142.0,0.0,402.0,544.0,0.35323383084577115,3.350505926181492
2025-06-01,West Bengal,Kolkata,700016,75.0,0.0,225.0,300.0,0.3333333333333333,1.8075261143178583
2025-06-01,West Bengal,Kolkata,700023,138.0,0.0,422.0,560.0,0.32701421800947866,3.349762555987189
2025-06-01,West Bengal,Kolkata,700039,205.0,0.0,278.0,483.0,0.737410071942446,3.9331728289523844
2025-06-01,West Bengal,Malda,732124,252.0,0.0,469.0,721.0,0.5373134328358209,5.215354854189463
2025-06-01,West Bengal,Medinipur West,721201,122.0,0.0,0.0,122.0,,1.8461538461538463
2025-06-01,West Bengal,Nadia,741126,155.0,0.0,653.0,808.0,0.23736600306278713,4.297544852184965
2025-06-01,West Bengal,Nadia,741223,122.0,0.0,216.0,338.0,0.5648148148148148,2.4918454984967204
2025-06-01,West Bengal,Nadia,741501,111.0,0.0,260.0,371.0,0.4269230769230769,2.456918785204181
2025-06-01,West Bengal,Nadia,741502,140.0,0.0,439.0,579.0,0.31890660592255127,3.4308456976271993
2025-07-01,Andhra Pradesh,Prakasam,523105,237.0,0.0,562.0,799.0,0.42170818505338076,5.266374853656061
2025-07-01,Andhra Pradesh,Spsr Nellore,524004,296.0,0.0,0.0,296.0,,4.479192938209332
2025-07-01,Andhra Pradesh,Spsr Nellore,524223,81.0,0.0,0.0,81.0,,1.2257250945775537
2025-07-01,Andhra Pradesh,Spsr Nellore,524345,130.0,0.0,0.0,130.0,,1.9672131147540985
2025-07-01,Andhra Pradesh,Spsr Nellore,524411,147.0,0.0,0.0,147.0,,2.224464060529634
2025-07-01,Andhra Pradesh,Spsr Nellore,524413,65.0,0.0,0.0,65.0,,0.9836065573770493
2025-07-01,Arunachal Pradesh,Longding,792131,401.0,0.0,244.0,645.0,1.6434426229508197,6.797488260678667
2025-07-01,Arunachal Pradesh,West Kameng,790101,83.0,0.0,264.0,347.0,0.3143939393939394,2.0451685979244627
2025-07-01,Assam,Baksa,781344,73.0,0.0,50.0,123.0,1.46,1.2541314862418558
2025-07-01,Assam,Baksa,781372,147.0,0.0,123.0,270.0,1.1951219512195121,2.5921495847804374
2025-07-01,Assam,Barpeta,781302,241.0,0.0,254.0,495.0,0.9488188976377953,4.406196020726533
2025-07-01,Assam,Barpeta,781305,320.0,0.0,240.0,560.0,1.3333333333333333,5.559805913279948
2025-07-01,Assam,Barpeta,781308,952.0,2003.0,551.0,3506.0,0.3727486296006265,20.782240209478108
2025-07-01,Assam,Barpeta,781309,531.0,0.0,384.0,915.0,1.3828125,9.183205224173516
2025-07-01,Assam,Barpeta,781314,864.0,0.0,398.0,1262.0,2.170854271356784,14.26414766453309
2025-07-01,Assam,Barpeta,781315,609.0,0.0,405.0,1014.0,1.5037037037037038,10.426308670337086
2025-07-01,Assam,Barpeta,783101,872.0,0.0,0.0,872.0,,13.19546027742749
2025-07-01,Assam,Bongaigaon,783391,303.0,0.0,88.0,391.0,3.4431818181818183,4.8481793603001675
2025-07-01,Assam,Cachar,782448,335.0,0.0,0.0,335.0,,5.069356872635561
2025-07-01,Assam,Cachar,788001,190.0,0.0,181.0,371.0,1.0497237569060773,3.4162233194136764
2025-07-01,Assam,Cachar,788002,325.0,0.0,237.0,562.0,1.371308016877637,5.626500016539232
2025-07-01,Assam,Cachar,788003,311.0,0.0,487.0,798.0,0.6386036960985626,6.161974597811563
2025-07-01,Assam,Cachar,788005,364.0,0.0,517.0,881.0,0.7040618955512572,7.053671648446966
2025-07-01,Assam,Cachar,788009,315.0,0.0,209.0,524.0,1.507177033492823,5.391475161040767
2025-07-01,Assam,Cachar,788011,89.0,0.0,38.0,127.0,2.3421052631578947,1.4603782649788672
2025-07-01,Assam,Cachar,788030,569.0,0.0,238.0,807.0,2.3907563025210083,9.321797022052216
2025-07-01,Assam,Cachar,788098,214.0,0.0,197.0,411.0,1.0862944162436547,3.8272301364990895
2025-07-01,Assam,Cachar,788102,151.0,0.0,25.0,176.0,6.04,2.3597265249620376
2025-07-01,Assam,Cachar,788107,314.0,0.0,169.0,483.0,1.8579881656804733,5.256770224254092
2025-07-01,Assam,Cachar,788112,160.0,0.0,105.0,265.0,1.5238095238095237,2.7350632585606083
2025-07-01,Assam,Cachar,788113,194.0,0.0,81.0,275.0,2.3950617283950617,3.177821633184694
2025-07-01,Assam,Cachar,788117,127.0,0.0,78.0,205.0,1.6282051282051282,2.1549823190417086
2025-07-01,Assam,Cachar,788126,259.0,0.0,188.0,447.0,1.377659574468085,4.48128470352789
2025-07-01,Assam,Cachar,788802,189.0,0.0,69.0,258.0,2.739130434782609,3.066287831846043
2025-07-01,Assam,Cachar,788805,286.0,0.0,117.0,403.0,2.4444444444444446,4.677618497478074
2025-07-01,Assam,Cachar,788815,921.0,0.0,325.0,1246.0,2.833846153846154,14.908475089323636
2025-07-01,Assam,Cachar,788817,560.0,0.0,256.0,816.0,2.1875,9.239412982572173
2025-07-01,Assam,Chirang,783373,116.0,0.0,111.0,227.0,1.045045045045045,2.0871731604909676
2025-07-01,Assam,Chirang,783375,282.0,0.0,442.0,724.0,0.6380090497737556,5.588615654897549
2025-07-01,Assam,Chirang,783390,809.0,0.0,454.0,1263.0,1.7819383259911894,13.599266732402656
2025-07-01,Assam,Chirang,783394,102.0,0.0,95.0,197.0,1.0736842105263158,1.827490429155869
2025-07-01,Assam,Darrang,784114,257.0,0.0,87.0,344.0,2.954022988505747,4.149099252643427
2025-07-01,Assam,Dhemaji,786110,307.0,0.0,278.0,585.0,1.10431654676259,5.4766785036056005
2025-07-01,Assam,Dhemaji,787026,140.0,0.0,147.0,287.0,0.9523809523809523,2.557966241682203
2025-07-01,Assam,Dhemaji,787034,155.0,0.0,131.0,286.0,1.183206106870229,2.7371233590230184
2025-07-01,Assam,Dhemaji,787057,395.0,0.0,356.0,751.0,1.1095505617977528,7.041496888221078
2025-07-01,Assam,Dhemaji,787058,279.0,0.0,181.0,460.0,1.5414364640883977,4.763007682591482
2025-07-01,Assam,Dhemaji,787059,553.0,0.0,430.0,983.0,1.286046511627907,9.6536266202676
2025-07-01,Assam,Dhemaji,787060,433.0,0.0,280.0,713.0,1.5464285714285715,7.389340610470155
2025-07-01,Assam,Dhemaji,787061,214.0,0.0,148.0,362.0,1.445945945945946,3.6807537894398266
2025-07-01,Assam,Dhubri,783331,638.0,0.0,338.0,976.0,1.8875739644970415,10.6648645342585
2025-07-01,Assam,Dhubri,783337,469.0,0.0,147.0,616.0,3.1904761904761907,7.536528662867576
2025-07-01,Assam,Dibrugarh,785675,228.0,0.0,283.0,511.0,0.8056537102473498,4.296164792204565
2025-07-01,Assam,Dibrugarh,786001,238.0,0.0,505.0,743.0,0.47128712871287126,5.1111164095295
2025-07-01,Assam,Dibrugarh,786003,162.0,0.0,288.0,450.0,0.5625,3.3123723922789394
2025-07-01,Assam,Dibrugarh,786007,288.0,0.0,273.0,561.0,1.054945054945055,5.174216174653545
2025-07-01,Assam,Dibrugarh,786010,221.0,0.0,226.0,447.0,0.9778761061946902,4.019847079477752
2025-07-01,Assam,Dibrugarh,786012,75.0,0.0,95.0,170.0,0.7894736842105263,1.4189153976300173
2025-07-01,Assam,Dibrugarh,786101,196.0,0.0,261.0,457.0,0.7509578544061303,3.746162827287152
2025-07-01,Assam,Dibrugarh,786184,301.0,0.0,226.0,527.0,1.331858407079646,5.230439765480274
2025-07-01,Assam,Dibrugarh,786191,71.0,0.0,171.0,242.0,0.4152046783625731,1.5855735669320137
2025-07-01,Assam,Dibrugarh,786602,170.0,0.0,239.0,409.0,0.7112970711297071,3.286955313819929
2025-07-01,Assam,Dibrugarh,786610,189.0,0.0,189.0,378.0,1.0,3.425005416480973
2025-07-01,Assam,Dibrugarh,786611,139.0,0.0,61.0,200.0,2.278688524590164,2.285752897452138
2025-07-01,Assam,Dibrugarh,786612,94.0,0.0,95.0,189.0,0.9894736842105263,1.7064311605556166
2025-07-01,Assam,Dibrugarh,786613,112.0,0.0,145.0,257.0,0.7724137931034483,2.128280175170738
2025-07-01,Assam,Dima Hasao,788819,148.0,0.0,0.0,148.0,,2.239596469104666
2025-07-01,Assam,Goalpara,783125,371.0,0.0,193.0,564.0,1.922279792746114,6.191061029957876
2025-07-01,Assam,Goalpara,783126,315.0,0.0,173.0,488.0,1.8208092485549132,5.283859885650289
2025-07-01,Assam,Goalpara,783129,1389.0,1999.0,721.0,4109.0,0.5106617647058823,27.89384201630455
2025-07-01,Assam,Goalpara,783129,1389.0,1999.0,721.0,4109.0,0.5106617647058823,27.89384201630455
2025-07-01,Assam,Goalpara,783130,231.0,0.0,107.0,338.0,2.1588785046728973,3.8154428937984286
2025-07-01,Assam,Goalpara,783132,416.0,0.0,236.0,652.0,1.7627118644067796,7.000559883661811
2025-07-01,Assam,Goalpara,783134,176.0,0.0,0.0,176.0,,2.6633039092055486
2025-07-01,Assam,Golaghat,785601,366.0,0.0,290.0,656.0,1.2620689655172415,6.405362367995954
2025-07-01,Assam,Golaghat,785602,183.0,0.0,96.0,279.0,1.90625,3.056204836938713
2025-07-01,Assam,Golaghat,785603,238.0,0.0,67.0,305.0,3.5522388059701493,3.801797225612005
2025-07-01,Assam,Golaghat,785611,137.0,0.0,177.0,314.0,0.7740112994350282,2.602248412115841
2025-07-01,Assam,Golaghat,785612,347.0,0.0,215.0,562.0,1.613953488372093,5.893648114673523
2025-07-01,Assam,Golaghat,785613,134.0,0.0,35.0,169.0,3.8285714285714287,2.1323687112394123
2025-07-01,Assam,Golaghat,785614,371.0,0.0,350.0,721.0,1.06,6.660383203188576
2025-07-01,Assam,Golaghat,785615,93.0,0.0,38.0,131.0,2.4473684210526314,1.520907899278993
2025-07-01,Assam,Golaghat,785619,72.0,0.0,114.0,186.0,0.631578947368421,1.4303151228054536
2025-07-01,Assam,Golaghat,785621,254.0,0.0,179.0,433.0,1.4189944134078212,4.378718841805112
2025-07-01,Assam,Golaghat,785625,177.0,0.0,37.0,214.0,4.783783783783784,2.78904090637635
2025-07-01,Assam,Golaghat,785699,68.0,0.0,24.0,92.0,2.8333333333333335,1.10074730002913
2025-07-01,Assam,Golaghat,785702,305.0,0.0,136.0,441.0,2.2426470588235294,5.021931211304203
2025-07-01,Assam,Golaghat,785703,92.0,0.0,0.0,92.0,,1.3921815889029003
2025-07-01,Assam,Golaghat,785705,480.0,0.0,194.0,674.0,2.4742268041237114,7.843482877841603
2025-07-01,Assam,Hailakandi,788161,385.0,779.0,423.0,1587.0,0.32029950083194675,8.929672936440236
2025-07-01,Assam,Hailakandi,788163,514.0,0.0,831.0,1345.0,0.618531889290012,10.262177281163096
2025-07-01,Assam,Hailakandi,788165,117.0,0.0,160.0,277.0,0.73125,2.248781916125262
2025-07-01,Assam,Hojai,782435,790.0,0.0,703.0,1493.0,1.12375533428165,14.056089957594537
2025-07-01,Assam,Hojai,782446,1333.0,1714.0,798.0,3845.0,0.5306528662420382,26.603720295880333
2025-07-01,Assam,Hojai,782446,1333.0,1714.0,798.0,3845.0,0.5306528662420382,26.603720295880333
2025-07-01,Assam,Jorhat,785001,158.0,0.0,202.0,360.0,0.7821782178217822,2.9947618223237797
2025-07-01,Assam,Jorhat,785006,79.0,0.0,119.0,198.0,0.6638655462184874,1.5511885488571295
2025-07-01,Assam,Jorhat,785010,65.0,0.0,86.0,151.0,0.7558139534883721,1.2406874930320826
2025-07-01,Assam,Jorhat,785107,70.0,0.0,130.0,200.0,0.5384615384615384,1.447879316940048
2025-07-01,Assam,Jorhat,785108,83.0,0.0,80.0,163.0,1.0375,1.4951349681509032
2025-07-01,Assam,Jorhat,785112,92.0,0.0,222.0,314.0,0.4144144144144144,2.0558091204775213
2025-07-01,Assam,Jorhat,785616,85.0,0.0,101.0,186.0,0.8415841584158416,1.5881753626120791
2025-07-01,Assam,Jorhat,785630,142.0,0.0,142.0,284.0,1.0,2.5732844928058105
2025-07-01,Assam,Jorhat,785634,173.0,0.0,180.0,353.0,0.9611111111111111,3.155983060432849
2025-07-01,Assam,Jorhat,785635,194.0,0.0,108.0,302.0,1.7962962962962963,3.258533089727553
2025-07-01,Assam,Jorhat,785636,93.0,0.0,0.0,93.0,,1.4073139974779318
2025-07-01,Assam,Jorhat,785680,91.0,0.0,0.0,91.0,,1.3770491803278688
2025-07-01,Assam,Kamrup,781101,170.0,0.0,83.0,253.0,2.0481927710843375,2.82062245379452
2025-07-01,Assam,Kamrup,781102,483.0,0.0,313.0,796.0,1.5431309904153354,8.244608374996336
2025-07-01,Assam,Kamrup,781103,175.0,0.0,93.0,268.0,1.881720430107527,2.926177628722588
2025-07-01,Assam,Kamrup,781120,65.0,0.0,33.0,98.0,1.9696969696969697,1.082253893151655
2025-07-01,Assam,Kamrup,781122,123.0,0.0,63.0,186.0,1.9523809523809523,2.0496129866622157
2025-07-01,Assam,Kamrup,781123,210.0,0.0,195.0,405.0,1.0769230769230769,3.7607218757883816
2025-07-01,Assam,Kamrup,781125,80.0,0.0,60.0,140.0,1.3333333333333333,1.389951478319987
2025-07-01,Assam,Kamrup,781135,116.0,0.0,77.0,193.0,1.5064935064935066,1.9855365115110706
2025-07-01,Assam,Kamrup,781136,802.0,1541.0,490.0,2833.0,0.3948793697685869,17.239250508410105
2025-07-01,Assam,Kamrup,781136,802.0,1541.0,490.0,2833.0,0.3948793697685869,17.239250508410105
2025-07-01,Assam,Kamrup,781137,622.0,0.0,221.0,843.0,2.81447963800905,10.072996352038938
2025-07-01,Assam,Kamrup,781141,193.0,0.0,71.0,264.0,2.7183098591549295,3.1327960925567515
2025-07-01,Assam,Kamrup,781354,436.0,0.0,272.0,708.0,1.6029411764705883,7.41082333055292
2025-07-01,Assam,Kamrup,781380,171.0,0.0,121.0,292.0,1.4132231404958677,2.9493487641706118
2025-07-01,Assam,Kamrup,781381,102.0,0.0,93.0,195.0,1.096774193548387,1.8215118027452866
2025-07-01,Assam,Kamrup Metro,781005,82.0,0.0,134.0,216.0,0.6119402985074627,1.6414254726615902
2025-07-01,Assam,Kamrup Metro,782402,140.0,0.0,331.0,471.0,0.4229607250755287,3.1079998714557626
2025-07-01,Assam,Kamrup Metro,782403,108.0,0.0,284.0,392.0,0.38028169014084506,2.483265076406073
2025-07-01,Assam,Karimganj,788701,716.0,0.0,290.0,1006.0,2.4689655172413794,11.701705369256986
2025-07-01,Assam,Karimganj,788709,184.0,0.0,128.0,312.0,1.4375,3.1669952680830593
2025-07-01,Assam,Karimganj,788710,67.0,0.0,65.0,132.0,1.0307692307692307,1.2081767328710327
2025-07-01,Assam,Karimganj,788712,276.0,0.0,205.0,481.0,1.3463414634146342,4.789353973793374
2025-07-01,Assam,Karimganj,788720,690.0,0.0,322.0,1012.0,2.142857142857143,11.40392076887548
2025-07-01,Assam,Karimganj,788724,451.0,0.0,279.0,730.0,1.6164874551971327,7.65873465161543
2025-07-01,Assam,Karimganj,788725,212.0,0.0,99.0,311.0,2.1414141414141414,3.5040126252305015
2025-07-01,Assam,Karimganj,788726,99.0,0.0,68.0,167.0,1.4558823529411764,1.7013817468879149
2025-07-01,Assam,Karimganj,788728,208.0,0.0,109.0,317.0,1.908256880733945,3.473376122983286
2025-07-01,Assam,Karimganj,788806,268.0,0.0,170.0,438.0,1.576470588235294,4.563668743007933
2025-07-01,Assam,Kokrajhar,783369,66.0,0.0,57.0,123.0,1.1578947368421053,1.1691298186536727
2025-07-01,Assam,Kokrajhar,783370,510.0,0.0,448.0,958.0,1.1383928571428572,9.056740689236484
2025-07-01,Assam,Lakhimpur,784160,483.0,0.0,268.0,751.0,1.8022388059701493,8.110089280758237
2025-07-01,Assam,Lakhimpur,784161,84.0,0.0,105.0,189.0,0.8,1.585000206858212
2025-07-01,Assam,Lakhimpur,787032,201.0,0.0,277.0,478.0,0.7256317689530686,3.869653881446967
2025-07-01,Assam,Lakhimpur,787056,143.0,0.0,52.0,195.0,2.75,2.3193787129046446
2025-07-01,Assam,Majuli,785104,210.0,0.0,213.0,423.0,0.9859154929577465,3.8145295134836212
2025-07-01,Assam,Marigaon,782105,402.0,0.0,327.0,729.0,1.2293577981651376,7.060733665292856
2025-07-01,Assam,Marigaon,782126,499.0,0.0,557.0,1056.0,0.895870736086176,9.216119334287866
2025-07-01,Assam,Marigaon,782127,900.0,0.0,765.0,1665.0,1.1764705882352942,15.90599231957605
2025-07-01,Assam,Marigaon,782410,705.0,0.0,216.0,921.0,3.263888888888889,11.314039697740098
2025-07-01,Assam,Nagaon,782122,610.0,0.0,924.0,1534.0,0.6601731601731602,11.992894632458192
2025-07-01,Assam,Nagaon,782124,1092.0,2752.0,1953.0,5797.0,0.23209351753453772,28.860180782801926
2025-07-01,Assam,Nagaon,782125,482.0,0.0,970.0,1452.0,0.49690721649484537,10.193454742297547
2025-07-01,Assam,Nagaon,782450,236.0,0.0,131.0,367.0,1.8015267175572518,3.9628484536005724
2025-07-01,Assam,Sivasagar,785640,194.0,0.0,0.0,194.0,,2.9356872635561158
2025-07-01,Assam,Sivasagar,785684,91.0,0.0,0.0,91.0,,1.3770491803278688
2025-07-01,Assam,Sonitpur,784110,576.0,0.0,244.0,820.0,2.360655737704918,9.445659761309184
2025-07-01,Assam,Sonitpur,784507,454.0,0.0,43.0,497.0,10.55813953488372,6.998653960891829
2025-07-01,Assam,Tinsukia,786125,169.0,0.0,216.0,385.0,0.7824074074074074,3.2030687015232018
2025-07-01,Assam,Tinsukia,786150,73.0,0.0,43.0,116.0,1.697674418604651,1.2332062938048183
2025-07-01,Assam,Tinsukia,786151,512.0,0.0,236.0,748.0,2.169491525423729,8.453271106864838
2025-07-01,Assam,Tinsukia,786152,200.0,0.0,212.0,412.0,0.9433962264150944,3.660216114528015
2025-07-01,Assam,Tinsukia,786153,69.0,0.0,73.0,142.0,0.9452054794520548,1.2623560556634246
2025-07-01,Assam,Tinsukia,786154,139.0,0.0,223.0,362.0,0.6233183856502242,2.770021636709294
2025-07-01,Assam,Tinsukia,786156,310.0,0.0,178.0,488.0,1.7415730337078652,5.223144408801585
2025-07-01,Assam,Tinsukia,786160,98.0,0.0,129.0,227.0,0.7596899224806202,1.8685974438356394
2025-07-01,Assam,Tinsukia,786170,215.0,0.0,188.0,403.0,1.1436170212765957,3.815458726226502
2025-07-01,Assam,Tinsukia,786171,202.0,0.0,145.0,347.0,1.393103448275862,3.490196946923575
2025-07-01,Assam,Tinsukia,786181,174.0,0.0,59.0,233.0,2.9491525423728815,2.8094085711676593
2025-07-01,Assam,Tinsukia,786182,173.0,0.0,92.0,265.0,1.8804347826086956,2.8929234983672334
2025-07-01,Assam,Tinsukia,786188,71.0,0.0,80.0,151.0,0.8875,1.3135460652505249
2025-07-01,Assam,Tinsukia,786190,102.0,0.0,72.0,174.0,1.4166666666666667,1.7587362254341738
2025-07-01,Assam,West Karbi Anglong,782485,185.0,0.0,0.0,185.0,,2.799495586380832
2025-07-01,Assam,West Karbi Anglong,782486,197.0,0.0,191.0,388.0,1.031413612565445,3.5520433114918077
2025-07-01,Bihar,Araria,854336,288.0,0.0,504.0,792.0,0.5714285714285714,5.864747525075787
2025-07-01,Bihar,Arwal,824235,505.0,0.0,36.0,541.0,14.027777777777779,7.749481605781401
2025-07-01,Bihar,Banka,813108,428.0,0.0,74.0,502.0,5.783783783783784,6.697880047305032
2025-07-01,Bihar,Begusarai,848203,762.0,0.0,71.0,833.0,10.732394366197184,11.74313657174969
2025-07-01,Bihar,Bhagalpur,813213,557.0,0.0,907.0,1464.0,0.6141124586549063,11.140058653491572
2025-07-01,Bihar,Bhojpur,802301,823.0,0.0,1223.0,2046.0,0.6729354047424366,16.109902307321942
2025-07-01,Bihar,Gaya,823001,866.0,0.0,1718.0,2584.0,0.5040745052386496,18.240305912667385
2025-07-01,Bihar,Gaya,823003,1004.0,0.0,1497.0,2501.0,0.6706746826987308,19.667940077652407
2025-07-01,Bihar,Gaya,824231,613.0,0.0,882.0,1495.0,0.6950113378684807,11.912740703561061
2025-07-01,Bihar,Gaya,824236,729.0,0.0,813.0,1542.0,0.8966789667896679,13.461837487099634
2025-07-01,Bihar,Gopalganj,841405,681.0,0.0,1440.0,2121.0,0.47291666666666665,14.609781255215632
2025-07-01,Bihar,Gopalganj,841409,585.0,0.0,716.0,1301.0,0.8170391061452514,10.992807271381858
2025-07-01,Bihar,Gopalganj,841427,555.0,0.0,813.0,1368.0,0.6826568265682657,10.828798395044148
2025-07-01,Bihar,Gopalganj,841438,1070.0,0.0,1250.0,2320.0,0.856,19.92831868189759
2025-07-01,Bihar,Jehanabad,804418,256.0,0.0,271.0,527.0,0.9446494464944649,4.684000473841954
2025-07-01,Bihar,Kaimur (Bhabua),821108,694.0,0.0,1082.0,1776.0,0.6414048059149723,13.736328439196832
2025-07-01,Bihar,Lakhisarai,811302,415.0,0.0,701.0,1116.0,0.5920114122681883,8.375458115547133
2025-07-01,Bihar,Lakhisarai,811311,1193.0,0.0,2174.0,3367.0,0.5487580496780129,24.55173033831543
2025-07-01,Bihar,Madhubani,847108,543.0,0.0,762.0,1305.0,0.7125984251968503,10.494754518673926
2025-07-01,Bihar,Madhubani,847225,530.0,0.0,1152.0,1682.0,0.4600694444444444,11.463865357262037
2025-07-01,Bihar,Madhubani,847226,717.0,0.0,1618.0,2335.0,0.4431396786155748,15.686645714458578
2025-07-01,Bihar,Madhubani,847421,351.0,0.0,563.0,914.0,0.6234458259325044,6.9944587444149455
2025-07-01,Bihar,Munger,811213,699.0,0.0,1202.0,1901.0,0.5815307820299501,14.170708066706919
2025-07-01,Bihar,Muzaffarpur,843109,601.0,0.0,1060.0,1661.0,0.5669811320754717,12.263249551202497
2025-07-01,Bihar,Muzaffarpur,843111,905.0,0.0,1160.0,2065.0,0.7801724137931034,17.162433078541188
2025-07-01,Bihar,Muzaffarpur,843125,643.0,0.0,1113.0,1756.0,0.577717879604672,13.057244311234248
2025-07-01,Bihar,Nalanda,803101,1227.0,0.0,2224.0,3451.0,0.5517086330935251,25.21569789013105
2025-07-01,Bihar,Nalanda,805130,831.0,0.0,58.0,889.0,14.327586206896552,12.748411691758083
2025-07-01,Bihar,Nawada,805103,559.0,0.0,781.0,1340.0,0.7157490396927016,10.79367000677496
2025-07-01,Bihar,Nawada,805104,637.0,0.0,755.0,1392.0,0.8437086092715231,11.89627573228985
2025-07-01,Bihar,Nawada,805109,628.0,0.0,524.0,1152.0,1.1984732824427482,11.069552704692326
2025-07-01,Bihar,Nawada,805110,641.0,0.0,1321.0,1962.0,0.48523845571536717,13.648756640784729
2025-07-01,Bihar,Nawada,805121,472.0,0.0,390.0,862.0,1.2102564102564102,8.308328997478403
2025-07-01,Bihar,Nawada,805123,389.0,0.0,369.0,758.0,1.0542005420054201,6.989563508439672
2025-07-01,Bihar,Nawada,805129,346.0,0.0,251.0,597.0,1.3784860557768925,5.98613098148897
2025-07-01,Bihar,Pashchim Champaran,845106,818.0,0.0,0.0,818.0,,12.378310214375787
2025-07-01,Bihar,Pashchim Champaran,845306,658.0,0.0,0.0,658.0,,9.957124842370742
2025-07-01,Bihar,Pashchim Champaran,845307,728.0,0.0,0.0,728.0,,11.01639344262295
2025-07-01,Bihar,Pashchim Champaran,845438,1871.0,0.0,0.0,1871.0,,28.312736443883985
2025-07-01,Bihar,Pashchim Champaran,845449,700.0,0.0,0.0,700.0,,10.592686002522068
2025-07-01,Bihar,Pashchim Champaran,845450,498.0,0.0,0.0,498.0,,7.535939470365699
2025-07-01,Bihar,Pashchim Champaran,845451,586.0,0.0,0.0,586.0,,8.867591424968472
2025-07-01,Bihar,Pashchim Champaran,845452,970.0,0.0,0.0,970.0,,14.67843631778058
2025-07-01,Bihar,Pashchim Champaran,845453,704.0,0.0,0.0,704.0,,10.653215636822194
2025-07-01,Bihar,Pashchim Champaran,845454,1014.0,0.0,0.0,1014.0,,15.344262295081965
2025-07-01,Bihar,Pashchim Champaran,845455,1095.0,0.0,0.0,1095.0,,16.56998738965952
2025-07-01,Bihar,Patna,800001,661.0,0.0,1255.0,1916.0,0.5266932270916335,13.75411014073615
2025-07-01,Bihar,Patna,801110,613.0,0.0,1293.0,1906.0,0.47409126063418405,13.141348430935698
2025-07-01,Bihar,Patna,801503,836.0,0.0,1801.0,2637.0,0.4641865630205441,18.0344466514556
2025-07-01,Bihar,Purbi Champaran,845301,1037.0,0.0,0.0,1037.0,,15.692307692307692
2025-07-01,Bihar,Purbi Champaran,845302,779.0,0.0,0.0,779.0,,11.788146279949558
2025-07-01,Bihar,Purbi Champaran,845303,743.0,0.0,0.0,743.0,,11.243379571248422
2025-07-01,Bihar,Purbi Champaran,845304,503.0,0.0,0.0,503.0,,7.611601513240858
2025-07-01,Bihar,Purbi Champaran,845305,972.0,0.0,0.0,972.0,,14.708701134930644
2025-07-01,Bihar,Purbi Champaran,845401,1147.0,0.0,0.0,1147.0,,17.35687263556116
2025-07-01,Bihar,Purbi Champaran,845418,1041.0,0.0,0.0,1041.0,,15.752837326607816
2025-07-01,Bihar,Purbi Champaran,845433,886.0,0.0,0.0,886.0,,13.407313997477932
2025-07-01,Bihar,Purbi Champaran,845437,959.0,0.0,0.0,959.0,,14.511979823455235
2025-07-01,Bihar,Purbi Champaran,845440,270.0,0.0,0.0,270.0,,4.085750315258512
2025-07-01,Bihar,Purnia,854204,983.0,0.0,2211.0,3194.0,0.4445952057892356,21.484529126154577
2025-07-01,Bihar,Purnia,854301,528.0,0.0,1733.0,2261.0,0.3046739757645701,13.170391512386095
2025-07-01,Bihar,Purnia,854303,413.0,0.0,1082.0,1495.0,0.38170055452865065,9.484121629612973
2025-07-01,Bihar,Saharsa,852106,634.0,0.0,1316.0,1950.0,0.4817629179331307,13.527883214733055
2025-07-01,Bihar,Saharsa,852127,604.0,0.0,1762.0,2366.0,0.3427922814982974,14.407144647041934
2025-07-01,Bihar,Samastipur,848101,1014.0,0.0,1605.0,2619.0,0.6317757009345795,20.142109989574156
2025-07-01,Bihar,Saran,841211,491.0,0.0,424.0,915.0,1.1580188679245282,8.697481409383899
2025-07-01,Bihar,Saran,841301,1229.0,0.0,1920.0,3149.0,0.6401041666666667,24.337211492872626
2025-07-01,Bihar,Saran,841403,811.0,0.0,932.0,1743.0,0.8701716738197425,15.058423261681858
2025-07-01,Bihar,Sitamarhi,843302,1851.0,0.0,3128.0,4979.0,0.5917519181585678,37.36065997853387
2025-07-01,Bihar,Sitamarhi,843313,417.0,0.0,725.0,1142.0,0.5751724137931035,8.477466449624183
2025-07-01,Bihar,Sitamarhi,843314,676.0,0.0,1470.0,2146.0,0.4598639455782313,14.623798608499206
2025-07-01,Bihar,Sitamarhi,843315,410.0,0.0,738.0,1148.0,0.5555555555555556,8.410400661267746
2025-07-01,Bihar,Sitamarhi,843317,612.0,0.0,1016.0,1628.0,0.6023622047244095,12.298176264495035
2025-07-01,Bihar,Sitamarhi,843319,314.0,0.0,552.0,866.0,0.5688405797101449,6.4016771818805775
2025-07-01,Bihar,Sitamarhi,843320,575.0,0.0,1173.0,1748.0,0.49019607843137253,12.20759932044957
2025-07-01,Bihar,Sitamarhi,843324,1494.0,0.0,3128.0,4622.0,0.47762148337595906,31.958390117247614
2025-07-01,Bihar,Sitamarhi,843327,866.0,0.0,1038.0,1904.0,0.8342967244701349,16.207572933069446
2025-07-01,Bihar,Sitamarhi,843330,595.0,0.0,749.0,1344.0,0.794392523364486,11.24277869290678
2025-07-01,Bihar,Sitamarhi,843331,827.0,0.0,1726.0,2553.0,0.47914252607184243,17.674056483883483
2025-07-01,Bihar,Sitamarhi,843332,480.0,0.0,763.0,1243.0,0.6290956749672346,9.544402091652229
2025-07-01,Bihar,Siwan,841406,618.0,0.0,784.0,1402.0,0.7882653061224489,11.695450052317693
2025-07-01,Chhattisgarh,Balrampur,497118,454.0,3158.0,1104.0,4716.0,0.10652275926794932,17.626341714864687
2025-07-01,Chhattisgarh,Balrampur,497119,370.0,0.0,635.0,1005.0,0.5826771653543307,7.497205058121503
2025-07-01,Chhattisgarh,Balrampur,497223,786.0,0.0,340.0,1126.0,2.3117647058823527,12.910439629773748
2025-07-01,Chhattisgarh,Balrampur,497224,378.0,2427.0,1520.0,4325.0,0.09576893843425387,15.993944631690283
2025-07-01,Chhattisgarh,Balrampur,497224,378.0,2427.0,1520.0,4325.0,0.09576893843425387,15.993944631690283
2025-07-01,Chhattisgarh,Bijapur,494444,1078.0,0.0,1520.0,2598.0,0.7092105263157895,20.85649251592643
2025-07-01,Chhattisgarh,Bijapur,494447,313.0,0.0,781.0,1094.0,0.4007682458386684,7.071097497317204
2025-07-01,Chhattisgarh,Bilaspur,495551,1476.0,0.0,4449.0,5925.0,0.3317599460552933,35.63488950708656
2025-07-01,Chhattisgarh,Durg,491001,495.0,3499.0,4110.0,8104.0,0.06505454067551583,28.03774571364136
2025-07-01,Chhattisgarh,Gaurella Pendra Marwahi,495117,352.0,0.0,0.0,352.0,,5.326607818411097
2025-07-01,Chhattisgarh,Raigarh,496001,993.0,0.0,3726.0,4719.0,0.2665056360708535,26.164662717920883
2025-07-01,Chhattisgarh,Raigarh,496116,529.0,1525.0,2779.0,4833.0,0.1229089219330855,19.9128649528905
2025-07-01,Chhattisgarh,Sukma,494114,149.0,0.0,581.0,730.0,0.25645438898450945,3.9915198499538174
2025-07-01,Chhattisgarh,Sukma,494122,214.0,0.0,889.0,1103.0,0.2407199100112486,5.89583487456052
2025-07-01,Dadra and Nagar Haveli and Daman and Diu,Dadra And Nagar Haveli,396230,467.0,0.0,0.0,467.0,,7.066834804539722
2025-07-01,Delhi,Central Delhi,110005,297.0,0.0,1581.0,1878.0,0.18785578747628084,9.220429524349568
2025-07-01,Delhi,Central Delhi,110007,388.0,0.0,0.0,388.0,,5.8713745271122315
2025-07-01,Delhi,Central Delhi,110054,146.0,0.0,0.0,146.0,,2.209331651954603
2025-07-01,Delhi,Central Delhi,110055,321.0,0.0,1065.0,1386.0,0.30140845070422534,8.041121716220125
2025-07-01,Delhi,East Delhi,110091,753.0,3571.0,3357.0,7681.0,0.10868937644341801,29.860946018928114
2025-07-01,Delhi,East Delhi,110091,753.0,3571.0,3357.0,7681.0,0.10868937644341801,29.860946018928114
2025-07-01,Delhi,East Delhi,110092,1125.0,5974.0,4202.0,11301.0,0.11055424528301887,43.68964587342579
2025-07-01,Delhi,East Delhi,110092,1125.0,5974.0,4202.0,11301.0,0.11055424528301887,43.68964587342579
2025-07-01,Delhi,New Delhi,110003,212.0,0.0,0.0,212.0,,3.208070617906684
2025-07-01,Delhi,New Delhi,110021,128.0,0.0,258.0,386.0,0.49612403100775193,2.708191104569135
2025-07-01,Delhi,New Delhi,110037,304.0,0.0,0.0,304.0,,4.600252206809584
2025-07-01,Delhi,New Delhi,110057,100.0,0.0,0.0,100.0,,1.5132408575031526
2025-07-01,Delhi,New Delhi,110061,150.0,0.0,0.0,150.0,,2.2698612862547285
2025-07-01,Delhi,New Delhi,110070,197.0,0.0,0.0,197.0,,2.9810844892812103
2025-07-01,Delhi,North Delhi,110039,410.0,0.0,0.0,410.0,,6.204287515762926
2025-07-01,Delhi,North Delhi,110040,491.0,0.0,0.0,491.0,,7.430012610340479
2025-07-01,Delhi,North East Delhi,110053,1608.0,0.0,5330.0,6938.0,0.30168855534709194,40.26595237285217
2025-07-01,Delhi,North East Delhi,110094,2874.0,8961.0,7760.0,19595.0,0.171879672268405,87.84450092452269
2025-07-01,Delhi,North East Delhi,110094,2874.0,8961.0,7760.0,19595.0,0.171879672268405,87.84450092452269
2025-07-01,Delhi,North West Delhi,110034,514.0,2972.0,1987.0,5473.0,0.10364992942125428,20.734704470313847
2025-07-01,Delhi,North West Delhi,110034,514.0,2972.0,1987.0,5473.0,0.10364992942125428,20.734704470313847
2025-07-01,Delhi,North West Delhi,110085,657.0,4626.0,3494.0,8777.0,0.08091133004926108,31.308621844030704
2025-07-01,Delhi,Shahdara,110032,799.0,2379.0,432.0,3610.0,0.28424048381358946,18.998988050079983
2025-07-01,Delhi,South Delhi,110016,116.0,0.0,228.0,344.0,0.5087719298245614,2.4369228055100245
2025-07-01,Delhi,South Delhi,110017,305.0,1599.0,1344.0,3248.0,0.1036357458375807,12.408254711684453
2025-07-01,Delhi,South Delhi,110017,305.0,1599.0,1344.0,3248.0,0.1036357458375807,12.408254711684453
2025-07-01,Delhi,South Delhi,110024,104.0,0.0,446.0,550.0,0.23318385650224216,2.9070041813631025
2025-07-01,Delhi,South Delhi,110029,88.0,0.0,0.0,88.0,,1.3316519546027743
2025-07-01,Delhi,South Delhi,110030,357.0,0.0,1579.0,1936.0,0.22609246358454718,10.122395412440877
2025-07-01,Delhi,South Delhi,110048,83.0,0.0,334.0,417.0,0.24850299401197604,2.2544205222948386
2025-07-01,Delhi,South Delhi,110065,201.0,0.0,769.0,970.0,0.2613784135240572,5.3403959784501795
2025-07-01,Delhi,South West Delhi,110045,704.0,3727.0,3236.0,7667.0,0.10110584518167456,29.126066530022438
2025-07-01,Delhi,South West Delhi,110045,704.0,3727.0,3236.0,7667.0,0.10110584518167456,29.126066530022438
2025-07-01,Delhi,West Delhi,110015,423.0,1877.0,1541.0,3841.0,0.12375658279695728,15.439130607627193
2025-07-01,Delhi,West Delhi,110018,990.0,4214.0,2854.0,8058.0,0.1400679117147708,33.46182295586217
2025-07-01,Delhi,West Delhi,110027,350.0,1952.0,1891.0,4193.0,0.09107468123861566,15.55779912903595
2025-07-01,Delhi,West Delhi,110041,1289.0,5996.0,5862.0,13147.0,0.10870298532636195,51.185562720004185
2025-07-01,Delhi,West Delhi,110059,2300.0,10922.0,7277.0,20499.0,0.12638057036100886,82.34457394793257
2025-07-01,Gujarat,Ahmadabad,380001,643.0,0.0,624.0,1267.0,1.0304487179487178,11.595470153846907
2025-07-01,Gujarat,Ahmadabad,380015,239.0,0.0,0.0,239.0,,3.6166456494325345
2025-07-01,Gujarat,Ahmadabad,380016,271.0,0.0,0.0,271.0,,4.100882723833543
2025-07-01,Gujarat,Ahmadabad,380018,117.0,0.0,0.0,117.0,,1.7704918032786885
2025-07-01,Gujarat,Ahmadabad,380058,280.0,0.0,0.0,280.0,,4.237074401008827
2025-07-01,Gujarat,Ahmadabad,382150,388.0,0.0,0.0,388.0,,5.8713745271122315
2025-07-01,Gujarat,Ahmadabad,382220,338.0,0.0,0.0,338.0,,5.114754098360655
2025-07-01,Gujarat,Ahmadabad,382230,187.0,0.0,0.0,187.0,,2.829760403530895
2025-07-01,Gujarat,Ahmadabad,382240,100.0,0.0,0.0,100.0,,1.5132408575031526
2025-07-01,Gujarat,Ahmadabad,382330,533.0,0.0,0.0,533.0,,8.065573770491802
2025-07-01,Gujarat,Ahmadabad,382345,438.0,0.0,0.0,438.0,,6.627994955863809
2025-07-01,Gujarat,Ahmadabad,382350,754.0,0.0,0.0,754.0,,11.409836065573769
2025-07-01,Gujarat,Ahmadabad,382421,196.0,0.0,0.0,196.0,,2.965952080706179
2025-07-01,Gujarat,Ahmedabad,382440,434.0,0.0,1751.0,2185.0,0.24785836664762992,11.80175274402837
2025-07-01,Gujarat,Ahmedabad,387810,388.0,0.0,1299.0,1687.0,0.29869130100076985,9.75449238078535
2025-07-01,Gujarat,Amreli,364515,177.0,0.0,886.0,1063.0,0.19977426636568849,5.32696781766848
2025-07-01,Gujarat,Amreli,364522,67.0,0.0,403.0,470.0,0.1662531017369727,2.2185645962594194
2025-07-01,Gujarat,Amreli,365560,298.0,0.0,1068.0,1366.0,0.27902621722846443,7.702044258610273
2025-07-01,Gujarat,Amreli,365601,227.0,0.0,838.0,1065.0,0.27088305489260145,5.940101212566085
2025-07-01,Gujarat,Anand,387115,128.0,0.0,60.0,188.0,2.1333333333333333,2.1163070899215004
2025-07-01,Gujarat,Anand,388001,255.0,0.0,1386.0,1641.0,0.18398268398268397,8.001952289166482
2025-07-01,Gujarat,Anand,388180,154.0,0.0,699.0,853.0,0.22031473533619456,4.419920851053323
2025-07-01,Gujarat,Anand,388307,116.0,0.0,829.0,945.0,0.1399276236429433,4.233500041889966
2025-07-01,Gujarat,Anand,388540,193.0,0.0,815.0,1008.0,0.23680981595092024,5.356845117293318
2025-07-01,Gujarat,Anand,388620,190.0,0.0,879.0,1069.0,0.2161547212741752,5.502763936706853
2025-07-01,Gujarat,Anand,388625,73.0,0.0,418.0,491.0,0.17464114832535885,2.354198745788975
2025-07-01,Gujarat,Arvalli,383315,332.0,0.0,1001.0,1333.0,0.33166833166833165,8.016262165406841
2025-07-01,Gujarat,Arvalli,383325,269.0,0.0,681.0,950.0,0.39500734214390604,6.106340199486708
2025-07-01,Gujarat,Banas Kantha,385001,942.0,0.0,111.0,1053.0,8.486486486486486,14.58654264346701
2025-07-01,Gujarat,Banas Kantha,385130,190.0,0.0,0.0,190.0,,2.8751576292559897
2025-07-01,Gujarat,Banas Kantha,385135,360.0,0.0,0.0,360.0,,5.447667087011349
2025-07-01,Gujarat,Banas Kantha,385310,1165.0,0.0,0.0,1165.0,,17.629255989911726
2025-07-01,Gujarat,Banas Kantha,385320,898.0,0.0,0.0,898.0,,13.588902900378312
2025-07-01,Gujarat,Banas Kantha,385330,455.0,0.0,0.0,455.0,,6.885245901639345
2025-07-01,Gujarat,Banas Kantha,385421,214.0,0.0,0.0,214.0,,3.238335435056746
2025-07-01,Gujarat,Banas Kantha,385530,292.0,0.0,0.0,292.0,,4.418663303909206
2025-07-01,Gujarat,Banas Kantha,385535,1703.0,0.0,0.0,1703.0,,25.770491803278688
2025-07-01,Gujarat,Banas Kantha,385545,369.0,0.0,0.0,369.0,,5.583858764186633
2025-07-01,Gujarat,Banas Kantha,385550,524.0,0.0,0.0,524.0,,7.929382093316518
2025-07-01,Gujarat,Banas Kantha,385555,289.0,0.0,0.0,289.0,,4.373266078184111
2025-07-01,Gujarat,Banas Kantha,385560,129.0,0.0,0.0,129.0,,1.9520807061790668
2025-07-01,Gujarat,Banas Kantha,385565,683.0,0.0,0.0,683.0,,10.335435056746531
2025-07-01,Gujarat,Banas Kantha,385566,587.0,0.0,0.0,587.0,,8.882723833543507
2025-07-01,Gujarat,Banas Kantha,385575,428.0,0.0,0.0,428.0,,6.476670870113492
2025-07-01,Gujarat,Bhavnagar,364001,528.0,0.0,1738.0,2266.0,0.3037974683544304,13.185338078412551
2025-07-01,Gujarat,Bhavnagar,364002,273.0,0.0,941.0,1214.0,0.29011689691817216,6.944091267162516
2025-07-01,Gujarat,Bhavnagar,364130,172.0,0.0,1145.0,1317.0,0.15021834061135372,6.025537894963715
2025-07-01,Gujarat,Bhavnagar,364140,312.0,0.0,1293.0,1605.0,0.24129930394431554,8.58649344985121
2025-07-01,Gujarat,Bhavnagar,364230,76.0,0.0,422.0,498.0,0.18009478672985782,2.4115532243352336
2025-07-01,Gujarat,Bhavnagar,364240,238.0,0.0,1088.0,1326.0,0.21875,6.853886008214202
2025-07-01,Gujarat,Bhavnagar,364290,396.0,0.0,2356.0,2752.0,0.16808149405772496,13.03525570737828
2025-07-01,Gujarat,Bhavnagar,364310,149.0,0.0,538.0,687.0,0.27695167286245354,3.862979382126301
2025-07-01,Gujarat,Botad,363421,264.0,0.0,0.0,264.0,,3.9949558638083227
2025-07-01,Gujarat,Botad,364710,567.0,0.0,1085.0,1652.0,0.5225806451612903,11.823480489783703
2025-07-01,Gujarat,Botad,364750,259.0,0.0,248.0,507.0,1.0443548387096775,4.660643495845354
2025-07-01,Gujarat,Chhotaudepur,391125,135.0,0.0,237.0,372.0,0.569620253164557,2.7513423872832434
2025-07-01,Gujarat,Chhotaudepur,391135,193.0,0.0,464.0,657.0,0.41594827586206895,4.307596182236147
2025-07-01,Gujarat,Chhotaudepur,391140,105.0,0.0,200.0,305.0,0.525,2.186765541436527
2025-07-01,Gujarat,Chhotaudepur,391150,312.0,0.0,813.0,1125.0,0.3837638376383764,7.151623111311488
2025-07-01,Gujarat,Chhotaudepur,391152,90.0,0.0,344.0,434.0,0.2616279069767442,2.3902405143729704
2025-07-01,Gujarat,Chhotaudepur,391160,366.0,0.0,985.0,1351.0,0.3715736040609137,8.482935045673257
2025-07-01,Gujarat,Chhotaudepur,391165,515.0,0.0,867.0,1382.0,0.5940023068050749,10.384924965128606
2025-07-01,Gujarat,Chhotaudepur,391168,146.0,0.0,432.0,578.0,0.33796296296296297,3.5007149566403517
2025-07-01,Gujarat,Dang,394710,322.0,0.0,0.0,322.0,,4.872635561160151
2025-07-01,Gujarat,Dang,394716,186.0,0.0,0.0,186.0,,2.8146279949558637
2025-07-01,Gujarat,Devbhumi Dwarka,360510,148.0,0.0,518.0,666.0,0.2857142857142857,3.7880607094454475
2025-07-01,Gujarat,Devbhumi Dwarka,360590,89.0,0.0,0.0,89.0,,1.3467843631778058
2025-07-01,Gujarat,Devbhumi Dwarka,361305,340.0,0.0,601.0,941.0,0.5657237936772047,6.941596151890661
2025-07-01,Gujarat,Dohad,389140,429.0,0.0,105.0,534.0,4.085714285714285,6.805681165244088
2025-07-01,Gujarat,Dohad,389151,1328.0,0.0,938.0,2266.0,1.415778251599147,22.8998143742049
2025-07-01,Gujarat,Dohad,389152,490.0,0.0,330.0,820.0,1.4848484848484849,8.401353559511506
2025-07-01,Gujarat,Dohad,389154,566.0,0.0,255.0,821.0,2.219607843137255,9.32721812081707
2025-07-01,Gujarat,Dohad,389155,758.0,0.0,328.0,1086.0,2.3109756097560976,12.450860431209373
2025-07-01,Gujarat,Dohad,389170,1088.0,0.0,228.0,1316.0,4.771929824561403,17.145623940440668
2025-07-01,Gujarat,Dohad,389172,648.0,0.0,0.0,648.0,,9.80580075662043
2025-07-01,Gujarat,Dohad,389180,1302.0,0.0,288.0,1590.0,4.520833333333333,20.563318167814877
2025-07-01,Gujarat,Dohad,389190,630.0,0.0,0.0,630.0,,9.533417402269862
2025-07-01,Gujarat,Dohad,389380,419.0,0.0,0.0,419.0,,6.340479192938209
2025-07-01,Gujarat,Dohad,389382,343.0,0.0,0.0,343.0,,5.190416141235813
2025-07-01,Gujarat,Gandhinagar,382721,471.0,2556.0,1864.0,4891.0,0.10656108597285067,18.73415089970713
2025-07-01,Gujarat,Gandhinagar,382721,471.0,2556.0,1864.0,4891.0,0.10656108597285067,18.73415089970713
2025-07-01,Gujarat,Gandhinagar,382735,76.0,0.0,492.0,568.0,0.15447154471544716,2.6208051487056094
2025-07-01,Gujarat,Gir Somnath,362268,694.0,0.0,1039.0,1733.0,0.6679499518768046,13.607787971369318
2025-07-01,Gujarat,Gir Somnath,362275,237.0,0.0,464.0,701.0,0.5107758620689655,4.9734221595375345
2025-07-01,Gujarat,Gir Somnath,362720,413.0,0.0,1185.0,1598.0,0.34852320675105486,9.792020889757955
2025-07-01,Gujarat,Jamnagar,360490,216.0,0.0,0.0,216.0,,3.2686002522068094
2025-07-01,Gujarat,Jamnagar,361001,300.0,0.0,906.0,1206.0,0.33112582781456956,7.24804033650318
2025-07-01,Gujarat,Jamnagar,361006,269.0,0.0,957.0,1226.0,0.28108672936259144,6.931390644147048
2025-07-01,Gujarat,Jamnagar,361012,121.0,0.0,466.0,587.0,0.259656652360515,3.22404139124446
2025-07-01,Gujarat,Jamnagar,361170,108.0,0.0,528.0,636.0,0.20454545454545456,3.212657498497097
2025-07-01,Gujarat,Kachchh,370001,446.0,2789.0,2542.0,5777.0,0.0836616019508535,20.93270718584487
2025-07-01,Gujarat,Kachchh,370001,446.0,2789.0,2542.0,5777.0,0.0836616019508535,20.93270718584487
2025-07-01,Gujarat,Kachchh,370140,170.0,0.0,863.0,1033.0,0.1969872537659328,5.152286753921566
2025-07-01,Gujarat,Kachchh,370145,156.0,0.0,515.0,671.0,0.3029126213592233,3.9001520384298263
2025-07-01,Gujarat,Kachchh,370150,84.0,0.0,471.0,555.0,0.17834394904458598,2.679088839994749
2025-07-01,Gujarat,Kachchh,370155,428.0,0.0,917.0,1345.0,0.46673936750272627,9.217871079365416
2025-07-01,Gujarat,Kachchh,370165,488.0,0.0,1479.0,1967.0,0.3299526707234618,11.805809615240898
2025-07-01,Gujarat,Kachchh,370410,69.0,0.0,241.0,310.0,0.2863070539419087,1.7645606741523268
2025-07-01,Gujarat,Kachchh,370421,88.0,0.0,302.0,390.0,0.2913907284768212,2.234424542600682
2025-07-01,Gujarat,Kheda,387620,409.0,0.0,1247.0,1656.0,0.3279871692060946,9.916828674185876
2025-07-01,Gujarat,Kheda,388255,273.0,0.0,494.0,767.0,0.5526315789473685,5.6078682643974025
2025-07-01,Gujarat,Mahesana,382715,399.0,0.0,1924.0,2323.0,0.20738045738045738,11.789269628417626
2025-07-01,Gujarat,Mahesana,384001,324.0,0.0,2030.0,2354.0,0.15960591133004925,10.971206185051116
2025-07-01,Gujarat,Mahesana,384315,229.0,0.0,1389.0,1618.0,0.16486681065514758,7.617477605831535
2025-07-01,Gujarat,Mahesana,384355,205.0,0.0,1100.0,1305.0,0.18636363636363637,6.390388283701657
2025-07-01,Gujarat,Mahisagar,389210,315.0,0.0,43.0,358.0,7.325581395348837,4.895249168962447
2025-07-01,Gujarat,Mahisagar,389260,249.0,0.0,594.0,843.0,0.41919191919191917,5.543621779125754
2025-07-01,Gujarat,Morbi,363330,607.0,0.0,812.0,1419.0,0.7475369458128078,11.612694327740497
2025-07-01,Gujarat,Morbi,363621,596.0,1317.0,1426.0,3339.0,0.2172803499817718,16.391108321843994
2025-07-01,Gujarat,Morbi,363621,596.0,1317.0,1426.0,3339.0,0.2172803499817718,16.391108321843994
2025-07-01,Gujarat,Morbi,363641,1091.0,1440.0,1371.0,3902.0,0.38811810743507646,24.00764089006964
2025-07-01,Gujarat,Morbi,363641,1091.0,1440.0,1371.0,3902.0,0.38811810743507646,24.00764089006964
2025-07-01,Gujarat,Morbi,363642,378.0,0.0,454.0,832.0,0.8325991189427313,7.077198636564069
2025-07-01,Gujarat,Morbi,363650,157.0,0.0,299.0,456.0,0.5250836120401338,3.2695927946619836
2025-07-01,Gujarat,Navsari,396445,257.0,0.0,1051.0,1308.0,0.2445290199809705,7.030797182544032
2025-07-01,Gujarat,Panch Mahals,389001,604.0,0.0,0.0,604.0,,9.139974779319042
2025-07-01,Gujarat,Panch Mahals,389341,239.0,0.0,0.0,239.0,,3.6166456494325345
2025-07-01,Gujarat,Panch Mahals,389350,217.0,0.0,0.0,217.0,,3.2837326607818405
2025-07-01,Gujarat,Panch Mahals,389360,104.0,0.0,0.0,104.0,,1.5737704918032787
2025-07-01,Gujarat,Panch Mahals,389365,159.0,0.0,0.0,159.0,,2.4060529634300125
2025-07-01,Gujarat,Patan,384151,417.0,0.0,1342.0,1759.0,0.3107302533532042,10.321872697288782
2025-07-01,Gujarat,Patan,384240,243.0,0.0,1082.0,1325.0,0.2245841035120148,6.911612171857614
2025-07-01,Gujarat,Patan,384241,122.0,0.0,554.0,676.0,0.22021660649819494,3.502233361885107
2025-07-01,Gujarat,Patan,384245,423.0,0.0,1570.0,1993.0,0.2694267515923567,11.09423055954534
2025-07-01,Gujarat,Patan,384265,509.0,0.0,2137.0,2646.0,0.2381843706130089,14.090558284398092
2025-07-01,Gujarat,Patan,384272,92.0,0.0,352.0,444.0,0.26136363636363635,2.4444198371653623
2025-07-01,Gujarat,Patan,384285,341.0,0.0,1175.0,1516.0,0.2902127659574468,8.672594340302773
2025-07-01,Gujarat,Patan,385340,615.0,0.0,2029.0,2644.0,0.30310497782158696,15.371747767179997
2025-07-01,Gujarat,Patan,385360,389.0,1133.0,1428.0,2950.0,0.15189379148770013,12.83025504657921
2025-07-01,Gujarat,Porbandar,360570,65.0,0.0,688.0,753.0,0.09447674418604651,3.040254042617316
2025-07-01,Gujarat,Porbandar,360575,396.0,0.0,1197.0,1593.0,0.3308270676691729,9.570641702445911
2025-07-01,Gujarat,Porbandar,360579,134.0,0.0,446.0,580.0,0.3004484304932735,3.360976438614048
2025-07-01,Gujarat,Rajkot,360001,362.0,1510.0,1407.0,3279.0,0.1241001028453891,13.249000058094035
2025-07-01,Gujarat,Rajkot,360002,750.0,2267.0,2192.0,5209.0,0.16819914779098452,23.25425968108471
2025-07-01,Gujarat,Rajkot,360002,750.0,2267.0,2192.0,5209.0,0.16819914779098452,23.25425968108471
2025-07-01,Gujarat,Rajkot,360004,490.0,2583.0,1917.0,4990.0,0.10888888888888888,19.243847163705457
2025-07-01,Gujarat,Rajkot,360004,490.0,2583.0,1917.0,4990.0,0.10888888888888888,19.243847163705457
2025-07-01,Gujarat,Rajkot,360005,356.0,0.0,1838.0,2194.0,0.19368879216539717,10.881495124036237
2025-07-01,Gujarat,Rajkot,360022,147.0,0.0,455.0,602.0,0.3230769230769231,3.5846015689370776
2025-07-01,Gujarat,Rajkot,360050,292.0,0.0,1043.0,1335.0,0.2799616490891659,7.536516977027807
2025-07-01,Gujarat,Rajkot,360311,529.0,0.0,1735.0,2264.0,0.3048991354466859,13.191502547371709
2025-07-01,Gujarat,Rajkot,360370,313.0,0.0,1203.0,1516.0,0.2601828761429759,8.332587669950042
2025-07-01,Gujarat,Rajkot,363440,304.0,0.0,0.0,304.0,,4.600252206809584
2025-07-01,Gujarat,Rajkot,363520,661.0,0.0,0.0,661.0,,10.002522068095839
2025-07-01,Gujarat,Sabar Kantha,383001,381.0,0.0,0.0,381.0,,5.765447667087011
2025-07-01,Gujarat,Sabar Kantha,383205,155.0,0.0,0.0,155.0,,2.345523329129886
2025-07-01,Gujarat,Sabar Kantha,383215,94.0,0.0,0.0,94.0,,1.4224464060529634
2025-07-01,Gujarat,Sabar Kantha,383220,164.0,0.0,0.0,164.0,,2.48171500630517
2025-07-01,Gujarat,Sabar Kantha,383255,226.0,0.0,0.0,226.0,,3.4199243379571245
2025-07-01,Gujarat,Sabar Kantha,383270,622.0,0.0,0.0,622.0,,9.412358133669608
2025-07-01,Gujarat,Sabar Kantha,383422,499.0,0.0,0.0,499.0,,7.551071878940732
2025-07-01,Gujarat,Sabar Kantha,383430,136.0,0.0,0.0,136.0,,2.0580075662042874
2025-07-01,Gujarat,Surat,394210,1289.0,7099.0,5038.0,13426.0,0.10620416906978661,51.32654760236694
2025-07-01,Gujarat,Surat,395003,348.0,0.0,1625.0,1973.0,0.21415384615384617,10.123712142708982
2025-07-01,Gujarat,Surat,395006,929.0,4824.0,2779.0,8532.0,0.12218860975930554,33.75475531006637
2025-07-01,Gujarat,Surat,395007,366.0,2495.0,1387.0,4248.0,0.09428129829984544,15.575324823637176
2025-07-01,Gujarat,Surat,395007,366.0,2495.0,1387.0,4248.0,0.09428129829984544,15.575324823637176
2025-07-01,Gujarat,Surat,395010,1424.0,6509.0,4145.0,12078.0,0.133658719729679,49.306978226802414
2025-07-01,Gujarat,Surendra Nagar,382750,192.0,0.0,679.0,871.0,0.28276877761413843,4.935166112798699
2025-07-01,Gujarat,Surendra Nagar,382775,251.0,0.0,490.0,741.0,0.5122448979591837,5.262998022925544
2025-07-01,Gujarat,Surendranagar,363030,214.0,0.0,0.0,214.0,,3.238335435056746
2025-07-01,Gujarat,Surendranagar,363310,697.0,0.0,0.0,697.0,,10.547288776796975
2025-07-01,Gujarat,Surendranagar,363530,399.0,0.0,0.0,399.0,,6.0378310214375785
2025-07-01,Gujarat,Vadodara,390019,428.0,2607.0,2730.0,5765.0,0.08019486602960464,20.79261338012609
2025-07-01,Gujarat,Vadodara,391440,246.0,0.0,1235.0,1481.0,0.19919028340080971,7.414374317992245
2025-07-01,Gujarat,Vadodara,391770,110.0,0.0,461.0,571.0,0.2386117136659436,3.042638330892658
2025-07-01,Gujarat,Valsad,396065,872.0,0.0,1981.0,2853.0,0.44018172640080766,19.11728973710913
2025-07-01,Haryana,Faridabad,121001,841.0,3985.0,3545.0,8371.0,0.11168658698539177,32.73204134107426
2025-07-01,Haryana,Faridabad,121003,718.0,0.0,2001.0,2719.0,0.3588205897051474,16.846685080660095
2025-07-01,Haryana,Faridabad,121004,1906.0,6976.0,7429.0,16311.0,0.13231516834432488,67.52028901713632
2025-07-01,Haryana,Gurugram,122001,971.0,0.0,0.0,971.0,,14.693568726355611
2025-07-01,Haryana,Gurugram,122002,199.0,0.0,0.0,199.0,,3.0113493064312737
2025-07-01,Haryana,Gurugram,122004,202.0,0.0,0.0,202.0,,3.0567465321563683
2025-07-01,Haryana,Gurugram,122103,392.0,0.0,0.0,392.0,,5.931904161412358
2025-07-01,Haryana,Panipat,132103,1523.0,6464.0,9154.0,17141.0,0.09751568702778846,65.67231168571305
2025-07-01,Haryana,Panipat,132103,1523.0,6464.0,9154.0,17141.0,0.09751568702778846,65.67231168571305
2025-07-01,Himachal Pradesh,Kullu,175101,114.0,0.0,239.0,353.0,0.4769874476987448,2.439540433618163
2025-07-01,Jammu and Kashmir,Doda,182203,538.0,0.0,1228.0,1766.0,0.4381107491856677,11.812112429464412
2025-07-01,Jammu and Kashmir,Shopian,192303,412.0,0.0,0.0,412.0,,6.234552332912989
2025-07-01,Jharkhand,Chatra,825103,501.0,0.0,1885.0,2386.0,0.26578249336870025,13.216192088064489
2025-07-01,Jharkhand,Dhanbad,828109,904.0,0.0,3604.0,4508.0,0.25083240843507215,24.453182143697568
2025-07-01,Jharkhand,Dhanbad,828113,292.0,0.0,1162.0,1454.0,0.2512908777969019,7.892245248457447
2025-07-01,Jharkhand,Dhanbad,828201,342.0,0.0,1368.0,1710.0,0.25,9.264664197498984
2025-07-01,Jharkhand,Dumka,814119,188.0,0.0,442.0,630.0,0.4253393665158371,4.166169248844586
2025-07-01,Jharkhand,East Singhbhum,832110,293.0,0.0,1203.0,1496.0,0.24355777223607647,8.02993949844941
2025-07-01,Jharkhand,East Singhbum,831002,769.0,0.0,0.0,769.0,,11.636822194199242
2025-07-01,Jharkhand,East Singhbum,831011,111.0,0.0,0.0,111.0,,1.6796973518284992
2025-07-01,Jharkhand,East Singhbum,831012,362.0,0.0,0.0,362.0,,5.477931904161412
2025-07-01,Jharkhand,East Singhbum,832105,205.0,0.0,0.0,205.0,,3.102143757881463
2025-07-01,Jharkhand,Giridih,815301,704.0,0.0,1149.0,1853.0,0.6127067014795474,14.08793650970165
2025-07-01,Jharkhand,Giridih,815312,1115.0,0.0,1487.0,2602.0,0.7498318762609281,21.317744297427993
2025-07-01,Jharkhand,Gumla,835227,386.0,0.0,508.0,894.0,0.7598425196850394,7.359680818250039
2025-07-01,Jharkhand,Gumla,835324,306.0,0.0,945.0,1251.0,0.3238095238095238,7.455418002959721
2025-07-01,Jharkhand,Khunti,835210,356.0,0.0,2158.0,2514.0,0.164967562557924,11.838075349729383
2025-07-01,Jharkhand,Pakur,816107,2028.0,0.0,2007.0,4035.0,1.0104633781763828,36.688076193183136
2025-07-01,Jharkhand,Ranchi,834001,556.0,0.0,2760.0,3316.0,0.20144927536231885,16.664123614320918
2025-07-01,Jharkhand,Ranchi,834002,317.0,0.0,1576.0,1893.0,0.20114213197969544,9.508131129823743
2025-07-01,Jharkhand,Ranchi,834003,144.0,0.0,711.0,855.0,0.20253164556962025,4.304468523766501
2025-07-01,Jharkhand,Ranchi,834005,165.0,0.0,1042.0,1207.0,0.15834932821497122,5.611711774793511
2025-07-01,Jharkhand,Ranchi,835205,118.0,0.0,816.0,934.0,0.14460784313725492,4.224903787371245
2025-07-01,Jharkhand,Ranchi,835222,295.0,0.0,1223.0,1518.0,0.24121013900245297,8.119990579705297
2025-07-01,Jharkhand,West Singhbhum,833201,776.0,0.0,2644.0,3420.0,0.2934947049924357,19.64649316901409
2025-07-01,Karnataka,Bengaluru Rural,560049,400.0,0.0,0.0,400.0,,6.0529634300126105
2025-07-01,Karnataka,Bengaluru Rural,560060,281.0,0.0,0.0,281.0,,4.252206809583859
2025-07-01,Karnataka,Bengaluru Rural,560067,460.0,0.0,0.0,460.0,,6.960907944514501
2025-07-01,Karnataka,Bengaluru Rural,560087,339.0,0.0,0.0,339.0,,5.129886506935687
2025-07-01,Karnataka,Bengaluru Rural,562110,174.0,0.0,0.0,174.0,,2.633039092055485
2025-07-01,Karnataka,Bengaluru Urban,560001,105.0,0.0,0.0,105.0,,1.5889029003783102
2025-07-01,Karnataka,Bengaluru Urban,560004,175.0,0.0,0.0,175.0,,2.648171500630517
2025-07-01,Karnataka,Bengaluru Urban,560005,150.0,0.0,0.0,150.0,,2.2698612862547285
2025-07-01,Karnataka,Bengaluru Urban,560008,146.0,0.0,0.0,146.0,,2.209331651954603
2025-07-01,Karnataka,Bengaluru Urban,560010,178.0,0.0,0.0,178.0,,2.6935687263556116
2025-07-01,Karnataka,Bengaluru Urban,560016,362.0,0.0,0.0,362.0,,5.477931904161412
2025-07-01,Karnataka,Bengaluru Urban,560017,112.0,0.0,0.0,112.0,,1.694829760403531
2025-07-01,Karnataka,Bengaluru Urban,560024,91.0,0.0,0.0,91.0,,1.3770491803278688
2025-07-01,Karnataka,Bengaluru Urban,560027,112.0,0.0,0.0,112.0,,1.694829760403531
2025-07-01,Karnataka,Bengaluru Urban,560029,221.0,0.0,0.0,221.0,,3.344262295081967
2025-07-01,Karnataka,Bengaluru Urban,560032,454.0,0.0,0.0,454.0,,6.870113493064313
2025-07-01,Karnataka,Bengaluru Urban,560034,84.0,0.0,0.0,84.0,,1.2711223203026483
2025-07-01,Karnataka,Bengaluru Urban,560035,285.0,0.0,0.0,285.0,,4.312736443883985
2025-07-01,Karnataka,Bengaluru Urban,560036,345.0,0.0,0.0,345.0,,5.220680958385876
2025-07-01,Karnataka,Bengaluru Urban,560037,400.0,0.0,0.0,400.0,,6.0529634300126105
2025-07-01,Karnataka,Bengaluru Urban,560038,103.0,0.0,0.0,103.0,,1.5586380832282472
2025-07-01,Karnataka,Bengaluru Urban,560041,132.0,0.0,0.0,132.0,,1.9974779319041613
2025-07-01,Karnataka,Bengaluru Urban,560043,546.0,0.0,0.0,546.0,,8.262295081967213
2025-07-01,Karnataka,Bengaluru Urban,560045,635.0,0.0,0.0,635.0,,9.609079445145017
2025-07-01,Karnataka,Bengaluru Urban,560046,89.0,0.0,0.0,89.0,,1.3467843631778058
2025-07-01,Karnataka,Bengaluru Urban,560047,240.0,0.0,0.0,240.0,,3.631778058007566
2025-07-01,Karnataka,Bengaluru Urban,560048,240.0,0.0,0.0,240.0,,3.631778058007566
2025-07-01,Karnataka,Bengaluru Urban,560058,267.0,0.0,0.0,267.0,,4.040353089533418
2025-07-01,Karnataka,Bengaluru Urban,560061,316.0,0.0,0.0,316.0,,4.781841109709962
2025-07-01,Karnataka,Bengaluru Urban,560062,343.0,0.0,0.0,343.0,,5.190416141235813
2025-07-01,Karnataka,Bengaluru Urban,560064,495.0,0.0,0.0,495.0,,7.490542244640605
2025-07-01,Karnataka,Bengaluru Urban,560066,386.0,0.0,0.0,386.0,,5.8411097099621685
2025-07-01,Karnataka,Bengaluru Urban,560068,804.0,0.0,0.0,804.0,,12.166456494325345
2025-07-01,Karnataka,Bengaluru Urban,560075,129.0,0.0,0.0,129.0,,1.9520807061790668
2025-07-01,Karnataka,Bengaluru Urban,560076,459.0,0.0,0.0,459.0,,6.945775535939471
2025-07-01,Karnataka,Bengaluru Urban,560077,442.0,0.0,0.0,442.0,,6.688524590163934
2025-07-01,Karnataka,Bengaluru Urban,560078,547.0,0.0,0.0,547.0,,8.277427490542244
2025-07-01,Karnataka,Bengaluru Urban,560084,166.0,0.0,0.0,166.0,,2.511979823455233
2025-07-01,Karnataka,Bengaluru Urban,560085,222.0,0.0,0.0,222.0,,3.3593947036569984
2025-07-01,Karnataka,Bengaluru Urban,560091,408.0,0.0,0.0,408.0,,6.174022698612863
2025-07-01,Karnataka,Bengaluru Urban,560092,110.0,0.0,0.0,110.0,,1.664564943253468
2025-07-01,Karnataka,Bengaluru Urban,560093,114.0,0.0,0.0,114.0,,1.7250945775535942
2025-07-01,Karnataka,Bengaluru Urban,560097,247.0,0.0,0.0,247.0,,3.7377049180327866
2025-07-01,Karnataka,Bengaluru Urban,560099,241.0,0.0,0.0,241.0,,3.646910466582597
2025-07-01,Karnataka,Bengaluru Urban,560100,446.0,0.0,0.0,446.0,,6.74905422446406
2025-07-01,Karnataka,Bengaluru Urban,560102,207.0,0.0,0.0,207.0,,3.1324085750315254
2025-07-01,Karnataka,Bengaluru Urban,560103,183.0,0.0,0.0,183.0,,2.769230769230769
2025-07-01,Karnataka,Bengaluru Urban,562106,158.0,0.0,0.0,158.0,,2.390920554854981
2025-07-01,Karnataka,Bengaluru Urban,562125,255.0,0.0,0.0,255.0,,3.8587641866330387
2025-07-01,Karnataka,Bengaluru Urban,562157,69.0,0.0,0.0,69.0,,1.0441361916771754
2025-07-01,Karnataka,Bidar,585437,169.0,0.0,379.0,548.0,0.44591029023746703,3.690326753985649
2025-07-01,Karnataka,Mysuru,570023,97.0,0.0,222.0,319.0,0.4369369369369369,2.131471163352679
2025-07-01,Karnataka,Mysuru,571104,98.0,0.0,42.0,140.0,2.3333333333333335,1.608527194975315
2025-07-01,Karnataka,Mysuru,571105,372.0,0.0,409.0,781.0,0.9095354523227384,6.851885090875781
2025-07-01,Karnataka,Ramanagara,562160,204.0,0.0,0.0,204.0,,3.0870113493064313
2025-07-01,Karnataka,Vijayapura,586101,450.0,765.0,638.0,1853.0,0.3207412687099073,10.522927884188487
2025-07-01,Kerala,Ernakulam,682006,136.0,0.0,473.0,609.0,0.28752642706131076,3.4719527123069707
2025-07-01,Kerala,Ernakulam,682030,88.0,0.0,196.0,284.0,0.4489795918367347,1.917557342839827
2025-07-01,Kerala,Kannur,670003,70.0,0.0,235.0,305.0,0.2978723404255319,1.7617572034956115
2025-07-01,Kerala,Thiruvananthapuram,695011,79.0,0.0,199.0,278.0,0.3969849246231156,1.7903336052804162
2025-07-01,Madhya Pradesh,Alirajpur,457887,244.0,0.0,1566.0,1810.0,0.1558109833971903,8.37357217179353
2025-07-01,Madhya Pradesh,Alirajpur,457990,529.0,0.0,3801.0,4330.0,0.13917390160484083,19.36742362950309
2025-07-01,Madhya Pradesh,Alirajpur,457993,702.0,0.0,170.0,872.0,4.129411764705883,11.131134064571615
2025-07-01,Madhya Pradesh,Ashoknagar,473101,777.0,0.0,0.0,777.0,,11.757881462799496
2025-07-01,Madhya Pradesh,Ashoknagar,473335,566.0,0.0,0.0,566.0,,8.564943253467844
2025-07-01,Madhya Pradesh,Ashoknagar,473443,800.0,0.0,0.0,800.0,,12.105926860025221
2025-07-01,Madhya Pradesh,Balaghat,481001,338.0,1462.0,1629.0,3429.0,0.109349725008088,13.436121959526027
2025-07-01,Madhya Pradesh,Barwani,451447,846.0,0.0,2812.0,3658.0,0.3008534850640114,21.2079663877552
2025-07-01,Madhya Pradesh,Barwani,451449,506.0,0.0,1473.0,1979.0,0.34351663272233535,12.06025709035972
2025-07-01,Madhya Pradesh,Barwani,451551,1234.0,2943.0,5202.0,9379.0,0.15150399017802332,41.17221170547417
2025-07-01,Madhya Pradesh,Barwani,451551,1234.0,2943.0,5202.0,9379.0,0.15150399017802332,41.17221170547417
2025-07-01,Madhya Pradesh,Barwani,451556,399.0,0.0,1168.0,1567.0,0.3416095890410959,9.529348845217566
2025-07-01,Madhya Pradesh,Barwani,451660,393.0,0.0,925.0,1318.0,0.42486486486486486,8.712151284881642
2025-07-01,Madhya Pradesh,Barwani,451666,2855.0,4088.0,8081.0,15024.0,0.23461254006081025,77.01141953345505
2025-07-01,Madhya Pradesh,Barwani,451666,2855.0,4088.0,8081.0,15024.0,0.23461254006081025,77.01141953345505
2025-07-01,Madhya Pradesh,Barwani,451770,736.0,0.0,1696.0,2432.0,0.4339622641509434,16.20732790739688
2025-07-01,Madhya Pradesh,Barwani,451881,250.0,0.0,940.0,1190.0,0.26595744680851063,6.593056556731501
2025-07-01,Madhya Pradesh,Betul,460001,557.0,0.0,3662.0,4219.0,0.1521026761332605,19.37561653406851
2025-07-01,Madhya Pradesh,Betul,460330,411.0,0.0,3860.0,4271.0,0.10647668393782384,17.758168896761543
2025-07-01,Madhya Pradesh,Bhind,477001,784.0,3008.0,2661.0,6453.0,0.1382959957664491,26.920247754194953
2025-07-01,Madhya Pradesh,Bhind,477001,784.0,3008.0,2661.0,6453.0,0.1382959957664491,26.920247754194953
2025-07-01,Madhya Pradesh,Bhind,477111,285.0,0.0,1056.0,1341.0,0.26988636363636365,7.4694511886713695
2025-07-01,Madhya Pradesh,Bhind,477116,452.0,0.0,1544.0,1996.0,0.2927461139896373,11.455348264883684
2025-07-01,Madhya Pradesh,Bhind,477222,289.0,0.0,860.0,1149.0,0.336046511627907,6.944075434734444
2025-07-01,Madhya Pradesh,Bhind,477227,198.0,0.0,529.0,727.0,0.3742911153119093,4.577563583455226
2025-07-01,Madhya Pradesh,Bhind,477445,436.0,0.0,909.0,1345.0,0.47964796479647964,9.31501584232334
2025-07-01,Madhya Pradesh,Bhind,477446,142.0,0.0,282.0,424.0,0.5035460992907801,2.9917883415465623
2025-07-01,Madhya Pradesh,Bhind,477447,197.0,0.0,607.0,804.0,0.3245469522240527,4.795597604892898
2025-07-01,Madhya Pradesh,Bhind,477555,226.0,0.0,824.0,1050.0,0.27427184466019416,5.883118419116978
2025-07-01,Madhya Pradesh,Bhind,477557,534.0,0.0,1339.0,1873.0,0.3988050784167289,12.083396560951599
2025-07-01,Madhya Pradesh,Bhind,477660,512.0,0.0,1161.0,1673.0,0.4409991386735573,11.218385821759092
2025-07-01,Madhya Pradesh,Bhopal,462001,1133.0,2253.0,5242.0,8628.0,0.15116744496330886,38.13432349269321
2025-07-01,Madhya Pradesh,Burhanpur,450221,463.0,0.0,1582.0,2045.0,0.29266750948166875,11.735398661010093
2025-07-01,Madhya Pradesh,Burhanpur,450331,1608.0,2026.0,9108.0,12742.0,0.14442248967127716,56.34295624820508
2025-07-01,Madhya Pradesh,Burhanpur,450332,713.0,707.0,1824.0,3244.0,0.28170683524298695,17.911139013150574
2025-07-01,Madhya Pradesh,Burhanpur,450445,192.0,0.0,1221.0,1413.0,0.15724815724815724,6.555373870066466
2025-07-01,Madhya Pradesh,Chhatarpur,471311,502.0,1078.0,1766.0,3346.0,0.17651195499296765,15.420750280221096
2025-07-01,Madhya Pradesh,Chhatarpur,471313,619.0,0.0,1650.0,2269.0,0.3751515151515151,14.299327696674805
2025-07-01,Madhya Pradesh,Chhatarpur,471318,445.0,0.0,1154.0,1599.0,0.3856152512998267,10.183589254794938
2025-07-01,Madhya Pradesh,Chhatarpur,471405,832.0,1398.0,2442.0,4672.0,0.21666666666666667,23.190739665704086
2025-07-01,Madhya Pradesh,Chhatarpur,471405,832.0,1398.0,2442.0,4672.0,0.21666666666666667,23.190739665704086
2025-07-01,Madhya Pradesh,Chhatarpur,471501,516.0,0.0,1152.0,1668.0,0.4479166666666667,11.252011637211595
2025-07-01,Madhya Pradesh,Chhatarpur,471606,263.0,0.0,986.0,1249.0,0.2667342799188641,6.9272862756503
2025-07-01,Madhya Pradesh,Chhatarpur,471625,409.0,0.0,1282.0,1691.0,0.31903276131045244,10.021454636371063
2025-07-01,Madhya Pradesh,Datia,475661,839.0,3417.0,2765.0,7021.0,0.1357165965706891,29.02906630241833
2025-07-01,Madhya Pradesh,Dewas,455227,849.0,2781.0,2943.0,6573.0,0.14832285115303984,28.21089446618065
2025-07-01,Madhya Pradesh,Dewas,455227,849.0,2781.0,2943.0,6573.0,0.14832285115303984,28.21089446618065
2025-07-01,Madhya Pradesh,Dhar,454446,922.0,2839.0,3277.0,7038.0,0.15075212557226947,30.450928690471603
2025-07-01,Madhya Pradesh,Dhar,454446,922.0,2839.0,3277.0,7038.0,0.15075212557226947,30.450928690471603
2025-07-01,Madhya Pradesh,East Nimar,450661,458.0,0.0,950.0,1408.0,0.48210526315789476,9.770490672390968
2025-07-01,Madhya Pradesh,Guna,473222,1072.0,0.0,3516.0,4588.0,0.30489192263936293,26.732367222237247
2025-07-01,Madhya Pradesh,Gwalior,474001,1182.0,3102.0,3916.0,8200.0,0.16842405243659161,36.91646809570065
2025-07-01,Madhya Pradesh,Gwalior,474005,243.0,0.0,437.0,680.0,0.5560640732265446,4.983505154444865
2025-07-01,Madhya Pradesh,Gwalior,474006,899.0,0.0,2390.0,3289.0,0.37615062761506274,20.748493869599034
2025-07-01,Madhya Pradesh,Gwalior,474010,402.0,0.0,1213.0,1615.0,0.3314097279472383,9.709265165180758
2025-07-01,Madhya Pradesh,Gwalior,475001,272.0,0.0,682.0,954.0,0.39882697947214074,6.154726738417095
2025-07-01,Madhya Pradesh,Gwalior,475110,913.0,1771.0,3625.0,6309.0,0.16919940696812455,28.83347391713096
2025-07-01,Madhya Pradesh,Gwalior,475110,913.0,1771.0,3625.0,6309.0,0.16919940696812455,28.83347391713096
2025-07-01,Madhya Pradesh,Gwalior,475220,498.0,0.0,1679.0,2177.0,0.296605122096486,12.55499634204943
2025-07-01,Madhya Pradesh,Hoshangabad,461990,281.0,0.0,1748.0,2029.0,0.16075514874141877,9.477526292432675
2025-07-01,Madhya Pradesh,Indore,452001,1467.0,3424.0,3929.0,8820.0,0.19951040391676866,42.02830643288014
2025-07-01,Madhya Pradesh,Indore,452001,1467.0,3424.0,3929.0,8820.0,0.19951040391676866,42.02830643288014
2025-07-01,Madhya Pradesh,Indore,452002,815.0,1958.0,3001.0,5774.0,0.1643476507360355,25.926672752341446
2025-07-01,Madhya Pradesh,Indore,452002,815.0,1958.0,3001.0,5774.0,0.1643476507360355,25.926672752341446
2025-07-01,Madhya Pradesh,Indore,452010,1085.0,3037.0,2897.0,7019.0,0.18284462419952816,32.24904954560135
2025-07-01,Madhya Pradesh,Indore,452015,491.0,0.0,1237.0,1728.0,0.396928051738076,11.12779304528555
2025-07-01,Madhya Pradesh,Indore,452016,1136.0,2688.0,2883.0,6707.0,0.20391312152216837,32.15496427523485
2025-07-01,Madhya Pradesh,Indore,452016,1136.0,2688.0,2883.0,6707.0,0.20391312152216837,32.15496427523485
2025-07-01,Madhya Pradesh,Jabalpur,482002,462.0,0.0,2022.0,2484.0,0.228486646884273,13.03556406276314
2025-07-01,Madhya Pradesh,Jhabua,457661,1676.0,0.0,5633.0,7309.0,0.29753239836676726,42.200718057157516
2025-07-01,Madhya Pradesh,Jhabua,457779,1085.0,0.0,2795.0,3880.0,0.3881932021466905,24.77379371269779
2025-07-01,Madhya Pradesh,Katni,483501,717.0,3167.0,3564.0,7448.0,0.10652206210072797,28.981124622178143
2025-07-01,Madhya Pradesh,Katni,483501,717.0,3167.0,3564.0,7448.0,0.10652206210072797,28.981124622178143
2025-07-01,Madhya Pradesh,Khandwa,450001,831.0,1451.0,1807.0,4089.0,0.2550644567219153,21.402526177813368
2025-07-01,Madhya Pradesh,Khandwa,450001,831.0,1451.0,1807.0,4089.0,0.2550644567219153,21.402526177813368
2025-07-01,Madhya Pradesh,Khargone,451001,581.0,1385.0,4078.0,6044.0,0.1063518213435841,24.252328564801466
2025-07-01,Madhya Pradesh,Khargone,451111,225.0,0.0,1476.0,1701.0,0.1524390243902439,7.817018220391733
2025-07-01,Madhya Pradesh,Khargone,451115,533.0,0.0,1863.0,2396.0,0.28609769189479334,13.634664271949093
2025-07-01,Madhya Pradesh,Khargone,451221,292.0,0.0,1635.0,1927.0,0.17859327217125381,9.30619039456013
2025-07-01,Madhya Pradesh,Khargone,451228,388.0,0.0,2127.0,2515.0,0.18241654913023037,12.229643714766368
2025-07-01,Madhya Pradesh,Khargone,451331,487.0,0.0,3039.0,3526.0,0.1602500822639026,16.45400580691996
2025-07-01,Madhya Pradesh,Khargone,451332,1149.0,0.0,4318.0,5467.0,0.2660954145437703,30.29499187315813
2025-07-01,Madhya Pradesh,Khargone,451335,219.0,0.0,1903.0,2122.0,0.11508145034156594,9.002660507600838
2025-07-01,Madhya Pradesh,Khargone,451441,850.0,0.0,4565.0,5415.0,0.18619934282584885,26.508762070930597
2025-07-01,Madhya Pradesh,Morena,476001,1686.0,4529.0,4160.0,10375.0,0.1940384394061457,48.6417362174378
2025-07-01,Madhya Pradesh,Morena,476001,1686.0,4529.0,4160.0,10375.0,0.1940384394061457,48.6417362174378
2025-07-01,Madhya Pradesh,Morena,476111,1087.0,2726.0,2910.0,6723.0,0.19286728176011356,31.583905572538484
2025-07-01,Madhya Pradesh,Morena,476111,1087.0,2726.0,2910.0,6723.0,0.19286728176011356,31.583905572538484
2025-07-01,Madhya Pradesh,Morena,476115,1030.0,2229.0,2509.0,5768.0,0.21739130434782608,28.34922850723349
2025-07-01,Madhya Pradesh,Morena,476115,1030.0,2229.0,2509.0,5768.0,0.21739130434782608,28.34922850723349
2025-07-01,Madhya Pradesh,Morena,476221,1141.0,0.0,2644.0,3785.0,0.4315431164901664,25.169822298900602
2025-07-01,Madhya Pradesh,Morena,476224,757.0,0.0,3155.0,3912.0,0.23993660855784468,20.886516453992236
2025-07-01,Madhya Pradesh,Morena,476444,372.0,0.0,1029.0,1401.0,0.36151603498542273,8.705259278156253
2025-07-01,Madhya Pradesh,Narsinghpur,487118,514.0,1042.0,1506.0,3062.0,0.20172684458398743,14.740121881489387
2025-07-01,Madhya Pradesh,Panna,488001,487.0,1158.0,2645.0,4290.0,0.12805679726531685,18.010250166282944
2025-07-01,Madhya Pradesh,Panna,488001,487.0,1158.0,2645.0,4290.0,0.12805679726531685,18.010250166282944
2025-07-01,Madhya Pradesh,Sagar,470001,646.0,1758.0,2949.0,5353.0,0.13724240492882941,22.74165214839485
2025-07-01,Madhya Pradesh,Sagar,470002,486.0,1770.0,2172.0,4428.0,0.1232876712328767,18.026102371964097
2025-07-01,Madhya Pradesh,Sagar,470002,486.0,1770.0,2172.0,4428.0,0.1232876712328767,18.026102371964097
2025-07-01,Madhya Pradesh,Sagar,470117,211.0,0.0,1175.0,1386.0,0.17957446808510638,6.705381225548676
2025-07-01,Madhya Pradesh,Sagar,470227,229.0,819.0,1666.0,2714.0,0.09215291750503019,10.379173366530361
2025-07-01,Madhya Pradesh,Sagar,470227,229.0,819.0,1666.0,2714.0,0.09215291750503019,10.379173366530361
2025-07-01,Madhya Pradesh,Satna,485001,629.0,2057.0,3185.0,5871.0,0.11999236932468524,23.89581702486425
2025-07-01,Madhya Pradesh,Satna,485001,629.0,2057.0,3185.0,5871.0,0.11999236932468524,23.89581702486425
2025-07-01,Madhya Pradesh,Sehore,466001,702.0,1095.0,3036.0,4833.0,0.16993464052287582,22.283796703734822
2025-07-01,Madhya Pradesh,Sehore,466331,971.0,0.0,3643.0,4614.0,0.2665385671150151,25.58363673323103
2025-07-01,Madhya Pradesh,Sheopur,476335,647.0,0.0,1039.0,1686.0,0.6227141482194418,12.896564768342833
2025-07-01,Madhya Pradesh,Sheopur,476337,1106.0,0.0,3209.0,4315.0,0.3446556559675911,26.329149959763953
2025-07-01,Madhya Pradesh,Shivpuri,473551,1364.0,2881.0,6919.0,11164.0,0.13918367346938776,48.12569382060481
2025-07-01,Madhya Pradesh,Shivpuri,473551,1364.0,2881.0,6919.0,11164.0,0.13918367346938776,48.12569382060481
2025-07-01,Madhya Pradesh,Vidisha,464001,777.0,1603.0,3672.0,6052.0,0.14729857819905212,26.5193166863788
2025-07-01,Madhya Pradesh,Vidisha,464001,777.0,1603.0,3672.0,6052.0,0.14729857819905212,26.5193166863788
2025-07-01,Madhya Pradesh,Vidisha,464221,1134.0,0.0,3754.0,4888.0,0.30207778369738947,28.382033096748483
2025-07-01,Maharashtra,Ahmednagar,413705,196.0,0.0,0.0,196.0,,2.965952080706179
2025-07-01,Maharashtra,Ahmednagar,414105,172.0,0.0,0.0,172.0,,2.6027742749054226
2025-07-01,Maharashtra,Akola,444101,637.0,0.0,2241.0,2878.0,0.28424810352521196,16.3383951553524
2025-07-01,Maharashtra,Amravati,444601,684.0,1325.0,3224.0,5233.0,0.15036271708067708,23.116433390283785
2025-07-01,Maharashtra,Aurangabad,431001,3835.0,0.0,11941.0,15776.0,0.32116238171007455,93.72817586962674
2025-07-01,Maharashtra,Beed,414203,237.0,0.0,1200.0,1437.0,0.1975,7.1735566786317735
2025-07-01,Maharashtra,Beed,431122,1179.0,3093.0,5411.0,9683.0,0.1386406396989652,41.31884514482162
2025-07-01,Maharashtra,Beed,431124,310.0,0.0,1722.0,2032.0,0.1800232288037166,9.83864399777102
2025-07-01,Maharashtra,Beed,431127,557.0,0.0,2392.0,2949.0,0.23285953177257526,15.579188763348833
2025-07-01,Maharashtra,Buldhana,443001,526.0,0.0,1870.0,2396.0,0.2812834224598931,13.54966260436091
2025-07-01,Maharashtra,Buldhana,443103,304.0,0.0,1366.0,1670.0,0.2225475841874085,8.683654045237205
2025-07-01,Maharashtra,Buldhana,443201,498.0,0.0,2168.0,2666.0,0.22970479704797048,14.01677049943677
2025-07-01,Maharashtra,Buldhana,444301,134.0,0.0,480.0,614.0,0.2791666666666667,3.462613087593945
2025-07-01,Maharashtra,Chandrapur,442401,403.0,0.0,2059.0,2462.0,0.195726080621661,12.253356545432046
2025-07-01,Maharashtra,Dhule,424304,540.0,0.0,3901.0,4441.0,0.1384260446039477,19.832811444357546
2025-07-01,Maharashtra,Dhule,424305,299.0,0.0,2257.0,2556.0,0.13247673903411608,11.271470068276404
2025-07-01,Maharashtra,Dhule,424306,487.0,0.0,3191.0,3678.0,0.15261673456596678,16.908381414124204
2025-07-01,Maharashtra,Dhule,425405,951.0,0.0,3636.0,4587.0,0.2615511551155115,25.260063369293363
2025-07-01,Maharashtra,Dhule,425428,367.0,0.0,1043.0,1410.0,0.35186960690316393,8.67144762015517
2025-07-01,Maharashtra,Hingoli,431512,714.0,0.0,3364.0,4078.0,0.2122473246135553,20.860589345171714
2025-07-01,Maharashtra,Hingoli,431513,933.0,0.0,3843.0,4776.0,0.2427790788446526,25.60646784843805
2025-07-01,Maharashtra,Hingoli,431701,455.0,0.0,2776.0,3231.0,0.16390489913544667,15.183579359527396
2025-07-01,Maharashtra,Hingoli,431702,386.0,0.0,2168.0,2554.0,0.17804428044280443,12.32194073903324
2025-07-01,Maharashtra,Hingoli,431705,518.0,0.0,2658.0,3176.0,0.1948833709556057,15.784182141530035
2025-07-01,Maharashtra,Jalgaon,425001,890.0,0.0,4046.0,4936.0,0.21997034107760752,25.562604860385786
2025-07-01,Maharashtra,Jalgaon,425002,346.0,0.0,2208.0,2554.0,0.15670289855072464,11.836216924243622
2025-07-01,Maharashtra,Jalgaon,425301,227.0,0.0,1265.0,1492.0,0.17944664031620552,7.216537951225378
2025-07-01,Maharashtra,Latur,413517,819.0,0.0,3678.0,4497.0,0.2226753670473083,23.38813659201143
2025-07-01,Maharashtra,Mumbai,400013,89.0,0.0,348.0,437.0,0.2557471264367816,2.387065358619103
2025-07-01,Maharashtra,Mumbai,400022,218.0,0.0,730.0,948.0,0.29863013698630136,5.481063709219364
2025-07-01,Maharashtra,Mumbai,400037,574.0,0.0,1662.0,2236.0,0.345367027677497,13.654241069261877
2025-07-01,Maharashtra,Mumbai Suburban,400043,1637.0,2498.0,2063.0,6198.0,0.3589125191843894,36.83647483830038
2025-07-01,Maharashtra,Mumbai Suburban,400043,1637.0,2498.0,2063.0,6198.0,0.3589125191843894,36.83647483830038
2025-07-01,Maharashtra,Mumbai Suburban,400050,161.0,0.0,338.0,499.0,0.47633136094674555,3.446705643968462
2025-07-01,Maharashtra,Mumbai Suburban,400051,298.0,0.0,637.0,935.0,0.46781789638932497,6.413650267129816
2025-07-01,Maharashtra,Mumbai Suburban,400053,179.0,0.0,274.0,453.0,0.6532846715328468,3.5277729531803996
2025-07-01,Maharashtra,Mumbai Suburban,400059,205.0,0.0,290.0,495.0,0.7068965517241379,3.969044587415877
2025-07-01,Maharashtra,Mumbai Suburban,400070,605.0,1328.0,1005.0,2938.0,0.25932276039434204,15.294770099336743
2025-07-01,Maharashtra,Mumbai Suburban,400071,301.0,0.0,450.0,751.0,0.6688888888888889,5.900045923465477
2025-07-01,Maharashtra,Mumbai Suburban,400072,882.0,1634.0,913.0,3429.0,0.3462897526501767,19.933895339913132
2025-07-01,Maharashtra,Mumbai Suburban,400072,882.0,1634.0,913.0,3429.0,0.3462897526501767,19.933895339913132
2025-07-01,Maharashtra,Mumbai Suburban,400074,224.0,0.0,402.0,626.0,0.5572139303482587,4.591363429334078
2025-07-01,Maharashtra,Mumbai Suburban,400076,111.0,0.0,104.0,215.0,1.0673076923076923,1.990585925178772
2025-07-01,Maharashtra,Mumbai Suburban,400078,483.0,0.0,754.0,1237.0,0.6405835543766578,9.562895498529704
2025-07-01,Maharashtra,Mumbai Suburban,400080,204.0,0.0,377.0,581.0,0.5411140583554377,4.21398242770117
2025-07-01,Maharashtra,Mumbai Suburban,400088,281.0,0.0,476.0,757.0,0.5903361344537815,5.675119895302415
2025-07-01,Maharashtra,Nagpur,440013,327.0,0.0,1143.0,1470.0,0.28608923884514437,8.365082597683019
2025-07-01,Maharashtra,Nagpur,440017,512.0,0.0,1637.0,2149.0,0.3127672571777642,12.641298907477646
2025-07-01,Maharashtra,Nagpur,440024,327.0,0.0,1114.0,1441.0,0.29353680430879714,8.278392514729576
2025-07-01,Maharashtra,Nanded,431708,517.0,0.0,2793.0,3310.0,0.18510562119584675,16.1726070156693
2025-07-01,Maharashtra,Nanded,431714,481.0,0.0,2930.0,3411.0,0.16416382252559727,16.03737621609304
2025-07-01,Maharashtra,Nanded,431802,424.0,0.0,1748.0,2172.0,0.2425629290617849,11.641460718662183
2025-07-01,Maharashtra,Nanded,431804,381.0,0.0,1913.0,2294.0,0.1991636173549399,11.484003828808856
2025-07-01,Maharashtra,Nandurbar,425409,681.0,707.0,2959.0,4347.0,0.18576104746317512,20.819772426754948
2025-07-01,Maharashtra,Nandurbar,425412,863.0,0.0,5601.0,6464.0,0.15407962863774327,29.802411863087574
2025-07-01,Maharashtra,Nandurbar,425414,1001.0,0.0,5708.0,6709.0,0.1753679046951647,32.21054075940807
2025-07-01,Maharashtra,Nandurbar,425432,555.0,0.0,2219.0,2774.0,0.2501126633618747,15.031772761683412
2025-07-01,Maharashtra,Nashik,422003,749.0,1984.0,4066.0,6799.0,0.12380165289256198,28.172938254876218
2025-07-01,Maharashtra,Nashik,422003,749.0,1984.0,4066.0,6799.0,0.12380165289256198,28.172938254876218
2025-07-01,Maharashtra,Nashik,422103,420.0,0.0,2021.0,2441.0,0.2078179119247897,12.397013589406521
2025-07-01,Maharashtra,Nashik,422209,215.0,0.0,1428.0,1643.0,0.15056022408963585,7.522207100787447
2025-07-01,Maharashtra,Nashik,422303,128.0,0.0,893.0,1021.0,0.1433370660694289,4.606404989928974
2025-07-01,Maharashtra,Nashik,423203,2700.0,2963.0,7816.0,13479.0,0.2504870581686613,71.21760732191039
2025-07-01,Maharashtra,Nashik,423212,403.0,0.0,832.0,1235.0,0.484375,8.585469242539887
2025-07-01,Maharashtra,Osmanabad,413606,390.0,0.0,2038.0,2428.0,0.19136408243375858,11.993859656645526
2025-07-01,Maharashtra,Palghar,401208,816.0,2886.0,1417.0,5119.0,0.18963513827562167,23.397737647678262
2025-07-01,Maharashtra,Palghar,421303,401.0,0.0,933.0,1334.0,0.42979635584137194,8.857125059124224
2025-07-01,Maharashtra,Pune,411001,243.0,0.0,776.0,1019.0,0.3131443298969072,5.996882331038543
2025-07-01,Maharashtra,Pune,411006,251.0,0.0,1004.0,1255.0,0.25,6.799505010445161
2025-07-01,Maharashtra,Pune,411014,411.0,1767.0,1613.0,3791.0,0.12159763313609467,15.21306265805765
2025-07-01,Maharashtra,Pune,411021,176.0,0.0,647.0,823.0,0.27202472952086554,4.59738955302888
2025-07-01,Maharashtra,Pune,411023,141.0,0.0,413.0,554.0,0.3414043583535109,3.3682559628646627
2025-07-01,Maharashtra,Pune,411028,416.0,2098.0,1707.0,4221.0,0.10932982917214192,16.351209930920994
2025-07-01,Maharashtra,Pune,411028,416.0,2098.0,1707.0,4221.0,0.10932982917214192,16.351209930920994
2025-07-01,Maharashtra,Pune,411038,363.0,0.0,1272.0,1635.0,0.28537735849056606,9.295470709866702
2025-07-01,Maharashtra,Pune,411041,366.0,0.0,1484.0,1850.0,0.24663072776280323,9.974602335113508
2025-07-01,Maharashtra,Pune,411042,318.0,0.0,1395.0,1713.0,0.22795698924731184,8.98219784824109
2025-07-01,Maharashtra,Pune,411045,225.0,908.0,559.0,1692.0,0.15337423312883436,7.21960268827356
2025-07-01,Maharashtra,Pune,411046,435.0,0.0,1647.0,2082.0,0.2641165755919854,11.505996579253129
2025-07-01,Maharashtra,Pune,411048,600.0,2390.0,1870.0,4860.0,0.14084507042253522,20.3122420926023
2025-07-01,Maharashtra,Pune,411048,600.0,2390.0,1870.0,4860.0,0.14084507042253522,20.3122420926023
2025-07-01,Maharashtra,Pune,411052,114.0,0.0,475.0,589.0,0.24,3.14501835006686
2025-07-01,Maharashtra,Pune,411058,117.0,0.0,546.0,663.0,0.21428571428571427,3.4026568133676203
2025-07-01,Maharashtra,Pune,412210,205.0,0.0,699.0,904.0,0.2932761087267525,5.191673688379931
2025-07-01,Maharashtra,Pune,412211,128.0,0.0,525.0,653.0,0.2438095238095238,3.506337730381855
2025-07-01,Maharashtra,Pune,412218,100.0,0.0,647.0,747.0,0.1545595054095827,3.447326501326484
2025-07-01,Maharashtra,Pune,412308,286.0,0.0,1005.0,1291.0,0.2845771144278607,7.332128623776557
2025-07-01,Maharashtra,Pune,413102,433.0,1277.0,2636.0,4346.0,0.11065678507538973,17.447154848897846
2025-07-01,Maharashtra,Pune,413106,160.0,0.0,1147.0,1307.0,0.13949433304272013,5.8499276184739175
2025-07-01,Maharashtra,Raigad,410206,1166.0,0.0,576.0,1742.0,2.0243055555555554,19.36623280473442
2025-07-01,Maharashtra,Sangli,416404,457.0,0.0,1556.0,2013.0,0.29370179948586117,11.566882066222334
2025-07-01,Maharashtra,Sangli,416410,564.0,0.0,2356.0,2920.0,0.23938879456706283,15.577500347983575
2025-07-01,Maharashtra,Sangli,416412,351.0,0.0,1097.0,1448.0,0.31996353691886964,8.590751996040385
2025-07-01,Maharashtra,Sangli,416413,222.0,0.0,796.0,1018.0,0.27889447236180903,5.738888015068701
2025-07-01,Maharashtra,Satara,415523,459.0,0.0,1587.0,2046.0,0.2892249527410208,11.689815592736421
2025-07-01,Maharashtra,Solapur,413109,167.0,0.0,591.0,758.0,0.2825719120135364,4.293796336357296
2025-07-01,Maharashtra,Solapur,413113,94.0,0.0,567.0,661.0,0.1657848324514991,3.1173869934530085
2025-07-01,Maharashtra,Solapur,413307,300.0,0.0,1098.0,1398.0,0.273224043715847,7.821988471919068
2025-07-01,Maharashtra,Thane,400612,1428.0,5544.0,5304.0,12276.0,0.13163716814159293,50.553760397495175
2025-07-01,Maharashtra,Thane,401107,888.0,4658.0,2960.0,8506.0,0.11656602782882647,33.28346685613213
2025-07-01,Maharashtra,Thane,421301,1026.0,3521.0,4955.0,9502.0,0.12104766399244928,38.65096624494409
2025-07-01,Maharashtra,Thane,421302,2238.0,6231.0,6763.0,15232.0,0.17223333846390643,68.79442379568346
2025-07-01,Maharashtra,Thane,421306,699.0,2385.0,2914.0,5998.0,0.13191168144933008,24.91938854615203
2025-07-01,Maharashtra,Thane,421306,699.0,2385.0,2914.0,5998.0,0.13191168144933008,24.91938854615203
2025-07-01,Maharashtra,Thane,421501,354.0,0.0,1314.0,1668.0,0.2694063926940639,9.284830187313645
2025-07-01,Maharashtra,Thane,421503,710.0,0.0,2288.0,2998.0,0.3103146853146853,17.583558701978387
2025-07-01,Maharashtra,Washim,444505,457.0,0.0,2951.0,3408.0,0.15486275838698746,15.736973987603397
2025-07-01,Maharashtra,Yavatmal,445204,600.0,0.0,3793.0,4393.0,0.15818613234906406,20.417910132688
2025-07-01,Maharashtra,Yavatmal,445205,283.0,0.0,1699.0,1982.0,0.16656856974690995,9.361314762523474
2025-07-01,Maharashtra,Yavatmal,445215,419.0,0.0,2413.0,2832.0,0.17364276833816825,13.553691957305597
2025-07-01,Manipur,Churachandpur,795128,1626.0,0.0,2146.0,3772.0,0.7576887232059646,31.020362481555928
2025-07-01,Meghalaya,East Garo Hills,794110,458.0,0.0,179.0,637.0,2.558659217877095,7.465730191111543
2025-07-01,Meghalaya,East Garo Hills,794111,608.0,0.0,192.0,800.0,3.1666666666666665,9.774452549035056
2025-07-01,Meghalaya,East Jaintia Hills,793160,518.0,0.0,169.0,687.0,3.06508875739645,8.343781573560523
2025-07-01,Meghalaya,East Jaintia Hills,793200,769.0,0.0,212.0,981.0,3.6273584905660377,12.270556593720952
2025-07-01,Meghalaya,East Khasi Hills,793001,272.0,0.0,266.0,538.0,1.0225563909774436,4.911172445016003
2025-07-01,Meghalaya,East Khasi Hills,793002,224.0,0.0,211.0,435.0,1.061611374407583,4.0204046071234805
2025-07-01,Meghalaya,East Khasi Hills,793003,74.0,0.0,106.0,180.0,0.6981132075471698,1.436665434313188
2025-07-01,Meghalaya,East Khasi Hills,793004,128.0,0.0,151.0,279.0,0.847682119205298,2.388334591602989
2025-07-01,Meghalaya,East Khasi Hills,793005,248.0,0.0,65.0,313.0,3.8153846153846156,3.9471426849517393
2025-07-01,Meghalaya,East Khasi Hills,793006,181.0,0.0,222.0,403.0,0.8153153153153153,3.4025934836553264
2025-07-01,Meghalaya,East Khasi Hills,793008,255.0,0.0,79.0,334.0,3.2278481012658227,4.094919929851034
2025-07-01,Meghalaya,East Khasi Hills,793009,235.0,0.0,56.0,291.0,4.196428571428571,3.7235175546287094
2025-07-01,Meghalaya,East Khasi Hills,793010,167.0,0.0,57.0,224.0,2.9298245614035086,2.697503084731857
2025-07-01,Meghalaya,East Khasi Hills,793014,65.0,0.0,65.0,130.0,1.0,1.1779119157209699
2025-07-01,Meghalaya,East Khasi Hills,793015,795.0,0.0,287.0,1082.0,2.770034843205575,12.888197707068603
2025-07-01,Meghalaya,East Khasi Hills,793017,125.0,0.0,52.0,177.0,2.4038461538461537,2.046995358554077
2025-07-01,Meghalaya,East Khasi Hills,793019,137.0,0.0,90.0,227.0,1.5222222222222221,2.3421781632555163
2025-07-01,Meghalaya,East Khasi Hills,793021,198.0,0.0,136.0,334.0,1.4558823529411764,3.4027634937758298
2025-07-01,Meghalaya,East Khasi Hills,793022,186.0,0.0,48.0,234.0,3.875,2.9581150288098357
2025-07-01,Meghalaya,East Khasi Hills,793108,265.0,0.0,184.0,449.0,1.440217391304348,4.560121902156913
2025-07-01,Meghalaya,East Khasi Hills,793110,896.0,0.0,420.0,1316.0,2.1333333333333333,14.814149629450501
2025-07-01,Meghalaya,East Khasi Hills,793111,478.0,0.0,186.0,664.0,2.5698924731182795,7.789303555049211
2025-07-01,Meghalaya,East Khasi Hills,793112,164.0,0.0,47.0,211.0,3.4893617021276597,2.622212726953851
2025-07-01,Meghalaya,East Khasi Hills,793113,362.0,0.0,129.0,491.0,2.806201550387597,5.863553307643962
2025-07-01,Meghalaya,East Khasi Hills,793121,1131.0,0.0,166.0,1297.0,6.813253012048193,17.610980090438975
2025-07-01,Meghalaya,Kamrup,781131,143.0,0.0,0.0,143.0,,2.1639344262295084
2025-07-01,Meghalaya,North Garo Hills,794108,244.0,0.0,42.0,286.0,5.809523809523809,3.8178588469299184
2025-07-01,Meghalaya,Ri Bhoi,793101,119.0,0.0,67.0,186.0,1.7761194029850746,2.001040605183254
2025-07-01,Meghalaya,Ri Bhoi,793102,831.0,0.0,239.0,1070.0,3.4769874476987446,13.289477381915768
2025-07-01,Meghalaya,Ri Bhoi,793103,545.0,0.0,102.0,647.0,5.3431372549019605,8.552072620331872
2025-07-01,Meghalaya,Ri Bhoi,793105,929.0,0.0,146.0,1075.0,6.363013698630137,14.494447294176785
2025-07-01,Meghalaya,South Garo Hills,794102,397.0,0.0,62.0,459.0,6.403225806451613,6.192903623015563
2025-07-01,Meghalaya,South Garo Hills,794107,89.0,0.0,0.0,89.0,,1.3467843631778058
2025-07-01,Meghalaya,South West Garo Hills,794106,279.0,0.0,123.0,402.0,2.268292682926829,4.589627516684599
2025-07-01,Meghalaya,South West Garo Hills,794115,536.0,0.0,226.0,762.0,2.3716814159292037,8.786555780612682
2025-07-01,Meghalaya,South West Khasi Hills,793106,221.0,0.0,138.0,359.0,1.6014492753623188,3.7567875174121372
2025-07-01,Meghalaya,South West Khasi Hills,793114,525.0,0.0,143.0,668.0,3.6713286713286712,8.371986290248175
2025-07-01,Meghalaya,West Garo Hills,794001,181.0,0.0,257.0,438.0,0.7042801556420234,3.507219445840515
2025-07-01,Meghalaya,West Garo Hills,794002,928.0,0.0,188.0,1116.0,4.9361702127659575,14.60486604022398
2025-07-01,Meghalaya,West Garo Hills,794005,516.0,0.0,111.0,627.0,4.648648648648648,8.140136590503577
2025-07-01,Meghalaya,West Garo Hills,794101,121.0,0.0,107.0,228.0,1.1308411214953271,2.1508779505449604
2025-07-01,Meghalaya,West Garo Hills,794103,720.0,0.0,348.0,1068.0,2.0689655172413794,11.935615169463997
2025-07-01,Meghalaya,West Garo Hills,794104,939.0,0.0,4189.0,5128.0,0.22415851038433993,26.731564668918956
2025-07-01,Meghalaya,West Garo Hills,794105,657.0,0.0,1201.0,1858.0,0.5470441298917569,13.532157593350306
2025-07-01,Meghalaya,West Garo Hills,794109,235.0,0.0,358.0,593.0,0.6564245810055865,4.626290142626617
2025-07-01,Meghalaya,West Jaintia Hills,793109,249.0,0.0,93.0,342.0,2.6774193548387095,4.04597586327492
2025-07-01,Meghalaya,West Jaintia Hills,793150,1234.0,0.0,467.0,1701.0,2.6423982869379015,20.06940144845984
2025-07-01,Meghalaya,West Jaintia Hills,793151,713.0,0.0,184.0,897.0,3.875,11.339440943771036
2025-07-01,Meghalaya,West Khasi Hills,793119,2538.0,0.0,800.0,3338.0,3.1725,40.79750352766288
2025-07-01,Meghalaya,West Khasi Hills,793120,1081.0,0.0,308.0,1389.0,3.50974025974026,17.278842136838733
2025-07-01,Mizoram,Champhai,796321,172.0,430.0,316.0,918.0,0.23056300268096513,4.562625674173344
2025-07-01,Mizoram,Kolasib,796081,85.0,0.0,220.0,305.0,0.38636363636363635,1.9439036340417184
2025-07-01,Mizoram,Lawngtlai,796891,330.0,0.0,696.0,1026.0,0.47413793103448276,7.074256820642999
2025-07-01,Mizoram,Lunglei,796770,135.0,0.0,0.0,135.0,,2.042875157629256
2025-07-01,Mizoram,Saiha,796901,153.0,0.0,158.0,311.0,0.9683544303797469,2.787569998415815
2025-07-01,Nagaland,Dimapur,797103,158.0,0.0,332.0,490.0,0.4759036144578313,3.383372539011621
2025-07-01,Nagaland,Dimapur,797112,472.0,0.0,1534.0,2006.0,0.3076923076923077,11.728103304331405
2025-07-01,Nagaland,Dimapur,797115,154.0,0.0,376.0,530.0,0.4095744680851064,3.454372685744303
2025-07-01,Nagaland,Kiphire,798611,305.0,0.0,480.0,785.0,0.6354166666666666,6.050254953924336
2025-07-01,Nagaland,Kohima,797001,239.0,0.0,927.0,1166.0,0.25782092772384035,6.38773899073737
2025-07-01,Nagaland,Longleng,798625,351.0,0.0,483.0,834.0,0.7267080745341615,6.755313687991659
2025-07-01,Nagaland,Mokokchung,798601,220.0,0.0,707.0,927.0,0.31117397454031115,5.442574322647733
2025-07-01,Nagaland,Mon,798603,636.0,0.0,1031.0,1667.0,0.6168768186226964,12.70619376837516
2025-07-01,Nagaland,Mon,798621,367.0,0.0,737.0,1104.0,0.49796472184531887,7.756717779336099
2025-07-01,Nagaland,Peren,797110,159.0,0.0,300.0,459.0,0.53,3.302846925017338
2025-07-01,Nagaland,Tuensang,798612,263.0,0.0,697.0,960.0,0.37733142037302725,6.063374759321177
2025-07-01,Nagaland,Tuensang,798626,248.0,0.0,158.0,406.0,1.5696202531645569,4.225148813043809
2025-07-01,Nagaland,Wokha,797111,248.0,0.0,917.0,1165.0,0.27044711014176664,6.494037535859743
2025-07-01,Nagaland,Zunheboto,798620,349.0,0.0,780.0,1129.0,0.44743589743589746,7.612874892813048
2025-07-01,Odisha,Khordha,751024,87.0,0.0,80.0,167.0,1.0875,1.5556646024510294
2025-07-01,Odisha,Nabarangpur,764074,442.0,0.0,0.0,442.0,,6.688524590163934
2025-07-01,Punjab,Amritsar,143001,1717.0,7754.0,6981.0,16452.0,0.1165252799457075,65.15790663335947
2025-07-01,Punjab,Amritsar,143001,1717.0,7754.0,6981.0,16452.0,0.1165252799457075,65.15790663335947
2025-07-01,Punjab,Gurdaspur,143505,658.0,2988.0,3769.0,7415.0,0.09738049430220512,28.278503378394394
2025-07-01,Punjab,Gurdaspur,143505,658.0,2988.0,3769.0,7415.0,0.09738049430220512,28.278503378394394
2025-07-01,Punjab,Hoshiarpur,146001,365.0,1934.0,2495.0,4794.0,0.0824113795439151,17.547832499529033
2025-07-01,Punjab,Kapurthala,144401,221.0,0.0,1572.0,1793.0,0.1405852417302799,8.043462653799551
2025-07-01,Punjab,Kapurthala,144601,354.0,0.0,1409.0,1763.0,0.2512420156139106,9.568814941816298
2025-07-01,Punjab,Ludhiana,141001,604.0,2597.0,2882.0,6083.0,0.11023909472531483,23.886682933131326
2025-07-01,Punjab,Ludhiana,141002,110.0,0.0,678.0,788.0,0.16224188790560473,3.691319296440823
2025-07-01,Punjab,Ludhiana,141003,550.0,2129.0,2340.0,5019.0,0.12307003803982994,20.344378825478604
2025-07-01,Punjab,Ludhiana,141007,668.0,0.0,2708.0,3376.0,0.2466765140324963,18.20350908804932
2025-07-01,Punjab,Ludhiana,141008,639.0,2789.0,3047.0,6475.0,0.10949280328992461,25.362865209497947
2025-07-01,Punjab,Ludhiana,141008,639.0,2789.0,3047.0,6475.0,0.10949280328992461,25.362865209497947
2025-07-01,Punjab,Ludhiana,141010,340.0,0.0,1277.0,1617.0,0.2662490211433046,8.962371878667435
2025-07-01,Punjab,Ludhiana,141012,138.0,0.0,563.0,701.0,0.24511545293072823,3.7712557179332316
2025-07-01,Punjab,Ludhiana,141014,166.0,0.0,485.0,651.0,0.3422680412371134,3.961796728021409
2025-07-01,Punjab,Ludhiana,142026,151.0,0.0,680.0,831.0,0.22205882352941175,4.317726674427698
2025-07-01,Punjab,Patiala,147001,1021.0,5001.0,5265.0,11287.0,0.09945451003311903,42.99626587958356
2025-07-01,Punjab,Patiala,147001,1021.0,5001.0,5265.0,11287.0,0.09945451003311903,42.99626587958356
2025-07-01,Punjab,S.A.S Nagar,140301,423.0,0.0,0.0,423.0,,6.401008827238336
2025-07-01,Punjab,Tarn Taran,143401,386.0,1615.0,2178.0,4179.0,0.10176641181123122,16.16484296092206
2025-07-01,Rajasthan,Ajmer,305001,932.0,3531.0,3292.0,7755.0,0.13659680492452,32.28090194189661
2025-07-01,Rajasthan,Alwar,301001,1629.0,4124.0,4179.0,9932.0,0.19619414669396604,46.879782361676995
2025-07-01,Rajasthan,Alwar,301411,1128.0,0.0,2106.0,3234.0,0.5356125356125356,23.364850482978582
2025-07-01,Rajasthan,Baran,325220,437.0,0.0,1296.0,1733.0,0.33719135802469136,10.487012461346023
2025-07-01,Rajasthan,Bharatpur,321001,1393.0,2707.0,2769.0,6869.0,0.2543827611395179,35.74807050408344
2025-07-01,Rajasthan,Bharatpur,321203,605.0,0.0,1361.0,1966.0,0.44452608376193975,13.223562460295238
2025-07-01,Rajasthan,Bhilwara,311605,317.0,0.0,477.0,794.0,0.6645702306079665,6.222875917208841
2025-07-01,Rajasthan,Bhilwara,311804,514.0,0.0,818.0,1332.0,0.628361858190709,10.223316209494312
2025-07-01,Rajasthan,Bikaner,334001,1245.0,3417.0,5216.0,9878.0,0.14421406231900846,42.49963085004958
2025-07-01,Rajasthan,Bundi,323022,223.0,0.0,443.0,666.0,0.5033860045146726,4.6987928621759805
2025-07-01,Rajasthan,Chittorgarh,312022,597.0,0.0,639.0,1236.0,0.9342723004694836,10.944219057474825
2025-07-01,Rajasthan,Chittorgarh,312601,539.0,0.0,1225.0,1764.0,0.44,11.81827689842357
2025-07-01,Rajasthan,Chittorgarh,312901,440.0,0.0,639.0,1079.0,0.6885758998435054,8.568430911194875
2025-07-01,Rajasthan,Churu,331001,511.0,1200.0,2234.0,3945.0,0.14880605707629588,17.2439820910082
2025-07-01,Rajasthan,Churu,331022,617.0,1434.0,1779.0,3830.0,0.19203236850295674,18.040353035220726
2025-07-01,Rajasthan,Churu,331403,1022.0,0.0,2310.0,3332.0,0.44242424242424244,22.370635067904622
2025-07-01,Rajasthan,Dholpur,328021,727.0,0.0,1554.0,2281.0,0.46782496782496785,15.646653755070266
2025-07-01,Rajasthan,Hanumangarh,335523,751.0,1919.0,2136.0,4806.0,0.18520345252774353,22.28036382368487
2025-07-01,Rajasthan,Jaipur,302003,527.0,1599.0,1210.0,3336.0,0.18761124955500177,15.367081445832447
2025-07-01,Rajasthan,Jaipur,302004,430.0,1201.0,921.0,2552.0,0.20263901979264845,12.095649754223908
2025-07-01,Rajasthan,Jaipur,302012,1189.0,4658.0,3772.0,9619.0,0.14104389086595492,40.26564415991297
2025-07-01,Rajasthan,Jaipur,302012,1189.0,4658.0,3772.0,9619.0,0.14104389086595492,40.26564415991297
2025-07-01,Rajasthan,Jaipur,302016,458.0,0.0,1791.0,2249.0,0.25572305974316023,12.284503078040771
2025-07-01,Rajasthan,Jaipur,302017,423.0,1707.0,1279.0,3409.0,0.1416610850636303,14.254561169963464
2025-07-01,Rajasthan,Jaipur,302020,411.0,0.0,1035.0,1446.0,0.39710144927536234,9.31335909181423
2025-07-01,Rajasthan,Jalore,343001,490.0,0.0,0.0,490.0,,7.414880201765447
2025-07-01,Rajasthan,Jodhpur,342001,1795.0,3663.0,4681.0,10139.0,0.21512464046021093,49.80397810123828
2025-07-01,Rajasthan,Jodhpur,342012,74.0,0.0,96.0,170.0,0.7708333333333334,1.4067723022602772
2025-07-01,Rajasthan,Jodhpur,342301,747.0,0.0,1665.0,2412.0,0.4486486486486487,16.281115692358206
2025-07-01,Rajasthan,Karauli,322230,946.0,0.0,1970.0,2916.0,0.48020304568527916,20.204205526403257
2025-07-01,Rajasthan,Nagaur,341001,1551.0,0.0,4243.0,5794.0,0.36554324770209756,36.154021629923975
2025-07-01,Rajasthan,Sawai Madhopur,322201,910.0,0.0,2122.0,3032.0,0.4288407163053723,20.11381442490637
2025-07-01,Rajasthan,Sikar,332001,650.0,2051.0,1997.0,4698.0,0.16057312252964426,20.64812753901137
2025-07-01,Rajasthan,Sirohi,307022,1051.0,1055.0,1388.0,3494.0,0.4302087597216537,22.544179280482894
2025-07-01,Rajasthan,Sirohi,307024,466.0,0.0,399.0,865.0,1.167919799498747,8.244438364875833
2025-07-01,Rajasthan,Sirohi,307026,1200.0,1432.0,3419.0,6051.0,0.24737167594310452,31.76029889846057
2025-07-01,Rajasthan,Tonk,304001,986.0,2758.0,2974.0,6718.0,0.17201674808094905,30.322400234493518
2025-07-01,Rajasthan,Tonk,304001,986.0,2758.0,2974.0,6718.0,0.17201674808094905,30.322400234493518
2025-07-01,Rajasthan,Udaipur,313001,855.0,0.0,3009.0,3864.0,0.28414755732801594,21.933052766372825
2025-07-01,Sikkim,South Sikkim,737121,260.0,0.0,0.0,260.0,,3.934426229508197
2025-07-01,Sikkim,West Sikkim,737111,171.0,0.0,139.0,310.0,1.2302158273381294,3.0031564018658514
2025-07-01,Tamil Nadu,Chengalpattu,603204,168.0,0.0,42.0,210.0,4.0,2.667795795227522
2025-07-01,Tamil Nadu,Chennai,600028,130.0,0.0,491.0,621.0,0.26476578411405294,3.4349658985520213
2025-07-01,Tamil Nadu,Chennai,600115,108.0,0.0,58.0,166.0,1.8620689655172413,1.8076802920102875
2025-07-01,Tamil Nadu,Chennai,600119,162.0,0.0,106.0,268.0,1.528301886792453,2.7683173889159622
2025-07-01,Tamil Nadu,Thiruvallur,600052,346.0,0.0,0.0,346.0,,5.235813366960908
2025-07-01,Telangana,Bhadradri Kothagudem,507115,317.0,0.0,260.0,577.0,1.2192307692307693,5.574194951660676
2025-07-01,Telangana,Bhadradri Kothagudem,507123,322.0,0.0,348.0,670.0,0.9252873563218391,5.9129165566014485
2025-07-01,Telangana,Hyderabad,500001,408.0,1031.0,694.0,2133.0,0.23652173913043478,10.682793290094676
2025-07-01,Telangana,Hyderabad,500001,408.0,1031.0,694.0,2133.0,0.23652173913043478,10.682793290094676
2025-07-01,Telangana,Hyderabad,500002,537.0,0.0,923.0,1460.0,0.581798483206934,10.885239493275602
2025-07-01,Telangana,Hyderabad,500008,1257.0,2794.0,2176.0,6227.0,0.25291750503018107,32.12280688876118
2025-07-01,Telangana,Hyderabad,500013,629.0,1913.0,1367.0,3909.0,0.19176829268292683,18.121262144619443
2025-07-01,Telangana,Hyderabad,500013,629.0,1913.0,1367.0,3909.0,0.19176829268292683,18.121262144619443
2025-07-01,Telangana,Hyderabad,500024,302.0,654.0,528.0,1484.0,0.25549915397631134,7.692436368711222
2025-07-01,Telangana,Hyderabad,500024,302.0,654.0,528.0,1484.0,0.25549915397631134,7.692436368711222
2025-07-01,Telangana,Hyderabad,500027,160.0,0.0,398.0,558.0,0.4020100502512563,3.6109320277108963
2025-07-01,Telangana,Hyderabad,500028,792.0,1884.0,1366.0,4042.0,0.24369230769230768,20.516386535271074
2025-07-01,Telangana,Hyderabad,500028,792.0,1884.0,1366.0,4042.0,0.24369230769230768,20.516386535271074
2025-07-01,Telangana,Hyderabad,500029,163.0,0.0,337.0,500.0,0.4836795252225519,3.473981147913234
2025-07-01,Telangana,Hyderabad,500032,165.0,0.0,0.0,165.0,,2.4968474148802016
2025-07-01,Telangana,Hyderabad,500040,203.0,0.0,430.0,633.0,0.4720930232558139,4.357283619006566
2025-07-01,Telangana,Hyderabad,500047,172.0,0.0,0.0,172.0,,2.6027742749054226
2025-07-01,Telangana,Hyderabad,500053,1201.0,3040.0,2062.0,6303.0,0.23539788318306545,31.51541540290832
2025-07-01,Telangana,Hyderabad,500053,1201.0,3040.0,2062.0,6303.0,0.23539788318306545,31.51541540290832
2025-07-01,Telangana,Hyderabad,500056,143.0,0.0,223.0,366.0,0.6412556053811659,2.8305512710094205
2025-07-01,Telangana,Hyderabad,500064,840.0,1936.0,1463.0,4239.0,0.2471315092674316,21.655477337489522
2025-07-01,Telangana,Hyderabad,500084,280.0,0.0,0.0,280.0,,4.237074401008827
2025-07-01,Telangana,Medchal Malkajgiri,500090,406.0,0.0,0.0,406.0,,6.143757881462799
2025-07-01,Telangana,Ranga Reddy,500079,284.0,0.0,0.0,284.0,,4.297604035308953
2025-07-01,Tripura,Gomati,799114,124.0,0.0,225.0,349.0,0.5511111111111111,2.5490141344944033
2025-07-01,Tripura,North Tripura,799271,216.0,0.0,962.0,1178.0,0.22453222453222454,6.144319555696833
2025-07-01,Tripura,Sepahijala,799102,325.0,0.0,616.0,941.0,0.5275974025974026,6.759449721344553
2025-07-01,Uttar Pradesh,Agra,282001,1957.0,0.0,4644.0,6601.0,0.4214039621016365,43.4964941067085
2025-07-01,Uttar Pradesh,Agra,282006,1062.0,0.0,3158.0,4220.0,0.3362887903736542,25.510869008992724
2025-07-01,Uttar Pradesh,Agra,283101,322.0,0.0,1004.0,1326.0,0.3207171314741036,7.8739060192724
2025-07-01,Uttar Pradesh,Agra,283110,652.0,0.0,1624.0,2276.0,0.4014778325123153,14.720975036313275
2025-07-01,Uttar Pradesh,Agra,283201,576.0,0.0,1801.0,2377.0,0.3198223209328151,14.100020421947402
2025-07-01,Uttar Pradesh,Aligarh,202001,2845.0,12209.0,8604.0,23658.0,0.13669341277086436,97.5971575349125
2025-07-01,Uttar Pradesh,Aligarh,202002,873.0,0.0,2025.0,2898.0,0.4311111111111111,19.263951926716967
2025-07-01,Uttar Pradesh,Aligarh,202129,351.0,0.0,843.0,1194.0,0.41637010676156583,7.831466441896449
2025-07-01,Uttar Pradesh,Aligarh,202133,1243.0,0.0,1914.0,3157.0,0.6494252873563219,24.53112933369132
2025-07-01,Uttar Pradesh,Aligarh,250611,753.0,0.0,0.0,753.0,,11.39470365699874
2025-07-01,Uttar Pradesh,Aligarh,262907,343.0,0.0,0.0,343.0,,5.190416141235813
2025-07-01,Uttar Pradesh,Ayodhya,224001,603.0,0.0,264.0,867.0,2.284090909090909,9.914021056940856
2025-07-01,Uttar Pradesh,Azamgarh,276001,849.0,0.0,1504.0,2353.0,0.5644946808510638,17.343341940959554
2025-07-01,Uttar Pradesh,Azamgarh,276125,234.0,0.0,449.0,683.0,0.5211581291759465,4.883185235733074
2025-07-01,Uttar Pradesh,Azamgarh,276304,429.0,0.0,880.0,1309.0,0.4875,9.122398899344677
2025-07-01,Uttar Pradesh,Azamgarh,276305,708.0,0.0,1123.0,1831.0,0.6304541406945681,14.07074400066421
2025-07-01,Uttar Pradesh,Azamgarh,276403,632.0,0.0,149.0,781.0,4.241610738255034,10.009089887008296
2025-07-01,Uttar Pradesh,Azamgarh,276404,715.0,0.0,854.0,1569.0,0.8372365339578455,13.372545608466128
2025-07-01,Uttar Pradesh,Baghpat,250101,413.0,0.0,1019.0,1432.0,0.4052993130520118,9.295794897679635
2025-07-01,Uttar Pradesh,Bahraich,271801,1283.0,0.0,1929.0,3212.0,0.665111456713323,25.18126537477195
2025-07-01,Uttar Pradesh,Bahraich,271802,382.0,0.0,580.0,962.0,0.6586206896551724,7.514381734730873
2025-07-01,Uttar Pradesh,Bahraich,271824,314.0,0.0,477.0,791.0,0.6582809224318659,6.1774786914837465
2025-07-01,Uttar Pradesh,Bahraich,271825,479.0,0.0,1060.0,1539.0,0.4518867924528302,10.41709570504865
2025-07-01,Uttar Pradesh,Bahraich,271830,781.0,0.0,1004.0,1785.0,0.7778884462151394,14.819681555211869
2025-07-01,Uttar Pradesh,Bahraich,271841,358.0,0.0,458.0,816.0,0.7816593886462883,6.786507717884602
2025-07-01,Uttar Pradesh,Bahraich,271851,618.0,0.0,1280.0,1898.0,0.4828125,13.17814940214207
2025-07-01,Uttar Pradesh,Bahraich,271855,1759.0,0.0,2581.0,4340.0,0.6815187911662146,34.33332406633674
2025-07-01,Uttar Pradesh,Bahraich,271865,1336.0,0.0,1788.0,3124.0,0.7472035794183445,25.561789867302576
2025-07-01,Uttar Pradesh,Bahraich,271870,399.0,0.0,635.0,1034.0,0.6283464566929133,7.936044906797417
2025-07-01,Uttar Pradesh,Bahraich,271872,390.0,0.0,839.0,1229.0,0.464839094159714,8.409673123501516
2025-07-01,Uttar Pradesh,Bahraich,271875,765.0,0.0,1248.0,2013.0,0.6129807692307693,15.30695544010239
2025-07-01,Uttar Pradesh,Bahraich,271881,508.0,0.0,263.0,771.0,1.9315589353612168,8.473452929107571
2025-07-01,Uttar Pradesh,Bahraich,271882,440.0,0.0,777.0,1217.0,0.5662805662805663,8.980956133525044
2025-07-01,Uttar Pradesh,Bahraich,271902,735.0,0.0,1352.0,2087.0,0.5436390532544378,15.163871756201718
2025-07-01,Uttar Pradesh,Balrampur,271205,468.0,0.0,1119.0,1587.0,0.41823056300268097,10.427008689835477
2025-07-01,Uttar Pradesh,Balrampur,271208,692.0,0.0,1252.0,1944.0,0.5527156549520766,14.214246866946253
2025-07-01,Uttar Pradesh,Balrampur,271604,1220.0,0.0,2808.0,4028.0,0.43447293447293445,26.855529941995826
2025-07-01,Uttar Pradesh,Banda,210121,1165.0,0.0,1922.0,3087.0,0.6061394380853278,23.37471597048119
2025-07-01,Uttar Pradesh,Barabanki,225302,437.0,0.0,0.0,437.0,,6.612862547288777
2025-07-01,Uttar Pradesh,Barabanki,225305,1068.0,0.0,0.0,1068.0,,16.16141235813367
2025-07-01,Uttar Pradesh,Barabanki,225306,279.0,0.0,0.0,279.0,,4.221941992433796
2025-07-01,Uttar Pradesh,Bareilly,243001,960.0,4549.0,2461.0,7970.0,0.1369472182596291,32.623984382984474
2025-07-01,Uttar Pradesh,Bareilly,243001,960.0,4549.0,2461.0,7970.0,0.1369472182596291,32.623984382984474
2025-07-01,Uttar Pradesh,Bareilly,243201,1006.0,0.0,3003.0,4009.0,0.334998334998335,24.200110581970844
2025-07-01,Uttar Pradesh,Bareilly,243503,1106.0,0.0,3031.0,4137.0,0.3648960739030023,25.797052209222144
2025-07-01,Uttar Pradesh,Budaun,243601,1366.0,0.0,3555.0,4921.0,0.38424753867791844,31.297878558302873
2025-07-01,Uttar Pradesh,Budaun,243635,772.0,0.0,1251.0,2023.0,0.6171063149480416,15.421850239743485
2025-07-01,Uttar Pradesh,Budaun,243638,1188.0,0.0,2276.0,3464.0,0.5219683655536028,24.78097824237996
2025-07-01,Uttar Pradesh,Bulandshahr,203131,1364.0,0.0,2740.0,4104.0,0.4978102189781022,28.83132347884057
2025-07-01,Uttar Pradesh,Chandauli,232101,957.0,0.0,2044.0,3001.0,0.46819960861056753,20.59187119792015
2025-07-01,Uttar Pradesh,Chandauli,232104,648.0,0.0,1394.0,2042.0,0.4648493543758967,13.972903364796203
2025-07-01,Uttar Pradesh,Deoria,274509,381.0,0.0,945.0,1326.0,0.4031746031746032,8.590348646087085
2025-07-01,Uttar Pradesh,Etah,207001,2251.0,0.0,3175.0,5426.0,0.7089763779527559,43.55412112919515
2025-07-01,Uttar Pradesh,Etah,207122,300.0,0.0,496.0,796.0,0.6048387096774194,6.0224219223338356
2025-07-01,Uttar Pradesh,Etah,207244,515.0,0.0,332.0,847.0,1.5512048192771084,8.785642400297874
2025-07-01,Uttar Pradesh,Etah,207249,666.0,0.0,731.0,1397.0,0.9110807113543091,12.263372064038778
2025-07-01,Uttar Pradesh,Etawah,206001,1023.0,0.0,2374.0,3397.0,0.43091828138163435,22.577083521618285
2025-07-01,Uttar Pradesh,Fatehpur,212601,1099.0,0.0,2834.0,3933.0,0.3877911079745942,25.10223064775458
2025-07-01,Uttar Pradesh,Fatehpur,212635,436.0,0.0,1128.0,1564.0,0.38652482269503546,9.969675434282088
2025-07-01,Uttar Pradesh,Fatehpur,212657,447.0,0.0,991.0,1438.0,0.4510595358224016,9.726596019482557
2025-07-01,Uttar Pradesh,Fatehpur,212663,256.0,0.0,660.0,916.0,0.3878787878787879,5.846843310700186
2025-07-01,Uttar Pradesh,Fatehpur,212664,402.0,0.0,1164.0,1566.0,0.34536082474226804,9.562788818121495
2025-07-01,Uttar Pradesh,Firozabad,283203,2990.0,14744.0,5982.0,23716.0,0.1442632442342951,97.93850327707395
2025-07-01,Uttar Pradesh,Firozabad,283203,2990.0,14744.0,5982.0,23716.0,0.1442632442342951,97.93850327707395
2025-07-01,Uttar Pradesh,Gautam Buddha Nagar,201301,1796.0,7379.0,3658.0,12833.0,0.16272537827308145,55.534505501933815
2025-07-01,Uttar Pradesh,Gautam Buddha Nagar,201306,830.0,3816.0,1247.0,5893.0,0.16393442622950818,25.297134719452995
2025-07-01,Uttar Pradesh,Gautam Buddha Nagar,201306,830.0,3816.0,1247.0,5893.0,0.16393442622950818,25.297134719452995
2025-07-01,Uttar Pradesh,Gautam Buddha Nagar,201310,549.0,2288.0,889.0,3726.0,0.17280453257790368,16.367151374158663
2025-07-01,Uttar Pradesh,Gautam Buddha Nagar,201310,549.0,2288.0,889.0,3726.0,0.17280453257790368,16.367151374158663
2025-07-01,Uttar Pradesh,Ghaziabad,201102,2458.0,7319.0,6233.0,16010.0,0.1813754427390791,73.10798170180189
2025-07-01,Uttar Pradesh,Ghaziabad,201204,453.0,0.0,1163.0,1616.0,0.3895098882201204,10.331552342242812
2025-07-01,Uttar Pradesh,Ghaziabad,245304,805.0,0.0,1927.0,2732.0,0.4177477944992216,17.941995449496297
2025-07-01,Uttar Pradesh,Gonda,271001,610.0,0.0,1498.0,2108.0,0.40720961281708945,13.708760412295277
2025-07-01,Uttar Pradesh,Gonda,271401,324.0,0.0,595.0,919.0,0.5445378151260504,6.68154173545841
2025-07-01,Uttar Pradesh,Gonda,271403,394.0,0.0,839.0,1233.0,0.4696066746126341,8.47020275780164
2025-07-01,Uttar Pradesh,Gonda,271502,417.0,0.0,1077.0,1494.0,0.3871866295264624,9.529704697886645
2025-07-01,Uttar Pradesh,Gonda,271503,548.0,0.0,990.0,1538.0,0.5535353535353535,11.25197997235545
2025-07-01,Uttar Pradesh,Gonda,271504,429.0,0.0,1159.0,1588.0,0.3701466781708369,9.956417283620892
2025-07-01,Uttar Pradesh,Gorakhpur,273001,520.0,0.0,1122.0,1642.0,0.46345811051693403,11.22286187535299
2025-07-01,Uttar Pradesh,Gorakhpur,273008,258.0,0.0,518.0,776.0,0.4980694980694981,5.452625652698916
2025-07-01,Uttar Pradesh,Gorakhpur,273015,614.0,0.0,1300.0,1914.0,0.4723076923076923,13.177406031947767
2025-07-01,Uttar Pradesh,Gorakhpur,273016,458.0,0.0,1166.0,1624.0,0.3927958833619211,10.416182324733844
2025-07-01,Uttar Pradesh,Gorakhpur,273209,568.0,0.0,1605.0,2173.0,0.35389408099688474,13.393055765110095
2025-07-01,Uttar Pradesh,Gorakhpur,273402,658.0,0.0,1310.0,1968.0,0.5022900763358779,13.873125141302065
2025-07-01,Uttar Pradesh,Gorakhpur,273412,503.0,0.0,1024.0,1527.0,0.4912109375,10.672658235458929
2025-07-01,Uttar Pradesh,Hapur,245101,1791.0,0.0,3945.0,5736.0,0.45399239543726233,38.89498435275478
2025-07-01,Uttar Pradesh,Hardoi,241001,3006.0,0.0,3625.0,6631.0,0.8292413793103448,56.324280545724946
2025-07-01,Uttar Pradesh,Hardoi,241123,1496.0,0.0,1325.0,2821.0,1.129056603773585,26.59892322525785
2025-07-01,Uttar Pradesh,Hardoi,241124,1541.0,0.0,1497.0,3038.0,1.0293921175684704,27.79404348244433
2025-07-01,Uttar Pradesh,Hardoi,241204,1148.0,0.0,1594.0,2742.0,0.7202007528230866,22.13697029337018
2025-07-01,Uttar Pradesh,Hardoi,241402,1303.0,0.0,1129.0,2432.0,1.154118689105403,23.092462982039713
2025-07-01,Uttar Pradesh,Jaunpur,222139,672.0,0.0,1470.0,2142.0,0.45714285714285713,14.563268974199078
2025-07-01,Uttar Pradesh,Jaunpur,223101,394.0,0.0,872.0,1266.0,0.4518348623853211,8.568850093576247
2025-07-01,Uttar Pradesh,Jhansi,284304,167.0,0.0,332.0,499.0,0.5030120481927711,3.5195642161869047
2025-07-01,Uttar Pradesh,Kannauj,209722,730.0,0.0,1004.0,1734.0,0.7270916334661355,14.047928717885261
2025-07-01,Uttar Pradesh,Kannauj,209731,352.0,0.0,607.0,959.0,0.5799011532125206,7.141120934022785
2025-07-01,Uttar Pradesh,Kanpur Dehat,209204,317.0,0.0,407.0,724.0,0.7788697788697788,6.013623992838465
2025-07-01,Uttar Pradesh,Kanpur Dehat,209301,394.0,0.0,673.0,1067.0,0.5854383358098069,7.97397676572332
2025-07-01,Uttar Pradesh,Kanpur Dehat,209302,609.0,0.0,1215.0,1824.0,0.5012345679012346,12.847652366622867
2025-07-01,Uttar Pradesh,Kanpur Dehat,209306,591.0,0.0,1526.0,2117.0,0.3872870249017038,13.504945419117826
2025-07-01,Uttar Pradesh,Kanpur Nagar,208001,1659.0,6128.0,4286.0,12073.0,0.1593047820241982,52.38504779816725
2025-07-01,Uttar Pradesh,Kanpur Nagar,208002,307.0,0.0,762.0,1069.0,0.40288713910761154,6.923506094966485
2025-07-01,Uttar Pradesh,Kanpur Nagar,208017,321.0,0.0,686.0,1007.0,0.4679300291545189,6.908172011414804
2025-07-01,Uttar Pradesh,Kanpur Nagar,209206,742.0,0.0,1289.0,2031.0,0.5756400310318076,15.0814718842936
2025-07-01,Uttar Pradesh,Kanpur Nagar,209402,291.0,0.0,523.0,814.0,0.5564053537284895,5.966941701701412
2025-07-01,Uttar Pradesh,Kasganj,207242,1138.0,0.0,1938.0,3076.0,0.587203302373581,23.01396995024
2025-07-01,Uttar Pradesh,Kasganj,207243,1110.0,0.0,1535.0,2645.0,0.7231270358306189,21.38556928840681
2025-07-01,Uttar Pradesh,Kaushambi,212201,716.0,0.0,2011.0,2727.0,0.3560417702635505,16.84631339556294
2025-07-01,Uttar Pradesh,Kaushambi,212202,397.0,0.0,539.0,936.0,0.7365491651205937,7.6188060219394105
2025-07-01,Uttar Pradesh,Kheri,261502,387.0,0.0,1131.0,1518.0,0.3421750663129973,9.237155353721416
2025-07-01,Uttar Pradesh,Kheri,261506,483.0,0.0,1576.0,2059.0,0.30647208121827413,12.020110953278976
2025-07-01,Uttar Pradesh,Kheri,262701,756.0,0.0,2608.0,3364.0,0.2898773006134969,19.23622972212298
2025-07-01,Uttar Pradesh,Kheri,262802,1057.0,0.0,3708.0,4765.0,0.28505933117583604,27.07932922902766
2025-07-01,Uttar Pradesh,Kheri,262804,1292.0,0.0,3837.0,5129.0,0.3367213969246807,31.021066647642627
2025-07-01,Uttar Pradesh,Kheri,262903,447.0,0.0,846.0,1293.0,0.5283687943262412,9.29314560471535
2025-07-01,Uttar Pradesh,Kheri,262906,207.0,0.0,517.0,724.0,0.40038684719535783,4.677883502167016
2025-07-01,Uttar Pradesh,Kushi Nagar,274304,1570.0,0.0,0.0,1570.0,,23.757881462799496
2025-07-01,Uttar Pradesh,Lucknow,226001,424.0,0.0,955.0,1379.0,0.44397905759162304,9.270935346866354
2025-07-01,Uttar Pradesh,Lucknow,226003,1142.0,4844.0,2867.0,8853.0,0.1481001167163792,37.28823782542282
2025-07-01,Uttar Pradesh,Lucknow,226003,1142.0,4844.0,2867.0,8853.0,0.1481001167163792,37.28823782542282
2025-07-01,Uttar Pradesh,Lucknow,226004,297.0,0.0,892.0,1189.0,0.3329596412556054,7.160792725904011
2025-07-01,Uttar Pradesh,Lucknow,226005,267.0,0.0,684.0,951.0,0.39035087719298245,6.0850433219525195
2025-07-01,Uttar Pradesh,Lucknow,226010,405.0,0.0,1160.0,1565.0,0.34913793103448276,9.596228791025425
2025-07-01,Uttar Pradesh,Lucknow,226018,215.0,0.0,617.0,832.0,0.34846029173419774,5.097874091296377
2025-07-01,Uttar Pradesh,Maharajganj,273157,590.0,0.0,852.0,1442.0,0.6924882629107981,11.475015910176605
2025-07-01,Uttar Pradesh,Maharajganj,273162,985.0,0.0,1537.0,2522.0,0.6408588158750813,19.49999684293845
2025-07-01,Uttar Pradesh,Maharajganj,273164,980.0,0.0,1463.0,2443.0,0.6698564593301436,19.203125622871752
2025-07-01,Uttar Pradesh,Maharajganj,273303,823.0,0.0,2363.0,3186.0,0.34828607702073633,19.517719361353777
2025-07-01,Uttar Pradesh,Maharajganj,273304,407.0,0.0,1089.0,1496.0,0.37373737373737376,9.41425237059982
2025-07-01,Uttar Pradesh,Maharajganj,273305,424.0,0.0,778.0,1202.0,0.5449871465295629,8.741826909529832
2025-07-01,Uttar Pradesh,Mainpuri,205001,1293.0,0.0,2041.0,3334.0,0.6335129838314552,25.667392539514864
2025-07-01,Uttar Pradesh,Mainpuri,205262,641.0,0.0,962.0,1603.0,0.6663201663201663,12.57559320008523
2025-07-01,Uttar Pradesh,Mainpuri,206301,429.0,0.0,691.0,1120.0,0.6208393632416788,8.557418703544663
2025-07-01,Uttar Pradesh,Mathura,281121,294.0,0.0,550.0,844.0,0.5345454545454545,6.093050383969365
2025-07-01,Uttar Pradesh,Meerut,250001,1275.0,5904.0,3111.0,10290.0,0.14143094841930118,42.53289670887605
2025-07-01,Uttar Pradesh,Meerut,250001,1275.0,5904.0,3111.0,10290.0,0.14143094841930118,42.53289670887605
2025-07-01,Uttar Pradesh,Meerut,250002,2105.0,0.0,5388.0,7493.0,0.3906829992576095,47.960139600549724
2025-07-01,Uttar Pradesh,Meerut,250342,554.0,0.0,898.0,1452.0,0.6169265033407573,11.067757608918857
2025-07-01,Uttar Pradesh,Meerut,250344,250.0,0.0,649.0,899.0,0.3852080123266564,5.7231664139917955
2025-07-01,Uttar Pradesh,Moradabad,244001,3965.0,16130.0,9905.0,30000.0,0.15229498751680431,127.69201826995817
2025-07-01,Uttar Pradesh,Moradabad,244411,86.0,0.0,78.0,164.0,1.1025641025641026,1.5345535674654158
2025-07-01,Uttar Pradesh,Muzaffarnagar,251001,1084.0,4716.0,4604.0,10404.0,0.11630901287553648,41.30078763408328
2025-07-01,Uttar Pradesh,Muzaffarnagar,251002,577.0,0.0,1904.0,2481.0,0.30304621848739494,14.423052090667415
2025-07-01,Uttar Pradesh,Pilibhit,262001,1578.0,0.0,5735.0,7313.0,0.27515257192676545,41.02265196374412
2025-07-01,Uttar Pradesh,Pilibhit,262122,1188.0,8719.0,3872.0,13779.0,0.0943531093638313,50.13744921045753
2025-07-01,Uttar Pradesh,Pilibhit,262122,1188.0,8719.0,3872.0,13779.0,0.0943531093638313,50.13744921045753
2025-07-01,Uttar Pradesh,Prayagraj,211003,560.0,0.0,245.0,805.0,2.2857142857142856,9.20653053731397
2025-07-01,Uttar Pradesh,Prayagraj,221505,506.0,0.0,0.0,506.0,,7.656998738965952
2025-07-01,Uttar Pradesh,Rampur,243701,803.0,0.0,1402.0,2205.0,0.572753209700428,16.342341199568416
2025-07-01,Uttar Pradesh,Rampur,244901,2399.0,10557.0,4364.0,17320.0,0.16078010857181155,74.27304936558146
2025-07-01,Uttar Pradesh,Rampur,244901,2399.0,10557.0,4364.0,17320.0,0.16078010857181155,74.27304936558146
2025-07-01,Uttar Pradesh,Rampur,244921,985.0,0.0,1810.0,2795.0,0.5441988950276243,20.316079347982914
2025-07-01,Uttar Pradesh,Rampur,244922,1103.0,0.0,1532.0,2635.0,0.7199738903394256,21.270674488765714
2025-07-01,Uttar Pradesh,Rampur,244924,864.0,3697.0,1855.0,6416.0,0.15561959654178675,27.348180475306823
2025-07-01,Uttar Pradesh,Rampur,244924,864.0,3697.0,1855.0,6416.0,0.15561959654178675,27.348180475306823
2025-07-01,Uttar Pradesh,Saharanpur,247001,2920.0,11401.0,7729.0,22050.0,0.15263983272347098,94.20875408032197
2025-07-01,Uttar Pradesh,Sambhal,244301,550.0,0.0,908.0,1458.0,0.6057268722466961,11.037121106671643
2025-07-01,Uttar Pradesh,Shahjahanpur,242001,2623.0,12439.0,5584.0,20646.0,0.14553625922432448,85.75306610958123
2025-07-01,Uttar Pradesh,Shahjahanpur,242127,1241.0,0.0,1441.0,2682.0,0.861207494795281,23.086919370438576
2025-07-01,Uttar Pradesh,Shahjahanpur,242221,1479.0,0.0,2367.0,3846.0,0.6248415716096325,29.456536639395626
2025-07-01,Uttar Pradesh,Shahjahanpur,242301,959.0,0.0,1132.0,2091.0,0.8471731448763251,17.895882371844742
2025-07-01,Uttar Pradesh,Shahjahanpur,242303,854.0,0.0,786.0,1640.0,1.0865139949109415,15.272677102435717
2025-07-01,Uttar Pradesh,Shahjahanpur,242307,769.0,0.0,1388.0,2157.0,0.5540345821325648,15.785988923143268
2025-07-01,Uttar Pradesh,Shravasti,271803,478.0,0.0,0.0,478.0,,7.233291298865069
2025-07-01,Uttar Pradesh,Shravasti,271831,1118.0,0.0,0.0,1118.0,,16.918032786885245
2025-07-01,Uttar Pradesh,Siddharth Nagar,272202,681.0,0.0,0.0,681.0,,10.30517023959647
2025-07-01,Uttar Pradesh,Siddharth Nagar,272205,721.0,0.0,0.0,721.0,,10.91046658259773
2025-07-01,Uttar Pradesh,Siddharth Nagar,272206,1188.0,0.0,0.0,1188.0,,17.97730138713745
2025-07-01,Uttar Pradesh,Siddharth Nagar,272207,754.0,0.0,0.0,754.0,,11.409836065573769
2025-07-01,Uttar Pradesh,Siddharth Nagar,272208,604.0,0.0,0.0,604.0,,9.139974779319042
2025-07-01,Uttar Pradesh,Sitapur,261001,1368.0,0.0,3247.0,4615.0,0.421311980289498,30.407434908223273
2025-07-01,Uttar Pradesh,Sitapur,261201,1825.0,0.0,3131.0,4956.0,0.5828808687320345,36.97618529519892
2025-07-01,Uttar Pradesh,Sitapur,261202,745.0,0.0,1012.0,1757.0,0.7361660079051383,14.298829352153064
2025-07-01,Uttar Pradesh,Sitapur,261204,758.0,0.0,1326.0,2084.0,0.5716440422322775,15.434195010089875
2025-07-01,Uttar Pradesh,Sitapur,261205,1452.0,0.0,2072.0,3524.0,0.7007722007722008,28.1661142123089
2025-07-01,Uttar Pradesh,Sitapur,261208,701.0,0.0,929.0,1630.0,0.7545748116254036,13.384890378812516
2025-07-01,Uttar Pradesh,Sitapur,261301,479.0,0.0,893.0,1372.0,0.5363941769316909,9.917880399765039
2025-07-01,Uttar Pradesh,Sitapur,261303,788.0,0.0,2048.0,2836.0,0.384765625,18.04645140156098
2025-07-01,Uttar Pradesh,Sultanpur,222302,401.0,0.0,1118.0,1519.0,0.35867620751341683,9.410148002103075
2025-07-01,Uttar Pradesh,Sultanpur,228001,763.0,0.0,1556.0,2319.0,0.4903598971722365,16.197399090181978
2025-07-01,Uttar Pradesh,Unnao,209801,2008.0,0.0,4472.0,6480.0,0.4490161001788909,43.75408507272503
2025-07-01,Uttar Pradesh,Unnao,209861,633.0,0.0,1267.0,1900.0,0.4996053670086819,13.36627445909876
2025-07-01,Uttar Pradesh,Unnao,241503,703.0,3550.0,2088.0,6341.0,0.12468960624334871,25.261306209512586
2025-07-01,Uttar Pradesh,Varanasi,221001,1364.0,0.0,3451.0,4815.0,0.39524775427412345,30.956725167802535
2025-07-01,Uttar Pradesh,Varanasi,221002,685.0,0.0,1669.0,2354.0,0.4104254044337927,15.354863613527414
2025-07-01,Uttar Pradesh,Varanasi,221005,378.0,0.0,925.0,1303.0,0.40864864864864864,8.48516515625617
2025-07-01,Uttar Pradesh,Varanasi,221007,881.0,0.0,1750.0,2631.0,0.5034285714285714,18.56295006386217
2025-07-01,Uttar Pradesh,Varanasi,221010,471.0,0.0,1362.0,1833.0,0.3458149779735683,11.198809024446305
2025-07-01,Uttar Pradesh,Varanasi,221011,432.0,0.0,1012.0,1444.0,0.4268774703557312,9.562385468168197
2025-07-01,Uttar Pradesh,Varanasi,221101,866.0,0.0,1435.0,2301.0,0.6034843205574912,17.39433027557001
2025-07-01,Uttar Pradesh,Varanasi,221104,743.0,0.0,1352.0,2095.0,0.5495562130177515,15.284931024801967
2025-07-01,Uttar Pradesh,Varanasi,221107,524.0,0.0,1274.0,1798.0,0.41130298273155413,11.737767116857361
2025-07-01,Uttar Pradesh,Varanasi,221109,147.0,0.0,390.0,537.0,0.3769230769230769,3.390296210593157
2025-07-01,Uttar Pradesh,Varanasi,221112,162.0,0.0,320.0,482.0,0.50625,3.4080304148482545
2025-07-01,Uttarakhand,Dehradun,248001,1631.0,5582.0,6719.0,13932.0,0.13259084627266077,57.94523538465077
2025-07-01,Uttarakhand,Haridwar,247667,732.0,0.0,2643.0,3375.0,0.27695800227014755,18.977677878507414
2025-07-01,West Bengal,24 Paraganas North,700049,134.0,0.0,0.0,134.0,,2.0277427490542244
2025-07-01,West Bengal,24 Paraganas North,700056,98.0,0.0,0.0,98.0,,1.4829760403530896
2025-07-01,West Bengal,24 Paraganas North,700102,157.0,0.0,0.0,157.0,,2.3757881462799495
2025-07-01,West Bengal,24 Paraganas North,700110,145.0,0.0,0.0,145.0,,2.194199243379571
2025-07-01,West Bengal,24 Paraganas North,700119,261.0,0.0,0.0,261.0,,3.9495586380832273
2025-07-01,West Bengal,24 Paraganas North,700121,158.0,0.0,0.0,158.0,,2.390920554854981
2025-07-01,West Bengal,24 Paraganas North,700124,135.0,0.0,0.0,135.0,,2.042875157629256
2025-07-01,West Bengal,24 Paraganas North,700125,319.0,0.0,0.0,319.0,,4.827238335435056
2025-07-01,West Bengal,24 Paraganas North,700129,76.0,0.0,0.0,76.0,,1.150063051702396
2025-07-01,West Bengal,24 Paraganas North,743127,188.0,0.0,0.0,188.0,,2.8448928121059267
2025-07-01,West Bengal,24 Paraganas North,743145,169.0,0.0,0.0,169.0,,2.5573770491803276
2025-07-01,West Bengal,24 Paraganas North,743235,186.0,0.0,0.0,186.0,,2.8146279949558637
2025-07-01,West Bengal,24 Paraganas North,743245,100.0,0.0,0.0,100.0,,1.5132408575031526
2025-07-01,West Bengal,24 Paraganas North,743248,166.0,0.0,0.0,166.0,,2.511979823455233
2025-07-01,West Bengal,24 Paraganas North,743249,155.0,0.0,0.0,155.0,,2.345523329129886
2025-07-01,West Bengal,24 Paraganas North,743251,178.0,0.0,0.0,178.0,,2.6935687263556116
2025-07-01,West Bengal,24 Paraganas North,743262,111.0,0.0,0.0,111.0,,1.6796973518284992
2025-07-01,West Bengal,24 Paraganas North,743263,227.0,0.0,0.0,227.0,,3.4350567465321564
2025-07-01,West Bengal,24 Paraganas North,743287,86.0,0.0,0.0,86.0,,1.3013871374527113
2025-07-01,West Bengal,24 Paraganas North,743329,1418.0,0.0,0.0,1418.0,,21.457755359394703
2025-07-01,West Bengal,24 Paraganas North,743423,532.0,0.0,0.0,532.0,,8.050441361916771
2025-07-01,West Bengal,24 Paraganas South,743347,490.0,0.0,0.0,490.0,,7.414880201765447
2025-07-01,West Bengal,Alipurduar,735204,199.0,0.0,65.0,264.0,3.0615384615384613,3.205654664775194
2025-07-01,West Bengal,Alipurduar,736121,376.0,0.0,170.0,546.0,2.211764705882353,6.197968869111338
2025-07-01,West Bengal,Alipurduar,736182,148.0,0.0,47.0,195.0,3.148936170212766,2.3800941897533465
2025-07-01,West Bengal,Alipurduar,736202,200.0,0.0,108.0,308.0,1.8518518518518519,3.349327541177742
2025-07-01,West Bengal,Alipurduar,736204,321.0,0.0,92.0,413.0,3.489130434782609,5.1325199674719
2025-07-01,West Bengal,Alipurduar,736206,179.0,0.0,87.0,266.0,2.057471264367816,2.9687713837909673
2025-07-01,West Bengal,Alipurduar,736207,169.0,0.0,97.0,266.0,1.7422680412371134,2.847340430093563
2025-07-01,West Bengal,Birbhum,731204,258.0,0.0,732.0,990.0,0.3524590163934426,6.092338678631207
2025-07-01,West Bengal,Birbhum,731234,511.0,0.0,1165.0,1676.0,0.4386266094420601,11.215210666005223
2025-07-01,West Bengal,Coochbehar,735210,451.0,0.0,0.0,451.0,,6.824716267339218
2025-07-01,West Bengal,Coochbehar,735224,234.0,0.0,0.0,234.0,,3.540983606557377
2025-07-01,West Bengal,Coochbehar,736131,209.0,0.0,0.0,209.0,,3.1626733921815884
2025-07-01,West Bengal,Coochbehar,736135,1390.0,0.0,0.0,1390.0,,21.034047919293823
2025-07-01,West Bengal,Coochbehar,736145,451.0,0.0,0.0,451.0,,6.824716267339218
2025-07-01,West Bengal,Coochbehar,736146,519.0,0.0,0.0,519.0,,7.853720050441361
2025-07-01,West Bengal,Coochbehar,736165,290.0,0.0,0.0,290.0,,4.388398486759142
2025-07-01,West Bengal,Coochbehar,736167,711.0,0.0,0.0,711.0,,10.759142496847414
2025-07-01,West Bengal,Darjeeling,734003,286.0,0.0,500.0,786.0,0.572,5.822525455104559
2025-07-01,West Bengal,Darjeeling,734010,208.0,0.0,415.0,623.0,0.5012048192771085,4.388105963802358
2025-07-01,West Bengal,Darjeeling,734013,87.0,0.0,170.0,257.0,0.5117647058823529,1.824702790927227
2025-07-01,West Bengal,Darjeeling,734014,182.0,0.0,337.0,519.0,0.5400593471810089,3.761496910838833
2025-07-01,West Bengal,Darjeeling,734101,116.0,0.0,211.0,327.0,0.5497630331753555,2.3861044810200758
2025-07-01,West Bengal,Darjeeling,734201,93.0,0.0,302.0,395.0,0.3079470198675497,2.3100865854758394
2025-07-01,West Bengal,Darjeeling,734427,137.0,0.0,160.0,297.0,0.85625,2.551430087625892
2025-07-01,West Bengal,Darjeeling,734429,263.0,0.0,344.0,607.0,0.7645348837209303,5.008147197853424
2025-07-01,West Bengal,Dinajpur Dakshin,733124,574.0,0.0,0.0,574.0,,8.686002522068096
2025-07-01,West Bengal,Dinajpur Dakshin,733125,423.0,0.0,0.0,423.0,,6.401008827238336
2025-07-01,West Bengal,Dinajpur Uttar,733129,437.0,0.0,0.0,437.0,,6.612862547288777
2025-07-01,West Bengal,Dinajpur Uttar,733134,800.0,0.0,0.0,800.0,,12.105926860025221
2025-07-01,West Bengal,Dinajpur Uttar,733201,1152.0,0.0,0.0,1152.0,,17.43253467843632
2025-07-01,West Bengal,Dinajpur Uttar,733202,1464.0,0.0,0.0,1464.0,,22.153846153846153
2025-07-01,West Bengal,Dinajpur Uttar,733207,2354.0,0.0,0.0,2354.0,,35.62168978562421
2025-07-01,West Bengal,Dinajpur Uttar,733210,2727.0,0.0,0.0,2727.0,,41.266078184110974
2025-07-01,West Bengal,Hooghly,712149,300.0,0.0,824.0,1124.0,0.3640776699029126,7.0029166536693115
2025-07-01,West Bengal,Howrah,711101,361.0,0.0,635.0,996.0,0.568503937007874,7.361013380946218
2025-07-01,West Bengal,Jalpaiguri,735135,300.0,0.0,568.0,868.0,0.528169014084507,6.237652473114793
2025-07-01,West Bengal,Jalpaiguri,735202,199.0,0.0,442.0,641.0,0.4502262443438914,4.332625743169933
2025-07-01,West Bengal,Jalpaiguri,735206,69.0,0.0,137.0,206.0,0.5036496350364964,1.453672100802054
2025-07-01,West Bengal,Jalpaiguri,735225,75.0,0.0,262.0,337.0,0.2862595419847328,1.9181307029136285
2025-07-01,West Bengal,Kalimpong,734301,189.0,0.0,71.0,260.0,2.6619718309859155,3.072266458256625
2025-07-01,West Bengal,Kolkata,700004,99.0,0.0,116.0,215.0,0.853448275862069,1.8448687807418866
2025-07-01,West Bengal,Kolkata,700006,149.0,0.0,364.0,513.0,0.40934065934065933,3.3428388844056522
2025-07-01,West Bengal,Kolkata,700007,104.0,0.0,278.0,382.0,0.37410071942446044,2.4047995628742003
2025-07-01,West Bengal,Kolkata,700016,172.0,0.0,309.0,481.0,0.5566343042071198,3.5264720553403675
2025-07-01,West Bengal,Kolkata,700023,291.0,0.0,593.0,884.0,0.49072512647554806,6.176193626071787
2025-07-01,West Bengal,Medinipur West,721301,523.0,0.0,0.0,523.0,,7.914249684741488
2025-07-01,West Bengal,Nadia,741126,390.0,0.0,881.0,1271.0,0.4426787741203178,8.53522427812374
2025-07-01,West Bengal,Nadia,741201,183.0,0.0,546.0,729.0,0.33516483516483514,4.401395779319701
2025-07-01,West Bengal,Nadia,741222,244.0,0.0,631.0,875.0,0.3866877971473851,5.578564324846367
2025-07-01,West Bengal,Nadia,741223,170.0,0.0,320.0,490.0,0.53125,3.5290896834485066
2025-07-01,West Bengal,Nadia,741253,102.0,0.0,161.0,263.0,0.6335403726708074,2.0247851007050803
2025-07-01,West Bengal,Nadia,741313,78.0,0.0,96.0,174.0,0.8125,1.4673019365604032
2025-07-01,West Bengal,Nadia,741402,104.0,0.0,383.0,487.0,0.27154046997389036,2.718677449429764
2025-07-01,West Bengal,Nadia,741404,341.0,0.0,780.0,1121.0,0.4371794871794872,7.491815624212796
2025-07-01,West Bengal,Nadia,741501,180.0,0.0,370.0,550.0,0.4864864864864865,3.829879429463376
2025-07-01,West Bengal,Nadia,741502,263.0,0.0,593.0,856.0,0.44350758853288363,5.752486185970904
2025-09-01,Assam,Golaghat,785705,68.0,0.0,0.0,68.0,,1.0290037831021437
2025-09-01,Bihar,Gaya,824232,86.0,243.0,213.0,542.0,0.18859649122807018,2.5118329609104406
2025-09-01,Bihar,Gopalganj,841508,99.0,199.0,135.0,433.0,0.2964071856287425,2.3715040033930963
2025-09-01,Jharkhand,Chatra,825401,68.0,214.0,192.0,474.0,0.16748768472906403,2.108205135375546
2025-09-01,Jharkhand,Chatra,825401,68.0,214.0,192.0,474.0,0.16748768472906403,2.108205135375546
2025-09-01,Madhya Pradesh,Barwani,451666,111.0,122.0,226.0,459.0,0.31896551724137934,2.643323689759876
2025-09-01,Maharashtra,Nashik,423203,84.0,125.0,247.0,456.0,0.22580645161290322,2.3046072245665052
2025-09-01,Maharashtra,Nashik,423203,84.0,125.0,247.0,456.0,0.22580645161290322,2.3046072245665052
2025-09-01,Uttar Pradesh,Bahraich,271855,78.0,97.0,100.0,275.0,0.39593908629441626,1.7082758344057678
2025-09-01,Uttar Pradesh,Mirzapur,231001,71.0,300.0,153.0,524.0,0.15673289183222958,2.240064831373476
2025-09-01,West Bengal,Uttar Dinajpur,733202,69.0,390.0,97.0,556.0,0.14168377823408623,2.2548881453681227
2025-09-01,West Bengal,Uttar Dinajpur,733207,88.0,428.0,93.0,609.0,0.1689059500959693,2.620164516409873
2025-09-01,West Bengal,Uttar Dinajpur,733210,88.0,395.0,122.0,605.0,0.1702127659574468,2.628941720128277
2025-09-01,West Bengal,Uttar Dinajpur,733210,88.0,395.0,122.0,605.0,0.1702127659574468,2.628941720128277
2025-09-02,Assam,Barpeta,781308,90.0,82.0,0.0,172.0,1.0975609756097562,1.5555184716702024
2025-09-02,Madhya Pradesh,Barwani,451666,87.0,113.0,194.0,394.0,0.28338762214983715,2.163238894325704
2025-09-02,Madhya Pradesh,Barwani,451666,87.0,113.0,194.0,394.0,0.28338762214983715,2.163238894325704
2025-09-02,Madhya Pradesh,Jhabua,457661,65.0,133.0,187.0,385.0,0.203125,1.8566206400470866
2025-09-02,Madhya Pradesh,Umaria,484661,78.0,0.0,165.0,243.0,0.4727272727272727,1.6735645477254881
2025-09-02,Maharashtra,Nashik,423203,69.0,96.0,247.0,412.0,0.20116618075801748,2.009152202067818
2025-09-02,Tamil Nadu,Namakkal,637406,74.0,16.0,10.0,100.0,2.8461538461538463,1.1874673080525346
2025-09-02,Tamil Nadu,Namakkal,637406,74.0,16.0,10.0,100.0,2.8461538461538463,1.1874673080525346
2025-09-02,Uttar Pradesh,Aligarh,202001,88.0,0.0,274.0,362.0,0.32116788321167883,2.1507237728525315
2025-09-02,Uttar Pradesh,Bahraich,271855,88.0,140.0,90.0,318.0,0.3826086956521739,1.9312296307427659
2025-09-02,Uttar Pradesh,Meerut,250002,78.0,172.0,136.0,386.0,0.2532467532467532,1.9929658353304223
2025-09-02,Uttar Pradesh,Meerut,250002,78.0,172.0,136.0,386.0,0.2532467532467532,1.9929658353304223
2025-09-02,Uttar Pradesh,Moradabad,244001,76.0,450.0,281.0,807.0,0.1039671682626539,3.0525084155942435
2025-09-02,Uttar Pradesh,Moradabad,244001,76.0,450.0,281.0,807.0,0.1039671682626539,3.0525084155942435
2025-09-02,Uttar Pradesh,Sitapur,261135,66.0,0.0,120.0,186.0,0.55,1.3574565505870109
2025-09-02,West Bengal,Murshidabad,742202,118.0,350.0,136.0,604.0,0.24279835390946503,3.0185195269327934
2025-09-02,West Bengal,Uttar Dinajpur,733202,140.0,437.0,119.0,696.0,0.2517985611510791,3.5060208727131816
2025-09-03,Assam,Golaghat,785705,96.0,84.0,27.0,207.0,0.8648648648648649,1.7317463723441624
2025-09-03,Madhya Pradesh,Jhabua,457661,69.0,130.0,200.0,399.0,0.20909090909090908,1.9489283569946294
2025-09-03,Maharashtra,Aurangabad,431001,77.0,0.0,426.0,503.0,0.1807511737089202,2.4386428857314297
2025-09-03,Meghalaya,West Khasi Hills,793119,69.0,59.0,21.0,149.0,0.8625,1.2462105530751728
2025-09-03,Tamil Nadu,Karur,621313,82.0,31.0,41.0,154.0,1.1388888888888888,1.4366102311236455
2025-09-03,Tamil Nadu,Karur,621313,82.0,31.0,41.0,154.0,1.1388888888888888,1.4366102311236455
2025-09-03,Uttar Pradesh,Bahraich,271855,70.0,0.0,81.0,151.0,0.8641975308641975,1.3014029698807847
2025-09-03,Uttar Pradesh,Mirzapur,231001,65.0,261.0,163.0,489.0,0.15330188679245282,2.087084654698427
2025-09-03,Uttar Pradesh,Rampur,244901,87.0,0.0,183.0,270.0,0.47540983606557374,1.8635638625960114
2025-09-03,West Bengal,Murshidabad,742202,66.0,204.0,39.0,309.0,0.2716049382716049,1.5969654344113904
2025-09-03,West Bengal,Uttar Dinajpur,733202,106.0,0.0,110.0,216.0,0.9636363636363636,1.932859761535361
2025-09-03,West Bengal,Uttar Dinajpur,733207,172.0,280.0,83.0,535.0,0.4738292011019284,3.5119662462721704
2025-09-03,West Bengal,Uttar Dinajpur,733207,172.0,280.0,83.0,535.0,0.4738292011019284,3.5119662462721704
2025-09-03,West Bengal,Uttar Dinajpur,733210,65.0,0.0,78.0,143.0,0.8333333333333334,1.2167729873897537
2025-09-04,Delhi,North West Delhi,110086,67.0,154.0,312.0,533.0,0.14377682403433475,2.310130531008104
2025-09-04,Delhi,West Delhi,110059,70.0,251.0,241.0,562.0,0.14227642276422764,2.372303164181732
2025-09-04,Haryana,Faridabad,121004,68.0,220.0,315.0,603.0,0.12710280373831775,2.490056637669083
2025-09-04,Madhya Pradesh,Barwani,451666,73.0,106.0,180.0,359.0,0.25524475524475526,1.8930078150179979
2025-09-04,Uttar Pradesh,Bahraich,271855,105.0,125.0,118.0,348.0,0.43209876543209874,2.236766401159617
2025-09-04,Uttar Pradesh,Moradabad,244001,80.0,362.0,267.0,709.0,0.1271860095389507,2.863419987060195
2025-09-04,West Bengal,Murshidabad,742202,91.0,277.0,87.0,455.0,0.25,2.2911154154944144
2025-09-04,West Bengal,Uttar Dinajpur,733202,105.0,0.0,79.0,184.0,1.3291139240506329,1.8250586435963057
2025-09-04,West Bengal,Uttar Dinajpur,733207,68.0,486.0,79.0,633.0,0.12035398230088495,2.4126037477815965
2025-09-04,West Bengal,Uttar Dinajpur,733207,68.0,486.0,79.0,633.0,0.12035398230088495,2.4126037477815965
2025-09-05,Uttar Pradesh,Bahraich,271855,69.0,87.0,24.0,180.0,0.6216216216216216,1.321286390223805
2025-09-05,West Bengal,Murshidabad,742202,135.0,270.0,75.0,480.0,0.391304347826087,2.904542659949119
2025-09-06,Delhi,West Delhi,110059,77.0,264.0,243.0,584.0,0.15187376725838264,2.5149016030434588
2025-09-06,Delhi,West Delhi,110059,77.0,264.0,243.0,584.0,0.15187376725838264,2.5149016030434588
2025-09-06,Madhya Pradesh,Ujjain,456222,78.0,0.0,23.0,101.0,3.391304347826087,1.249082072574154
2025-09-06,Uttar Pradesh,Aligarh,202001,88.0,349.0,160.0,597.0,0.17288801571709234,2.633929790268377
2025-09-06,Uttar Pradesh,Saharanpur,247001,69.0,244.0,292.0,605.0,0.1287313432835821,2.493098754693356
2025-09-06,West Bengal,Murshidabad,742202,160.0,361.0,125.0,646.0,0.3292181069958848,3.6471692015709274
2025-09-06,West Bengal,Murshidabad,742202,160.0,361.0,125.0,646.0,0.3292181069958848,3.6471692015709274
2025-09-06,West Bengal,Uttar Dinajpur,733202,77.0,376.0,84.0,537.0,0.1673913043478261,2.304032393533211
2025-09-07,Bihar,Kishanganj,855101,66.0,1450.0,5.0,1521.0,0.04536082474226804,4.437130225639261
2025-09-08,Bihar,Purnia,854315,68.0,473.0,212.0,753.0,0.09927007299270073,2.7794894516593867
2025-09-08,Madhya Pradesh,Barwani,451666,92.0,157.0,330.0,579.0,0.188911704312115,2.749331372100499
2025-09-08,Madhya Pradesh,Jhabua,457661,77.0,147.0,234.0,458.0,0.2020997375328084,2.211761212362525
2025-09-08,Madhya Pradesh,Jhabua,457661,77.0,147.0,234.0,458.0,0.2020997375328084,2.211761212362525
2025-09-08,Madhya Pradesh,Satna,485331,65.0,161.0,88.0,314.0,0.26104417670682734,1.6267865302560278
2025-09-08,Maharashtra,Aurangabad,431001,78.0,155.0,482.0,715.0,0.12244897959183673,2.987131266573391
2025-09-08,Maharashtra,Nashik,423203,70.0,118.0,367.0,555.0,0.14432989690721648,2.4349441147678044
2025-09-08,Uttar Pradesh,Bahraich,271855,110.0,172.0,102.0,384.0,0.40145985401459855,2.375566260751534
2025-09-08,West Bengal,Murshidabad,742202,82.0,0.0,76.0,158.0,1.0789473684210527,1.4680453067547075
2025-09-08,West Bengal,Uttar Dinajpur,733207,98.0,529.0,124.0,751.0,0.15007656967840735,3.102617941910234
2025-09-09,Madhya Pradesh,Barwani,451666,73.0,136.0,233.0,442.0,0.1978319783197832,2.122271305112096
2025-09-09,Madhya Pradesh,Barwani,451666,73.0,136.0,233.0,442.0,0.1978319783197832,2.122271305112096
2025-09-09,Madhya Pradesh,Jhabua,457661,83.0,192.0,250.0,525.0,0.18778280542986425,2.456629510417877
2025-09-09,Madhya Pradesh,Sidhi,486661,73.0,0.0,207.0,280.0,0.3526570048309179,1.7234536594725562
2025-09-09,Madhya Pradesh,Umaria,484661,66.0,133.0,152.0,351.0,0.23157894736842105,1.7671270864369302
2025-09-09,Maharashtra,Aurangabad,431001,69.0,152.0,524.0,745.0,0.10207100591715976,2.969407754998966
2025-09-09,Maharashtra,Thane,421302,76.0,214.0,348.0,638.0,0.13523131672597866,2.6955972640012074
2025-09-09,Uttar Pradesh,Bahraich,271855,80.0,167.0,156.0,403.0,0.2476780185758514,2.0712119348840283
2025-09-09,Uttar Pradesh,Kheri,262804,65.0,0.0,108.0,173.0,0.6018518518518519,1.3064523835484863
2025-09-09,Uttar Pradesh,Moradabad,244001,86.0,538.0,274.0,898.0,0.10591133004926108,3.3906749868676203
2025-09-09,Uttar Pradesh,Moradabad,244001,86.0,538.0,274.0,898.0,0.10591133004926108,3.3906749868676203
2025-09-09,Uttar Pradesh,Saharanpur,247001,69.0,323.0,296.0,688.0,0.11147011308562198,2.6915747184105188
2025-09-09,West Bengal,Murshidabad,742202,114.0,381.0,82.0,577.0,0.24622030237580994,2.869757866101074
2025-09-09,West Bengal,Murshidabad,742202,114.0,381.0,82.0,577.0,0.24622030237580994,2.869757866101074
2025-09-09,West Bengal,Uttar Dinajpur,733202,74.0,0.0,89.0,163.0,0.8314606741573034,1.3858471098232394
2025-09-09,West Bengal,Uttar Dinajpur,733207,95.0,563.0,140.0,798.0,0.13513513513513514,3.1853236030452905
2025-09-10,Madhya Pradesh,Barwani,451666,110.0,156.0,229.0,495.0,0.2857142857142857,2.7174330963762117
2025-09-10,Madhya Pradesh,Guna,473001,79.0,139.0,250.0,468.0,0.20308483290488433,2.2709670700736
2025-09-10,Madhya Pradesh,Jhabua,457661,84.0,178.0,255.0,517.0,0.19399538106235567,2.4536545362529845
2025-09-10,Madhya Pradesh,Jhabua,457661,84.0,178.0,255.0,517.0,0.19399538106235567,2.4536545362529845
2025-09-10,Madhya Pradesh,Jhabua,457775,65.0,61.0,53.0,179.0,0.5701754385964912,1.2860609340252727
2025-09-10,Madhya Pradesh,Jhabua,457775,65.0,61.0,53.0,179.0,0.5701754385964912,1.2860609340252727
2025-09-10,Madhya Pradesh,Ratlam,457001,65.0,157.0,0.0,222.0,0.4140127388535032,1.3542829828285898
2025-09-10,Madhya Pradesh,Vidisha,464228,73.0,66.0,220.0,359.0,0.25524475524475526,1.9181404896114145
2025-09-10,Maharashtra,Aurangabad,431001,77.0,176.0,513.0,766.0,0.11175616835994194,3.1142484905119527
2025-09-10,Maharashtra,Aurangabad,431001,77.0,176.0,513.0,766.0,0.11175616835994194,3.1142484905119527
2025-09-10,Maharashtra,Thane,421302,70.0,200.0,395.0,665.0,0.11764705882352941,2.71224658443332
2025-09-10,Uttar Pradesh,Aligarh,202001,72.0,421.0,264.0,757.0,0.10510948905109489,2.8726915629309544
2025-09-10,Uttar Pradesh,Aligarh,202001,72.0,421.0,264.0,757.0,0.10510948905109489,2.8726915629309544
2025-09-10,Uttar Pradesh,Bahraich,271855,79.0,180.0,129.0,388.0,0.255663430420712,2.0060610221920614
2025-09-10,Uttar Pradesh,Moradabad,244001,102.0,499.0,290.0,891.0,0.12927756653992395,3.588543678075011
2025-09-10,Uttar Pradesh,Moradabad,244001,102.0,499.0,290.0,891.0,0.12927756653992395,3.588543678075011
2025-09-10,Uttar Pradesh,Rampur,244901,67.0,0.0,268.0,335.0,0.25,1.815007313545123
2025-09-10,West Bengal,Murshidabad,742202,95.0,0.0,75.0,170.0,1.2666666666666666,1.6617773050248263
2025-09-10,West Bengal,Uttar Dinajpur,733202,66.0,326.0,94.0,486.0,0.15714285714285714,2.0494192142379917
2025-09-10,West Bengal,Uttar Dinajpur,733207,86.0,522.0,80.0,688.0,0.14285714285714285,2.7729722835938593
2025-09-10,West Bengal,Uttar Dinajpur,733210,132.0,0.0,170.0,302.0,0.7764705882352941,2.505661176803646
2025-09-11,Bihar,Araria,854318,69.0,575.0,110.0,754.0,0.10072992700729927,2.7305335400212063
2025-09-11,Bihar,Kishanganj,855107,69.0,839.0,303.0,1211.0,0.06042031523642732,3.9307740225226833
2025-09-11,Madhya Pradesh,Jhabua,457661,77.0,161.0,230.0,468.0,0.1969309462915601,2.2328579083077402
2025-09-11,Uttar Pradesh,Moradabad,244001,65.0,433.0,328.0,826.0,0.08541392904073587,2.9864127041298314
2025-09-11,West Bengal,Uttar Dinajpur,733207,73.0,451.0,86.0,610.0,0.13594040968342644,2.426556111177843
2025-09-12,Delhi,West Delhi,110059,72.0,304.0,243.0,619.0,0.1316270566727605,2.533679413786528
2025-09-12,Madhya Pradesh,Barwani,451666,66.0,91.0,221.0,378.0,0.21153846153846154,1.8742278513028767
2025-09-12,Madhya Pradesh,Guna,473001,87.0,95.0,259.0,441.0,0.2457627118644068,2.3150463185414223
2025-09-12,Madhya Pradesh,Jhabua,457661,71.0,144.0,238.0,453.0,0.18586387434554974,2.125841024712133
2025-09-12,Madhya Pradesh,Katni,483442,79.0,31.0,17.0,127.0,1.6458333333333333,1.3194694884715648
2025-09-12,Madhya Pradesh,Rajgarh,465674,75.0,41.0,67.0,183.0,0.6944444444444444,1.4320154778405496
2025-09-12,Maharashtra,Aurangabad,431001,79.0,170.0,539.0,788.0,0.11142454160789844,3.2080694729568497
2025-09-12,Maharashtra,Thane,421302,71.0,221.0,447.0,739.0,0.1062874251497006,2.932404202833057
2025-09-12,Rajasthan,Bhilwara,311604,85.0,47.0,66.0,198.0,0.7522123893805309,1.5945162284283079
2025-09-12,Uttar Pradesh,Aligarh,202001,67.0,310.0,438.0,815.0,0.08957219251336898,3.0550994239858658
2025-09-12,Uttar Pradesh,Aligarh,202001,67.0,310.0,438.0,815.0,0.08957219251336898,3.0550994239858658
2025-09-12,Uttar Pradesh,Bahraich,271855,95.0,158.0,187.0,440.0,0.2753623188405797,2.3696178058094235
2025-09-12,Uttar Pradesh,Moradabad,244001,88.0,448.0,397.0,933.0,0.10414201183431952,3.576135657627476
2025-09-12,West Bengal,Murshidabad,742202,88.0,289.0,66.0,443.0,0.24788732394366197,2.211274568543675
2025-09-12,West Bengal,Murshidabad,742202,88.0,289.0,66.0,443.0,0.24788732394366197,2.211274568543675
2025-09-12,West Bengal,Uttar Dinajpur,733202,66.0,0.0,111.0,177.0,0.5945945945945946,1.330552731739391
2025-09-12,West Bengal,Uttar Dinajpur,733207,89.0,472.0,106.0,667.0,0.15397923875432526,2.7780418356337386
2025-09-12,West Bengal,Uttar Dinajpur,733207,89.0,472.0,106.0,667.0,0.15397923875432526,2.7780418356337386
2025-09-12,West Bengal,Uttar Dinajpur,733210,70.0,0.0,140.0,210.0,0.5,1.4777724489929585
2025-09-13,Madhya Pradesh,Jhabua,457661,96.0,159.0,271.0,526.0,0.22325581395348837,2.638213519969362
2025-09-13,Maharashtra,Aurangabad,431001,80.0,131.0,524.0,735.0,0.12213740458015267,3.0862833261747435
2025-09-13,Maharashtra,Aurangabad,431001,80.0,131.0,524.0,735.0,0.12213740458015267,3.0862833261747435
2025-09-13,Uttar Pradesh,Bahraich,271855,82.0,140.0,187.0,409.0,0.25076452599388377,2.1303985602058124
2025-09-13,West Bengal,Murshidabad,742202,83.0,304.0,32.0,419.0,0.24702380952380953,2.069390821795456
2025-09-13,West Bengal,Uttar Dinajpur,733202,84.0,253.0,68.0,405.0,0.2616822429906542,2.071727692397727
2025-09-15,Madhya Pradesh,Barwani,451666,66.0,0.0,287.0,353.0,0.22996515679442509,1.856671855870622
2025-09-15,Maharashtra,Aurangabad,431001,65.0,155.0,620.0,840.0,0.08387096774193549,3.2029351774281514
2025-09-15,West Bengal,Murshidabad,742202,81.0,322.0,55.0,458.0,0.21485411140583555,2.1503781424952897
2025-09-16,Madhya Pradesh,Barwani,451666,81.0,0.0,268.0,349.0,0.30223880597014924,2.0268610335955644
2025-09-16,Madhya Pradesh,Ujjain,456224,71.0,17.0,99.0,187.0,0.6120689655172413,1.4104799539388022
2025-09-16,Maharashtra,Aurangabad,431001,70.0,165.0,586.0,821.0,0.09320905459387484,3.2005705347279685
2025-09-16,Uttar Pradesh,Bahraich,271855,70.0,74.0,204.0,348.0,0.2517985611510791,1.8438022233253077
2025-09-16,Uttar Pradesh,Meerut,250002,78.0,233.0,317.0,628.0,0.14181818181818182,2.6780523022559044
2025-09-16,Uttar Pradesh,Moradabad,244001,70.0,363.0,484.0,917.0,0.08264462809917356,3.363137863198501
2025-09-16,Uttar Pradesh,Rampur,244901,69.0,300.0,335.0,704.0,0.10866141732283464,2.7538550175863903
2025-09-16,West Bengal,North 24 Parganas,743286,69.0,28.0,13.0,110.0,1.6829268292682926,1.1491051608787182
2025-09-17,Madhya Pradesh,Barwani,451666,83.0,124.0,257.0,464.0,0.2178477690288714,2.3170069517039287
2025-09-17,Maharashtra,Thane,421302,67.0,202.0,511.0,780.0,0.09396914446002805,3.0183316832029026
2025-09-17,Rajasthan,Jalor,343041,70.0,77.0,265.0,412.0,0.2046783625730994,2.033233317869431
2025-09-17,Uttar Pradesh,Muzaffarnagar,251001,66.0,142.0,216.0,424.0,0.18435754189944134,1.9796920986396607
2025-09-17,West Bengal,Murshidabad,742202,96.0,232.0,35.0,363.0,0.3595505617977528,2.1050883363739303
2025-09-17,West Bengal,Murshidabad,742202,96.0,232.0,35.0,363.0,0.3595505617977528,2.1050883363739303
2025-09-18,Rajasthan,Jalor,343041,68.0,76.0,224.0,368.0,0.22666666666666666,1.8780456629619777
2025-09-18,West Bengal,Malda,732125,71.0,228.0,186.0,485.0,0.17149758454106281,2.168720430635273
2025-09-18,West Bengal,Uttar Dinajpur,733202,74.0,277.0,78.0,429.0,0.2084507042253521,2.006960650871259
2025-09-18,West Bengal,Uttar Dinajpur,733207,74.0,267.0,82.0,423.0,0.21203438395415472,1.9953079402878664
2025-09-18,West Bengal,Uttar Dinajpur,733207,74.0,267.0,82.0,423.0,0.21203438395415472,1.9953079402878664
2025-09-19,Madhya Pradesh,Hoshangabad,461775,65.0,21.0,17.0,103.0,1.7105263157894737,1.0840058050165668
2025-09-19,West Bengal,Murshidabad,742202,77.0,226.0,74.0,377.0,0.25666666666666665,1.9199898104119497
2025-09-20,Tamil Nadu,Namakkal,638183,71.0,37.0,28.0,136.0,1.0923076923076922,1.2454586431722485
2025-09-22,Madhya Pradesh,Jhabua,457661,66.0,0.0,0.0,66.0,,0.9987389659520807
2025-09-23,Bihar,Purnia,854315,78.0,0.0,0.0,78.0,,1.180327868852459
2025-09-23,Uttar Pradesh,Saharanpur,247001,65.0,0.0,0.0,65.0,,0.9836065573770493
2025-09-24,Bihar,Araria,854311,65.0,0.0,0.0,65.0,,0.9836065573770493
2025-09-24,Bihar,Purnia,854315,86.0,0.0,0.0,86.0,,1.3013871374527113
2025-09-24,Maharashtra,Aurangabad,431001,66.0,0.0,0.0,66.0,,0.9987389659520807
2025-09-24,West Bengal,Uttar Dinajpur,733207,68.0,0.0,0.0,68.0,,1.0290037831021437
2025-09-25,Bihar,Purnia,854315,115.0,0.0,0.0,115.0,,1.7402269861286253
2025-09-25,West Bengal,Malda,732125,67.0,0.0,0.0,67.0,,1.0138713745271122
2025-10-13,Assam,Dhemaji,787059,100.0,67.0,0.0,167.0,1.492537313432836,1.6714276123136826
2025-10-13,Assam,Dhemaji,787059,100.0,67.0,0.0,167.0,1.492537313432836,1.6714276123136826
2025-10-13,Bihar,Araria,854311,94.0,153.0,0.0,247.0,0.6143790849673203,1.7836788461426814
2025-10-13,Bihar,Kishanganj,855101,70.0,295.0,2.0,367.0,0.2356902356902357,1.7617411470972122
2025-10-13,Bihar,Kishanganj,855107,74.0,269.0,3.0,346.0,0.27205882352941174,1.7638741897507821
2025-10-13,Bihar,Purnia,854315,113.0,282.0,1.0,396.0,0.3992932862190813,2.378752450192353
2025-10-13,Bihar,Purnia,854315,113.0,282.0,1.0,396.0,0.3992932862190813,2.378752450192353
2025-10-13,Bihar,Purnia,854330,98.0,0.0,0.0,98.0,,1.4829760403530896
2025-10-13,Bihar,West Champaran,845438,67.0,339.0,0.0,406.0,0.1976401179941003,1.814249133941585
2025-10-13,Bihar,West Champaran,845438,67.0,339.0,0.0,406.0,0.1976401179941003,1.814249133941585
2025-10-13,Maharashtra,Aurangabad,431001,78.0,0.0,0.0,78.0,,1.180327868852459
2025-10-13,Maharashtra,Thane,421302,69.0,144.0,5.0,218.0,0.46308724832214765,1.3990662307292476
2025-10-13,Maharashtra,Thane,421302,69.0,144.0,5.0,218.0,0.46308724832214765,1.3990662307292476
2025-10-13,Uttar Pradesh,Bahraich,271855,80.0,59.0,0.0,139.0,1.3559322033898304,1.3498914700894067
2025-10-13,Uttar Pradesh,Meerut,250002,70.0,73.0,0.0,143.0,0.958904109589041,1.2316213331054708
2025-10-13,Uttar Pradesh,Moradabad,244001,105.0,120.0,2.0,227.0,0.860655737704918,1.878201087643573
2025-10-13,Uttar Pradesh,Saharanpur,247001,74.0,120.0,3.0,197.0,0.6016260162601627,1.4120857350228868
2025-10-13,West Bengal,Murshidabad,742202,71.0,76.0,0.0,147.0,0.9342105263157895,1.2538367307018694
2025-10-13,West Bengal,Uttar Dinajpur,733202,68.0,0.0,0.0,68.0,,1.0290037831021437
2025-10-13,West Bengal,Uttar Dinajpur,733207,77.0,70.0,1.0,148.0,1.0845070422535212,1.3334545173146157
2025-10-13,West Bengal,Uttar Dinajpur,733210,69.0,0.0,0.0,69.0,,1.0441361916771754
2025-10-15,Bihar,Araria,854311,91.0,386.0,137.0,614.0,0.1739961759082218,2.697929676868637
2025-10-15,Bihar,Kishanganj,855101,70.0,0.0,202.0,272.0,0.3465346534653465,1.6631098677210059
2025-10-15,Bihar,Purnia,854315,88.0,485.0,182.0,755.0,0.13193403298350825,3.0207901830867527
2025-10-15,Maharashtra,Nashik,423203,72.0,192.0,639.0,903.0,0.08664259927797834,3.453015852950762
2025-10-15,Uttar Pradesh,Moradabad,244001,71.0,422.0,275.0,768.0,0.10186513629842181,2.89280259595458
2025-10-15,Uttar Pradesh,Moradabad,244001,71.0,422.0,275.0,768.0,0.10186513629842181,2.89280259595458
2025-10-17,Bihar,Araria,854311,209.0,304.0,101.0,614.0,0.5160493827160494,4.182336913414512
2025-10-17,Bihar,Araria,854312,94.0,243.0,82.0,419.0,0.28923076923076924,2.2412921996175608
2025-10-17,Bihar,Araria,854318,109.0,510.0,106.0,725.0,0.17694805194805194,3.170407868071684
2025-10-17,Bihar,Araria,854329,88.0,146.0,57.0,291.0,0.43349753694581283,1.8467482730108942
2025-10-17,Bihar,Araria,854333,101.0,0.0,86.0,187.0,1.1744186046511629,1.7854542017332171
2025-10-17,Bihar,Gaya,824232,73.0,154.0,54.0,281.0,0.35096153846153844,1.6296821754931936
2025-10-17,Bihar,Gaya,824232,73.0,154.0,54.0,281.0,0.35096153846153844,1.6296821754931936
2025-10-17,Bihar,Katihar,854317,150.0,344.0,219.0,713.0,0.2664298401420959,3.7367036193302274
2025-10-17,Bihar,Katihar,854317,150.0,344.0,219.0,713.0,0.2664298401420959,3.7367036193302274
2025-10-17,Bihar,Katihar,855102,78.0,293.0,128.0,499.0,0.18527315914489312,2.25473188688323
2025-10-17,Bihar,Katihar,855102,78.0,293.0,128.0,499.0,0.18527315914489312,2.25473188688323
2025-10-17,Bihar,Katihar,855113,90.0,353.0,124.0,567.0,0.18867924528301888,2.566023317389784
2025-10-17,Bihar,Kishanganj,855101,136.0,324.0,153.0,613.0,0.2851153039832285,3.2803353009214615
2025-10-17,Bihar,Kishanganj,855107,122.0,264.0,187.0,573.0,0.270509977827051,3.0284584494235767
2025-10-17,Bihar,Kishanganj,855117,79.0,233.0,165.0,477.0,0.1984924623115578,2.238809103626691
2025-10-17,Bihar,Kishanganj,855117,79.0,233.0,165.0,477.0,0.1984924623115578,2.238809103626691
2025-10-17,Bihar,Madhepura,852128,67.0,276.0,116.0,459.0,0.17091836734693877,2.012266696306644
2025-10-17,Bihar,Madhubani,847408,67.0,160.0,62.0,289.0,0.30180180180180183,1.576968207728067
2025-10-17,Bihar,Purnia,854204,86.0,223.0,47.0,356.0,0.31851851851851853,1.9683870420230072
2025-10-17,Bihar,Purnia,854304,86.0,135.0,121.0,342.0,0.3359375,1.9818285412544483
2025-10-17,Bihar,Purnia,854304,86.0,135.0,121.0,342.0,0.3359375,1.9818285412544483
2025-10-17,Bihar,Purnia,854315,163.0,342.0,131.0,636.0,0.34460887949260044,3.6656433760591107
2025-10-17,Bihar,Purnia,854330,103.0,120.0,91.0,314.0,0.4881516587677725,2.1139851457644165
2025-10-17,Bihar,Sheohar,843329,77.0,111.0,72.0,260.0,0.4207650273224044,1.6424966048489653
2025-10-17,Bihar,Sitamarhi,843324,77.0,148.0,64.0,289.0,0.3632075471698113,1.7059389638034967
2025-10-17,Bihar,Vaishali,844508,80.0,120.0,42.0,242.0,0.49382716049382713,1.6194634014794282
2025-10-17,Bihar,West Champaran,845438,77.0,436.0,104.0,617.0,0.1425925925925926,2.5054784380663735
2025-10-17,Delhi,North East Delhi,110094,90.0,112.0,162.0,364.0,0.3284671532846715,2.1106171011410284
2025-10-17,Delhi,South Delhi,110062,78.0,69.0,94.0,241.0,0.4785276073619632,1.6242320576412623
2025-10-17,Delhi,West Delhi,110059,67.0,168.0,124.0,359.0,0.22945205479452055,1.7811935971797594
2025-10-17,Jammu and Kashmir,Doda,182203,68.0,17.0,38.0,123.0,1.2363636363636363,1.1827346226909514
2025-10-17,Jharkhand,Deoghar,815353,105.0,86.0,96.0,287.0,0.5769230769230769,2.078922653365442
2025-10-17,Madhya Pradesh,Dhar,454001,88.0,46.0,51.0,185.0,0.9072164948453608,1.5927127597335806
2025-10-17,Madhya Pradesh,Katni,483501,72.0,75.0,72.0,219.0,0.4897959183673469,1.4818386937174033
2025-10-17,Madhya Pradesh,Sidhi,486661,73.0,117.0,92.0,282.0,0.3492822966507177,1.655919212697395
2025-10-17,Madhya Pradesh,Sidhi,486661,73.0,117.0,92.0,282.0,0.3492822966507177,1.655919212697395
2025-10-17,Madhya Pradesh,Singrauli,486886,98.0,0.0,106.0,204.0,0.9245283018867925,1.7998432401139444
2025-10-17,Maharashtra,Aurangabad,431001,110.0,0.0,345.0,455.0,0.3188405797101449,2.6958779990788924
2025-10-17,Maharashtra,Nashik,423203,115.0,120.0,765.0,1000.0,0.12994350282485875,4.310371149030985
2025-10-17,Uttar Pradesh,Aligarh,202001,102.0,279.0,266.0,647.0,0.1871559633027523,2.9973809662477766
2025-10-17,Uttar Pradesh,Bahraich,271855,71.0,74.0,137.0,282.0,0.33649289099526064,1.6586506471458367
2025-10-17,Uttar Pradesh,Budaun,243601,72.0,0.0,101.0,173.0,0.7128712871287128,1.3914540511366693
2025-10-17,Uttar Pradesh,Hapur,245101,68.0,0.0,126.0,194.0,0.5396825396825397,1.4056572469688204
2025-10-17,Uttar Pradesh,Lucknow,226003,69.0,121.0,80.0,270.0,0.34328358208955223,1.5689618052955985
2025-10-17,Uttar Pradesh,Meerut,250002,117.0,207.0,178.0,502.0,0.3038961038961039,2.7913157962948256
2025-10-17,Uttar Pradesh,Mirzapur,231001,65.0,0.0,122.0,187.0,0.5327868852459017,1.3483027684225615
2025-10-17,Uttar Pradesh,Moradabad,244001,152.0,0.0,240.0,392.0,0.6333333333333333,3.0175612726746524
2025-10-17,Uttar Pradesh,Rampur,244901,77.0,0.0,160.0,237.0,0.48125,1.6434855731240012
2025-10-17,Uttar Pradesh,Saharanpur,247001,125.0,186.0,173.0,484.0,0.34818941504178275,2.8478475757190536
2025-10-17,Uttar Pradesh,Shahjahanpur,242001,74.0,201.0,165.0,440.0,0.20218579234972678,2.0875951778569517
2025-10-17,Uttar Pradesh,Unnao,209801,66.0,0.0,117.0,183.0,0.5641025641025641,1.3484886109711376
2025-10-17,Uttarakhand,Nainital,263139,66.0,0.0,106.0,172.0,0.6226415094339622,1.3156061657129356
2025-10-17,West Bengal,Malda,732125,96.0,136.0,82.0,314.0,0.44036697247706424,2.018930408338867
2025-10-17,West Bengal,Murshidabad,742202,80.0,0.0,43.0,123.0,1.8604651162790697,1.3391331538300386
2025-10-17,West Bengal,South 24 Parganas,743329,81.0,0.0,100.0,181.0,0.81,1.5246564151066622
2025-10-17,West Bengal,Uttar Dinajpur,733201,69.0,0.0,39.0,108.0,1.7692307692307692,1.1607194066835276
2025-10-17,West Bengal,Uttar Dinajpur,733202,114.0,0.0,82.0,196.0,1.3902439024390243,1.970218260387463
2025-10-17,West Bengal,Uttar Dinajpur,733207,129.0,0.0,88.0,217.0,1.4659090909090908,2.2151402682446824
2025-10-17,West Bengal,Uttar Dinajpur,733210,141.0,0.0,117.0,258.0,1.205128205128205,2.483419254098502
2025-10-18,Bihar,Araria,854311,108.0,0.0,167.0,275.0,0.6467065868263473,2.133515431387016
2025-10-18,Bihar,Purnia,854315,65.0,0.0,208.0,273.0,0.3125,1.6053837040775947
2025-10-18,Uttar Pradesh,Moradabad,244001,83.0,307.0,396.0,786.0,0.11806543385490754,3.1645838175427774
2025-10-18,West Bengal,Uttar Dinajpur,733207,72.0,280.0,80.0,432.0,0.2,1.989757449153145
2025-10-18,West Bengal,Uttar Dinajpur,733210,82.0,686.0,124.0,892.0,0.10123456790123457,3.231175830161271
2025-10-19,Bihar,Araria,854311,98.0,284.0,146.0,528.0,0.22790697674418606,2.5899387290149987
2025-10-19,Bihar,Araria,854333,77.0,465.0,141.0,683.0,0.12706270627062707,2.684551920535358
2025-10-19,Bihar,Purnia,854315,80.0,263.0,171.0,514.0,0.18433179723502305,2.3427072816471393
2025-10-19,Maharashtra,Nashik,423203,79.0,169.0,1080.0,1328.0,0.0632506004803843,4.82292692067887
2025-10-19,Maharashtra,Nashik,423203,79.0,169.0,1080.0,1328.0,0.0632506004803843,4.82292692067887
2025-10-19,Uttar Pradesh,Bahraich,271855,71.0,74.0,176.0,321.0,0.284,1.7752338621521888
2025-10-19,Uttar Pradesh,Meerut,250002,83.0,201.0,251.0,535.0,0.1836283185840708,2.480867790687269
2025-10-19,Uttar Pradesh,Moradabad,244001,110.0,313.0,343.0,766.0,0.1676829268292683,3.428891227230936
2025-10-19,Uttar Pradesh,Moradabad,244001,110.0,313.0,343.0,766.0,0.1676829268292683,3.428891227230936
2025-10-19,Uttar Pradesh,Saharanpur,247001,87.0,0.0,267.0,354.0,0.3258426966292135,2.1146661718404625
2025-10-19,West Bengal,Uttar Dinajpur,733201,67.0,182.0,92.0,341.0,0.24452554744525548,1.7185895233768245
2025-10-19,West Bengal,Uttar Dinajpur,733201,67.0,182.0,92.0,341.0,0.24452554744525548,1.7185895233768245
2025-10-19,West Bengal,Uttar Dinajpur,733202,86.0,177.0,80.0,343.0,0.3346303501945525,1.9584285461366522
2025-10-19,West Bengal,Uttar Dinajpur,733207,103.0,310.0,129.0,542.0,0.23462414578587698,2.6761683522520556
2025-10-19,West Bengal,Uttar Dinajpur,733208,66.0,0.0,130.0,196.0,0.5076923076923077,1.3873496826399216
2025-10-19,West Bengal,Uttar Dinajpur,733210,103.0,1009.0,213.0,1325.0,0.08428805237315876,4.577607103475022
2025-10-24,Bihar,Araria,854311,71.0,0.0,151.0,222.0,0.47019867549668876,1.525787302826192
2025-10-24,West Bengal,Uttar Dinajpur,733207,75.0,370.0,59.0,504.0,0.17482517482517482,2.184868768208137
2025-10-24,West Bengal,Uttar Dinajpur,733210,74.0,826.0,111.0,1011.0,0.07897545357524013,3.4017949775560288
2025-10-25,Bihar,Araria,854311,65.0,185.0,87.0,337.0,0.23897058823529413,1.6804611292216731
2025-10-25,Uttar Pradesh,Bahraich,271855,87.0,85.0,95.0,267.0,0.48333333333333334,1.801188989469128
2025-10-25,West Bengal,Uttar Dinajpur,733207,68.0,463.0,153.0,684.0,0.11038961038961038,2.5795100091426564
2025-10-25,West Bengal,Uttar Dinajpur,733210,80.0,0.0,219.0,299.0,0.365296803652968,1.8652522779612695
2025-10-26,Uttar Pradesh,Bahraich,271855,81.0,149.0,182.0,412.0,0.24471299093655588,2.1215685526684265
2025-10-27,Uttar Pradesh,Bahraich,271855,99.0,0.0,139.0,238.0,0.7122302158273381,1.9136229844635817
2025-10-28,Meghalaya,East Khasi Hills,793121,78.0,21.0,6.0,105.0,2.888888888888889,1.2478446712337747
2025-10-28,Meghalaya,West Khasi Hills,793119,81.0,53.0,9.0,143.0,1.3064516129032258,1.3777617194693241
2025-10-30,Bihar,Araria,854311,69.0,0.0,49.0,118.0,1.4081632653061225,1.1906125387364386
2025-10-30,Delhi,North East Delhi,110094,112.0,0.0,177.0,289.0,0.632768361581921,2.2239381977400527
2025-10-30,Delhi,West Delhi,110059,77.0,186.0,158.0,421.0,0.2238372093023256,2.076652266038174
2025-10-30,Haryana,Faridabad,121004,86.0,149.0,144.0,379.0,0.2935153583617747,2.083636693742523
2025-10-30,Haryana,Mewat,122508,75.0,97.0,0.0,172.0,0.7731958762886598,1.3639472881515644
2025-10-30,Haryana,Mewat,122508,75.0,97.0,0.0,172.0,0.7731958762886598,1.3639472881515644
2025-10-30,Haryana,Panipat,132103,83.0,147.0,215.0,445.0,0.2292817679558011,2.245758712912184
2025-10-30,Jammu and Kashmir,Doda,182203,99.0,14.0,97.0,210.0,0.8918918918918919,1.8211257786077357
2025-10-30,Jharkhand,Jamtara,815352,69.0,36.0,28.0,133.0,1.078125,1.2128328296817301
2025-10-30,Madhya Pradesh,Barwani,451666,84.0,52.0,184.0,320.0,0.3559322033898305,1.9439277597799027
2025-10-30,Madhya Pradesh,Burhanpur,450331,75.0,46.0,150.0,271.0,0.3826530612244898,1.691933455581988
2025-10-30,Madhya Pradesh,Chhindwara,480001,65.0,41.0,87.0,193.0,0.5078125,1.340477656196056
2025-10-30,Madhya Pradesh,Dewas,455001,128.0,32.0,159.0,319.0,0.6701570680628273,2.487800980139899
2025-10-30,Madhya Pradesh,Dewas,455001,128.0,32.0,159.0,319.0,0.6701570680628273,2.487800980139899
2025-10-30,Madhya Pradesh,Dewas,455336,70.0,10.0,57.0,137.0,1.044776119402985,1.2532694163583553
2025-10-30,Madhya Pradesh,Guna,473001,70.0,65.0,113.0,248.0,0.39325842696629215,1.550525754579718
2025-10-30,Madhya Pradesh,Jabalpur,482001,83.0,89.0,122.0,294.0,0.3933649289099526,1.8308147970736834
2025-10-30,Madhya Pradesh,Jhabua,457661,159.0,68.0,149.0,376.0,0.7327188940092166,3.01200838216937
2025-10-30,Madhya Pradesh,Jhabua,457779,66.0,68.0,52.0,186.0,0.55,1.3147310037782027
2025-10-30,Madhya Pradesh,Katni,483501,92.0,87.0,109.0,288.0,0.46938775510204084,1.923423409899272
2025-10-30,Madhya Pradesh,Katni,483501,92.0,87.0,109.0,288.0,0.46938775510204084,1.923423409899272
2025-10-30,Madhya Pradesh,Khargone,451441,74.0,29.0,43.0,146.0,1.0277777777777777,1.316807596253064
2025-10-30,Madhya Pradesh,Khargone,451441,74.0,29.0,43.0,146.0,1.0277777777777777,1.316807596253064
2025-10-30,Madhya Pradesh,Panna,488220,77.0,35.0,32.0,144.0,1.1492537313432836,1.3434883547626908
2025-10-30,Madhya Pradesh,Panna,488220,77.0,35.0,32.0,144.0,1.1492537313432836,1.3434883547626908
2025-10-30,Madhya Pradesh,Sagar,470001,70.0,24.0,36.0,130.0,1.1666666666666667,1.223547787813622
2025-10-30,Madhya Pradesh,Sidhi,486661,93.0,70.0,107.0,270.0,0.5254237288135594,1.892440254275975
2025-10-30,Madhya Pradesh,Singrauli,486886,111.0,60.0,73.0,244.0,0.8345864661654135,2.0395769962420887
2025-10-30,Madhya Pradesh,Singrauli,486886,111.0,60.0,73.0,244.0,0.8345864661654135,2.0395769962420887
2025-10-30,Madhya Pradesh,Umaria,484661,77.0,52.0,95.0,224.0,0.5238095238095238,1.5719520244837755
2025-10-30,Maharashtra,Aurangabad,431001,108.0,152.0,637.0,897.0,0.13688212927756654,3.897364081623088
2025-10-30,Maharashtra,Aurangabad,431001,108.0,152.0,637.0,897.0,0.13688212927756654,3.897364081623088
2025-10-30,Maharashtra,Nashik,423203,90.0,107.0,475.0,672.0,0.15463917525773196,3.03446715269486
2025-10-30,Maharashtra,Nashik,423203,90.0,107.0,475.0,672.0,0.15463917525773196,3.03446715269486
2025-10-30,Maharashtra,Thane,400612,65.0,114.0,0.0,179.0,0.5701754385964912,1.252760140188996
2025-10-30,Maharashtra,Thane,421302,80.0,204.0,0.0,284.0,0.39215686274509803,1.6922359394554793
2025-10-30,Rajasthan,Alwar,301001,76.0,76.0,93.0,245.0,0.44970414201183434,1.6075049016690979
2025-10-30,Rajasthan,Jodhpur,342001,75.0,0.0,93.0,168.0,0.8064516129032258,1.4129367712194352
2025-10-30,Uttar Pradesh,Agra,282001,73.0,149.0,114.0,336.0,0.27756653992395436,1.7972359861083802
2025-10-30,Uttar Pradesh,Aligarh,202001,127.0,279.0,197.0,603.0,0.2668067226890756,3.1694285694584803
2025-10-30,Uttar Pradesh,Aligarh,202001,127.0,279.0,197.0,603.0,0.2668067226890756,3.1694285694584803
2025-10-30,Uttar Pradesh,Bahraich,271865,81.0,120.0,73.0,274.0,0.41968911917098445,1.7272645194184835
2025-10-30,Uttar Pradesh,Bareilly,243201,66.0,111.0,84.0,261.0,0.3384615384615385,1.5119118689871114
2025-10-30,Uttar Pradesh,Chitrakoot,210209,65.0,37.0,83.0,185.0,0.5416666666666666,1.3190764180130692
2025-10-30,Uttar Pradesh,Firozabad,283203,66.0,242.0,207.0,515.0,0.14699331848552338,2.188887913837608
2025-10-30,Uttar Pradesh,Gautam Buddha Nagar,201301,71.0,144.0,79.0,294.0,0.3183856502242152,1.6505402250708507
2025-10-30,Uttar Pradesh,Ghaziabad,201102,79.0,135.0,131.0,345.0,0.29699248120300753,1.9057948132821383
2025-10-30,Uttar Pradesh,Hapur,245101,80.0,118.0,116.0,314.0,0.3418803418803419,1.8359505859900573
2025-10-30,Uttar Pradesh,Hardoi,241001,77.0,107.0,117.0,301.0,0.34375,1.7675717137252416
2025-10-30,Uttar Pradesh,Hardoi,241001,77.0,107.0,117.0,301.0,0.34375,1.7675717137252416
2025-10-30,Uttar Pradesh,Kanpur Nagar,208001,86.0,134.0,143.0,363.0,0.3104693140794224,2.0452324354303966
2025-10-30,Uttar Pradesh,Kanpur Nagar,208001,86.0,134.0,143.0,363.0,0.3104693140794224,2.0452324354303966
2025-10-30,Uttar Pradesh,Lucknow,226003,100.0,106.0,96.0,302.0,0.49504950495049505,2.050480537299398
2025-10-30,Uttar Pradesh,Meerut,250001,68.0,109.0,101.0,278.0,0.3238095238095238,1.5882730179462117
2025-10-30,Uttar Pradesh,Meerut,250002,147.0,170.0,219.0,536.0,0.37789203084832906,3.2804930303658457
2025-10-30,Uttar Pradesh,Moradabad,244001,166.0,240.0,355.0,761.0,0.27899159663865547,4.13982513304293
2025-10-30,Uttar Pradesh,Muzaffarnagar,251001,98.0,81.0,111.0,290.0,0.5104166666666666,2.0060305097173092
2025-10-30,Uttar Pradesh,Muzaffarnagar,251001,98.0,81.0,111.0,290.0,0.5104166666666666,2.0060305097173092
2025-10-30,Uttar Pradesh,Rae Bareli,229001,68.0,83.0,64.0,215.0,0.46258503401360546,1.4162825244985937
2025-10-30,Uttar Pradesh,Rae Bareli,229001,68.0,83.0,64.0,215.0,0.46258503401360546,1.4162825244985937
2025-10-30,Uttar Pradesh,Rampur,244901,112.0,135.0,196.0,443.0,0.338368580060423,2.5994696546020992
2025-10-30,Uttar Pradesh,Rampur,244901,112.0,135.0,196.0,443.0,0.338368580060423,2.5994696546020992
2025-10-30,Uttar Pradesh,Saharanpur,247001,154.0,182.0,228.0,564.0,0.375609756097561,3.4416556653241543
2025-10-30,Uttar Pradesh,Saharanpur,247001,154.0,182.0,228.0,564.0,0.375609756097561,3.4416556653241543
2025-10-30,Uttar Pradesh,Shahjahanpur,242001,86.0,221.0,151.0,458.0,0.23118279569892472,2.2745536226923684
2025-10-30,Uttar Pradesh,Shamli,247775,67.0,48.0,62.0,177.0,0.6090909090909091,1.3125366175970317
2025-10-30,Uttarakhand,Dehradun,248001,83.0,96.0,175.0,354.0,0.3062730627306273,2.0057753713373008
2025-10-30,Uttarakhand,Nainital,263139,67.0,62.0,156.0,285.0,0.3073394495412844,1.626586007660773
2025-10-30,Uttarakhand,Nainital,263139,67.0,62.0,156.0,285.0,0.3073394495412844,1.626586007660773
2025-10-30,West Bengal,Murshidabad,742201,72.0,26.0,58.0,156.0,0.8571428571428571,1.3242994881610002
2025-10-30,West Bengal,Murshidabad,742202,103.0,84.0,75.0,262.0,0.6477987421383647,1.981160266223355
2025-10-30,West Bengal,Murshidabad,742224,75.0,38.0,68.0,181.0,0.7075471698113207,1.4279218020244737
2025-10-30,West Bengal,Murshidabad,742224,75.0,38.0,68.0,181.0,0.7075471698113207,1.4279218020244737
2025-10-30,West Bengal,South 24 Parganas,743329,115.0,150.0,164.0,429.0,0.3662420382165605,2.584623802864714
2025-10-30,West Bengal,South 24 Parganas,743329,115.0,150.0,164.0,429.0,0.3662420382165605,2.584623802864714
2025-10-30,West Bengal,South 24 Parganas,743355,77.0,89.0,79.0,245.0,0.4583333333333333,1.611479877795978
2025-10-30,West Bengal,Uttar Dinajpur,733201,66.0,0.0,63.0,129.0,1.0476190476190477,1.187065697885419
2025-10-30,West Bengal,Uttar Dinajpur,733202,156.0,224.0,85.0,465.0,0.5048543689320388,3.143610540416731
2025-10-30,West Bengal,Uttar Dinajpur,733207,148.0,252.0,118.0,518.0,0.4,3.1873065051238436
2025-10-30,West Bengal,Uttar Dinajpur,733208,82.0,131.0,84.0,297.0,0.3813953488372093,1.8012503329967293
2025-10-30,West Bengal,Uttar Dinajpur,733208,82.0,131.0,84.0,297.0,0.3813953488372093,1.8012503329967293
2025-10-30,West Bengal,Uttar Dinajpur,733210,114.0,203.0,116.0,433.0,0.3573667711598746,2.551137166479861
2025-10-30,West Bengal,Uttar Dinajpur,733215,77.0,55.0,29.0,161.0,0.9166666666666666,1.3817403419559309
2025-10-31,Madhya Pradesh,Jhabua,457661,86.0,129.0,150.0,365.0,0.30824372759856633,2.054352646165156
2025-10-31,Uttar Pradesh,Meerut,250002,109.0,285.0,189.0,583.0,0.229957805907173,2.887296687508318
2025-10-31,Uttar Pradesh,Moradabad,244001,87.0,449.0,333.0,869.0,0.11125319693094629,3.3720482002542704
2025-10-31,Uttar Pradesh,Rampur,244901,71.0,291.0,156.0,518.0,0.15883668903803133,2.2277838039252478
2025-10-31,Uttar Pradesh,Saharanpur,247001,86.0,275.0,191.0,552.0,0.18454935622317598,2.521619953288618
2025-11-02,Delhi,North East Delhi,110094,76.0,0.0,205.0,281.0,0.37073170731707317,1.7628722587870682
2025-11-02,Delhi,North West Delhi,110086,65.0,107.0,252.0,424.0,0.181058495821727,1.9895400935391598
2025-11-02,Delhi,West Delhi,110059,85.0,167.0,193.0,445.0,0.2361111111111111,2.257478566354956
2025-11-02,Haryana,Faridabad,121004,76.0,121.0,278.0,475.0,0.19047619047619047,2.266772679968454
2025-11-02,Jammu and Kashmir,Doda,182203,88.0,5.0,46.0,139.0,1.7254901960784315,1.4809653437484427
2025-11-02,Jharkhand,Deoghar,815353,66.0,42.0,99.0,207.0,0.46808510638297873,1.3938428195750363
2025-11-02,Madhya Pradesh,Alirajpur,457990,94.0,24.0,132.0,250.0,0.6025641025641025,1.873699661322323
2025-11-02,Madhya Pradesh,Barwani,451666,76.0,0.0,341.0,417.0,0.22287390029325513,2.169418854706656
2025-11-02,Madhya Pradesh,Dewas,455001,111.0,29.0,215.0,355.0,0.45491803278688525,2.3908685848392968
2025-11-02,Madhya Pradesh,Jhabua,457661,140.0,62.0,239.0,441.0,0.46511627906976744,2.9793648296772344
2025-11-02,Madhya Pradesh,Jhabua,457779,73.0,0.0,120.0,193.0,0.6083333333333333,1.4633834106122316
2025-11-02,Madhya Pradesh,Mandsaur,458883,68.0,0.0,39.0,107.0,1.7435897435897436,1.145586998108496
2025-11-02,Madhya Pradesh,Morena,476001,70.0,38.0,160.0,268.0,0.35353535353535354,1.6272765740360957
2025-11-02,Madhya Pradesh,Ratlam,457001,102.0,38.0,483.0,623.0,0.19577735124760076,3.077061813746125
2025-11-02,Maharashtra,Aurangabad,431001,123.0,86.0,607.0,816.0,0.1774891774891775,3.8788450556197533
2025-11-02,Maharashtra,Nashik,423203,83.0,0.0,502.0,585.0,0.16533864541832669,2.7566251407837408
2025-11-02,Maharashtra,Thane,421302,82.0,176.0,0.0,258.0,0.4659090909090909,1.6563928590727834
2025-11-02,Punjab,Amritsar,143001,87.0,0.0,209.0,296.0,0.41626794258373206,1.9412860059335795
2025-11-02,Uttar Pradesh,Agra,282001,67.0,115.0,152.0,334.0,0.250936329588015,1.7397615608837593
2025-11-02,Uttar Pradesh,Agra,282001,67.0,115.0,152.0,334.0,0.250936329588015,1.7397615608837593
2025-11-02,Uttar Pradesh,Aligarh,202001,88.0,0.0,406.0,494.0,0.21674876847290642,2.5453131159509548
2025-11-02,Uttar Pradesh,Ghaziabad,201001,103.0,90.0,216.0,409.0,0.3366013071895425,2.4168194062121318
2025-11-02,Uttar Pradesh,Ghaziabad,201102,69.0,177.0,122.0,368.0,0.23076923076923078,1.8267287549833415
2025-11-02,Uttar Pradesh,Hapur,245101,71.0,76.0,259.0,406.0,0.21194029850746268,2.0280688508722604
2025-11-02,Uttar Pradesh,Kanpur Nagar,208001,67.0,89.0,140.0,296.0,0.2925764192139738,1.642503897568419
2025-11-02,Uttar Pradesh,Lucknow,226003,85.0,62.0,125.0,272.0,0.45454545454545453,1.806300652647317
2025-11-02,Uttar Pradesh,Meerut,250001,67.0,87.0,217.0,371.0,0.22039473684210525,1.8679590216949211
2025-11-02,Uttar Pradesh,Meerut,250002,173.0,136.0,374.0,683.0,0.3392156862745098,4.057005324561292
2025-11-02,Uttar Pradesh,Moradabad,244001,186.0,167.0,684.0,1037.0,0.21856639247943596,5.253604616231063
2025-11-02,Uttar Pradesh,Pilibhit,262122,65.0,73.0,238.0,376.0,0.2090032154340836,1.8674158330895914
2025-11-02,Uttar Pradesh,Rampur,244901,117.0,89.0,294.0,500.0,0.30548302872062666,2.8594785599348223
2025-11-02,Uttar Pradesh,Saharanpur,247001,128.0,123.0,357.0,608.0,0.26666666666666666,3.2945356617690007
2025-11-02,Uttar Pradesh,Shahjahanpur,242001,69.0,138.0,306.0,513.0,0.1554054054054054,2.28468352747913
2025-11-02,Uttar Pradesh,Unnao,209801,93.0,141.0,178.0,412.0,0.29153605015673983,2.2723122320239946
2025-11-02,West Bengal,Murshidabad,742133,66.0,37.0,33.0,136.0,0.9428571428571428,1.1847431663235464
2025-11-02,West Bengal,Murshidabad,742189,68.0,0.0,65.0,133.0,1.0461538461538462,1.2233091414460642
2025-11-02,West Bengal,Murshidabad,742202,96.0,97.0,25.0,218.0,0.7868852459016393,1.756460698359504
2025-11-02,West Bengal,North 24 Parganas,743423,65.0,81.0,52.0,198.0,0.48872180451127817,1.330291547629095
2025-11-02,West Bengal,South 24 Parganas,743329,111.0,114.0,105.0,330.0,0.5068493150684932,2.26272882119601
2025-11-02,West Bengal,South 24 Parganas,743338,83.0,0.0,67.0,150.0,1.2388059701492538,1.4562738964821191
2025-11-02,West Bengal,South 24 Parganas,743349,67.0,0.0,87.0,154.0,0.7701149425287356,1.2739416233874363
2025-11-03,Meghalaya,East Khasi Hills,793015,107.0,5.0,8.0,120.0,8.23076923076923,1.6548872048729801
2025-11-05,Bihar,Araria,854311,76.0,0.0,82.0,158.0,0.926829268292683,1.395186734536265
2025-11-05,Bihar,Purnia,854204,65.0,113.0,54.0,232.0,0.38922155688622756,1.4118220569342588
2025-11-05,Bihar,Purnia,854315,81.0,147.0,137.0,365.0,0.2852112676056338,1.982327465749416
2025-11-05,Haryana,Faridabad,121004,67.0,182.0,172.0,421.0,0.18926553672316385,1.9577345798001113
2025-11-05,Jharkhand,Sahebganj,816108,102.0,60.0,38.0,200.0,1.0408163265306123,1.7987593568816171
2025-11-05,Madhya Pradesh,Betul,460330,68.0,51.0,49.0,168.0,0.68,1.2958909435246462
2025-11-05,Madhya Pradesh,Dewas,455001,87.0,81.0,165.0,333.0,0.35365853658536583,2.0009969284776807
2025-11-05,Madhya Pradesh,Ratlam,457001,69.0,0.0,164.0,233.0,0.42073170731707316,1.5343835573449132
2025-11-05,Madhya Pradesh,Umaria,484661,69.0,37.0,70.0,176.0,0.6448598130841121,1.3407449806444112
2025-11-05,Maharashtra,Aurangabad,431001,79.0,0.0,753.0,832.0,0.1049136786188579,3.4464131210116773
2025-11-05,Uttar Pradesh,Meerut,250002,94.0,226.0,247.0,567.0,0.19873150105708245,2.6943919407028436
2025-11-05,Uttar Pradesh,Moradabad,244001,124.0,297.0,380.0,801.0,0.1831610044313146,3.713573594429856
2025-11-05,Uttar Pradesh,Rampur,244901,76.0,217.0,175.0,468.0,0.19387755102040816,2.1855290685072166
2025-11-05,Uttar Pradesh,Shahjahanpur,242001,79.0,208.0,141.0,428.0,0.22636103151862463,2.108040678188313
2025-11-05,Uttar Pradesh,Unnao,209801,111.0,152.0,104.0,367.0,0.43359375,2.349457368928034
2025-11-05,West Bengal,Murshidabad,742202,102.0,195.0,41.0,338.0,0.4322033898305085,2.1264618024590063
2025-11-05,West Bengal,South 24 Parganas,743502,80.0,218.0,66.0,364.0,0.28169014084507044,1.9225845597710702
2025-11-05,West Bengal,Uttar Dinajpur,733202,66.0,427.0,93.0,586.0,0.12692307692307692,2.284890531418724
2025-11-05,West Bengal,Uttar Dinajpur,733208,69.0,211.0,81.0,361.0,0.2363013698630137,1.7844407891419
2025-11-05,West Bengal,Uttar Dinajpur,733210,104.0,332.0,108.0,544.0,0.23636363636363636,2.680467103005999
2025-11-06,Uttar Pradesh,Moradabad,244001,69.0,424.0,715.0,1208.0,0.06057945566286216,4.182557581813506
2025-11-07,Assam,Barpeta,781308,72.0,0.0,85.0,157.0,0.8470588235294118,1.343625039852012
2025-11-08,Madhya Pradesh,Dewas,455001,67.0,60.0,126.0,253.0,0.3602150537634409,1.5321846188211292
2025-11-08,Madhya Pradesh,Dewas,455001,67.0,60.0,126.0,253.0,0.3602150537634409,1.5321846188211292
2025-11-08,Meghalaya,West Garo Hills,794104,66.0,56.0,42.0,164.0,0.673469387755102,1.256505915639824
2025-11-08,Uttar Pradesh,Meerut,250002,74.0,288.0,154.0,516.0,0.167420814479638,2.260119414218394
2025-11-08,Uttar Pradesh,Moradabad,244001,65.0,444.0,268.0,777.0,0.09129213483146068,2.8330248715573783
2025-11-09,Uttar Pradesh,Moradabad,244001,69.0,315.0,455.0,839.0,0.08961038961038961,3.1479875473281558
2025-11-09,Uttar Pradesh,Unnao,209801,71.0,115.0,104.0,290.0,0.3242009132420091,1.6568041613299131
2025-11-10,Delhi,North West Delhi,110086,65.0,198.0,256.0,519.0,0.14317180616740088,2.21634801334179
2025-11-10,Delhi,West Delhi,110059,69.0,256.0,184.0,509.0,0.15681818181818183,2.198584884607387
2025-11-10,Madhya Pradesh,Ratlam,457001,82.0,114.0,223.0,419.0,0.2433234421364985,2.1766279307444436
2025-11-10,Maharashtra,Aurangabad,431001,91.0,463.0,489.0,1043.0,0.09558823529411764,3.9319646433461855
2025-11-10,Maharashtra,Nashik,423203,74.0,198.0,496.0,768.0,0.10662824207492795,3.0699748597869334
2025-11-10,Uttar Pradesh,Ghaziabad,201102,72.0,212.0,0.0,284.0,0.33962264150943394,1.5900646415788724
2025-11-10,Uttar Pradesh,Meerut,250002,107.0,259.0,329.0,695.0,0.18197278911564627,3.214149814247159
2025-11-10,Uttar Pradesh,Moradabad,244001,129.0,347.0,647.0,1123.0,0.12977867203219315,4.705432080140517
2025-11-10,Uttar Pradesh,Rampur,244901,66.0,287.0,0.0,353.0,0.22996515679442509,1.6763449156628585
2025-11-10,Uttar Pradesh,Saharanpur,247001,76.0,276.0,0.0,352.0,0.2753623188405797,1.8016980416681614
2025-11-10,Uttar Pradesh,Unnao,209801,69.0,241.0,0.0,310.0,0.2863070539419087,1.6131363097269924
2025-11-10,West Bengal,Murshidabad,742202,66.0,151.0,33.0,250.0,0.358695652173913,1.4538967491354928
2025-11-10,West Bengal,Uttar Dinajpur,733207,68.0,248.0,87.0,403.0,0.20298507462686566,1.8746011243954748
2025-11-10,West Bengal,Uttar Dinajpur,733210,74.0,165.0,77.0,316.0,0.30578512396694213,1.7395397475349323
2025-11-12,Madhya Pradesh,Gwalior,474001,79.0,0.0,89.0,168.0,0.8876404494382022,1.461509152698397
2025-11-12,Meghalaya,East Khasi Hills,793121,65.0,20.0,33.0,118.0,1.2264150943396226,1.1294738199607686
2025-11-12,Meghalaya,West Khasi Hills,793119,147.0,67.0,76.0,290.0,1.027972027972028,2.6098386189422866
2025-11-13,Rajasthan,Jodhpur,342001,93.0,129.0,167.0,389.0,0.3141891891891892,2.2110978306803246
2025-11-13,Rajasthan,Jodhpur,342012,68.0,0.0,1.0,69.0,68.0,1.0319930963074349
2025-11-15,Chhattisgarh,Rajnandgaon,491441,73.0,0.0,60.0,133.0,1.2166666666666666,1.2840246182947666
2025-11-15,Delhi,North East Delhi,110094,72.0,167.0,146.0,385.0,0.23003194888178913,1.9202595342308657
2025-11-15,Delhi,South Delhi,110062,78.0,0.0,107.0,185.0,0.7289719626168224,1.5001843818186051
2025-11-15,Delhi,West Delhi,110059,98.0,0.0,113.0,211.0,0.8672566371681416,1.8207684325509823
2025-11-15,Gujarat,Kachchh,370001,72.0,0.0,35.0,107.0,2.057142857142857,1.1941593795874579
2025-11-15,Gujarat,Surat,395006,68.0,119.0,88.0,275.0,0.3285024154589372,1.573021909681984
2025-11-15,Haryana,Faridabad,121004,79.0,149.0,101.0,329.0,0.316,1.849169365889785
2025-11-15,Haryana,Mewat,122508,68.0,0.0,58.0,126.0,1.1724137931034482,1.2023839490090267
2025-11-15,Haryana,Panipat,132103,76.0,147.0,137.0,360.0,0.2676056338028169,1.9066654228742583
2025-11-15,Jharkhand,Chatra,825103,82.0,23.0,30.0,135.0,1.5471698113207548,1.384839815141798
2025-11-15,Jharkhand,Deoghar,815353,105.0,82.0,72.0,259.0,0.6818181818181818,1.9977351510766332
2025-11-15,Jharkhand,Dhanbad,828109,67.0,73.0,47.0,187.0,0.5583333333333333,1.3267218280290574
2025-11-15,Jharkhand,Ranchi,835202,80.0,5.0,0.0,85.0,16.0,1.2223976677048003
2025-11-15,Jharkhand,Sahebganj,816108,102.0,82.0,36.0,220.0,0.864406779661017,1.84472264996106
2025-11-15,Jharkhand,West Singhbhum,833214,79.0,92.0,55.0,226.0,0.5374149659863946,1.5770841670404219
2025-11-15,Madhya Pradesh,Bhopal,462001,74.0,52.0,84.0,210.0,0.5441176470588235,1.493672353500479
2025-11-15,Madhya Pradesh,Chhatarpur,471501,70.0,14.0,9.0,93.0,3.0434782608695654,1.119226367866206
2025-11-15,Madhya Pradesh,Chhindwara,480001,66.0,47.0,53.0,166.0,0.66,1.2681393938339247
2025-11-15,Madhya Pradesh,Datia,475661,70.0,56.0,32.0,158.0,0.7954545454545454,1.2871424178870392
2025-11-15,Madhya Pradesh,Dewas,455001,112.0,41.0,100.0,253.0,0.7943262411347518,2.090561930891322
2025-11-15,Madhya Pradesh,Guna,473001,65.0,48.0,66.0,179.0,0.5701754385964912,1.294229053268133
2025-11-15,Madhya Pradesh,Indore,452001,93.0,56.0,74.0,223.0,0.7153846153846154,1.7607389697349898
2025-11-15,Madhya Pradesh,Jabalpur,482001,77.0,71.0,111.0,259.0,0.4230769230769231,1.6646399662370908
2025-11-15,Madhya Pradesh,Katni,483501,83.0,48.0,43.0,174.0,0.9120879120879121,1.4978582038970056
2025-11-15,Madhya Pradesh,Morena,476001,100.0,74.0,66.0,240.0,0.7142857142857143,1.8852492582460838
2025-11-15,Madhya Pradesh,Morena,476221,72.0,31.0,41.0,144.0,1.0,1.2852861453733302
2025-11-15,Madhya Pradesh,Morena,476229,77.0,42.0,31.0,150.0,1.0547945205479452,1.3570260159405896
2025-11-15,Madhya Pradesh,Neemuch,458441,66.0,46.0,46.0,158.0,0.717391304347826,1.2448532050564314
2025-11-15,Madhya Pradesh,Rajgarh,465674,70.0,24.0,39.0,133.0,1.1111111111111112,1.2325157274294953
2025-11-15,Madhya Pradesh,Ratlam,457001,134.0,91.0,91.0,316.0,0.7362637362637363,2.5146209177171794
2025-11-15,Madhya Pradesh,Sidhi,486661,81.0,36.0,44.0,161.0,1.0125,1.4422507438667655
2025-11-15,Maharashtra,Aurangabad,431001,100.0,418.0,459.0,977.0,0.11402508551881414,3.872232089042231
2025-11-15,Maharashtra,Nashik,423203,136.0,182.0,347.0,665.0,0.2570888468809074,3.525000582403226
2025-11-15,Maharashtra,Thane,421302,101.0,451.0,313.0,865.0,0.13219895287958114,3.528837648879802
2025-11-15,Rajasthan,Alwar,301001,67.0,87.0,94.0,248.0,0.3701657458563536,1.5002734974441176
2025-11-15,Rajasthan,Jalor,343041,67.0,56.0,55.0,178.0,0.6036036036036037,1.3104993958836395
2025-11-15,Rajasthan,Jodhpur,342001,102.0,0.0,88.0,190.0,1.1590909090909092,1.806565236718831
2025-11-15,Uttar Pradesh,Agra,282001,86.0,194.0,74.0,354.0,0.3208955223880597,1.980629604692652
2025-11-15,Uttar Pradesh,Aligarh,202001,111.0,0.0,155.0,266.0,0.7161290322580646,2.1430408986486174
2025-11-15,Uttar Pradesh,Bareilly,243503,75.0,312.0,68.0,455.0,0.19736842105263158,2.074834799309328
2025-11-15,Uttar Pradesh,Budaun,243601,68.0,234.0,124.0,426.0,0.18994413407821228,1.9521517642248656
2025-11-15,Uttar Pradesh,Bulandshahr,203001,69.0,241.0,131.0,441.0,0.18548387096774194,2.0047363396201243
2025-11-15,Uttar Pradesh,Fatehpur,212601,70.0,147.0,73.0,290.0,0.3181818181818182,1.62455492628544
2025-11-15,Uttar Pradesh,Gautam Buddha Nagar,201301,66.0,0.0,66.0,132.0,1.0,1.196033637501292
2025-11-15,Uttar Pradesh,Ghaziabad,201001,82.0,132.0,90.0,304.0,0.36936936936936937,1.8215472085689313
2025-11-15,Uttar Pradesh,Ghaziabad,201102,95.0,0.0,123.0,218.0,0.7723577235772358,1.8052643388787981
2025-11-15,Uttar Pradesh,Hapur,245101,104.0,177.0,141.0,422.0,0.3270440251572327,2.4131600060099756
2025-11-15,Uttar Pradesh,Kanpur Nagar,208001,102.0,218.0,101.0,421.0,0.31974921630094044,2.3601235106069516
2025-11-15,Uttar Pradesh,Kheri,262701,65.0,136.0,54.0,255.0,0.34210526315789475,1.4661249727647394
2025-11-15,Uttar Pradesh,Lucknow,226003,65.0,0.0,89.0,154.0,0.7303370786516854,1.2496554326479559
2025-11-15,Uttar Pradesh,Meerut,250001,74.0,155.0,91.0,320.0,0.3008130081300813,1.7577801690044508
2025-11-15,Uttar Pradesh,Meerut,250002,147.0,401.0,147.0,695.0,0.26824817518248173,3.610652634230148
2025-11-15,Uttar Pradesh,Mirzapur,231001,86.0,0.0,86.0,172.0,1.0,1.5584680731077445
2025-11-15,Uttar Pradesh,Moradabad,244001,148.0,493.0,317.0,958.0,0.18271604938271604,4.3511799510265865
2025-11-15,Uttar Pradesh,Pilibhit,262001,91.0,253.0,147.0,491.0,0.2275,2.413810295640943
2025-11-15,Uttar Pradesh,Rampur,244901,101.0,0.0,131.0,232.0,0.7709923664122137,1.919973295971316
2025-11-15,Uttar Pradesh,Saharanpur,247554,67.0,110.0,51.0,228.0,0.4161490683229814,1.4260359454470815
2025-11-15,Uttar Pradesh,Shahjahanpur,242001,81.0,365.0,180.0,626.0,0.14862385321100918,2.6255651357962693
2025-11-15,Uttar Pradesh,Shamli,247774,92.0,0.0,130.0,222.0,0.7076923076923077,1.7807923055907413
2025-11-15,Uttar Pradesh,Shamli,247776,70.0,0.0,112.0,182.0,0.625,1.3940716792448082
2025-11-15,Uttar Pradesh,Unnao,209801,77.0,0.0,98.0,175.0,0.7857142857142857,1.458148154395954
2025-11-15,Uttar Pradesh,Varanasi,221001,72.0,297.0,89.0,458.0,0.18652849740932642,2.0567982057885112
2025-11-15,West Bengal,Malda,732125,85.0,98.0,45.0,228.0,0.5944055944055944,1.6521514644804343
2025-11-15,West Bengal,Uttar Dinajpur,733202,67.0,0.0,48.0,115.0,1.3958333333333333,1.1573584083810842
2025-11-16,Madhya Pradesh,Ratlam,457001,79.0,0.0,237.0,316.0,0.3333333333333333,1.9039275070814776
2025-11-18,Delhi,West Delhi,110059,66.0,0.0,171.0,237.0,0.38596491228070173,1.5099115240568561
2025-11-18,Jharkhand,Palamu,822113,88.0,127.0,85.0,300.0,0.41509433962264153,1.8855901122903869
2025-11-18,Madhya Pradesh,Ratlam,457001,73.0,119.0,167.0,359.0,0.25524475524475526,1.8848396957751374
2025-11-18,Maharashtra,Aurangabad,431001,84.0,488.0,665.0,1237.0,0.07285342584562012,4.411181815963587
2025-11-18,Maharashtra,Nashik,423203,86.0,203.0,487.0,776.0,0.1246376811594203,3.236464925541971
2025-11-18,Maharashtra,Thane,421302,65.0,466.0,520.0,1051.0,0.06592292089249494,3.6382737187807566
2025-11-18,Maharashtra,Thane,421302,65.0,466.0,520.0,1051.0,0.06592292089249494,3.6382737187807566
2025-11-18,Uttar Pradesh,Meerut,250002,96.0,510.0,336.0,942.0,0.11347517730496454,3.661228593813224
2025-11-18,Uttar Pradesh,Moradabad,244001,115.0,0.0,598.0,713.0,0.19230769230769232,3.5278362828926935
2025-11-18,Uttar Pradesh,Saharanpur,247001,79.0,453.0,406.0,938.0,0.0919674039580908,3.4786527810020904
2025-11-18,Uttar Pradesh,Unnao,209801,72.0,266.0,162.0,500.0,0.16822429906542055,2.2018271832206344
2025-11-19,Assam,Sonitpur,784171,119.0,3.0,0.0,122.0,39.666666666666664,1.8078396094501186
2025-11-19,Bihar,Kishanganj,855101,90.0,195.0,98.0,383.0,0.30716723549488056,2.11526375226022
2025-11-19,Bihar,Lakhisarai,811311,72.0,185.0,56.0,313.0,0.2987551867219917,1.6937192798828702
2025-11-19,Bihar,Purnia,854315,78.0,172.0,63.0,313.0,0.33191489361702126,1.774745971344173
2025-11-19,Bihar,Sheohar,843329,72.0,173.0,0.0,245.0,0.4161849710982659,1.497985784301101
2025-11-19,Chhattisgarh,Dakshin Bastar Dantewada,494441,72.0,33.0,18.0,123.0,1.411764705882353,1.2212539343325466
2025-11-19,Delhi,North West Delhi,110086,88.0,218.0,132.0,438.0,0.25142857142857145,2.240938499920534
2025-11-19,Delhi,South Delhi,110062,70.0,163.0,88.0,321.0,0.2788844621513944,1.7071705658120968
2025-11-19,Delhi,West Delhi,110059,83.0,333.0,99.0,515.0,0.19212962962962962,2.3381437004231733
2025-11-19,Haryana,Faridabad,121004,98.0,248.0,114.0,460.0,0.27071823204419887,2.4092848381892797
2025-11-19,Haryana,Faridabad,121004,98.0,248.0,114.0,460.0,0.27071823204419887,2.4092848381892797
2025-11-19,Haryana,Mewat,122508,88.0,130.0,43.0,261.0,0.5086705202312138,1.767121946689528
2025-11-19,Haryana,Palwal,121102,101.0,136.0,83.0,320.0,0.4611872146118721,2.0975817644193153
2025-11-19,Haryana,Panipat,132103,86.0,251.0,127.0,464.0,0.2275132275132275,2.2736399959790528
2025-11-19,Jharkhand,Deoghar,815353,73.0,152.0,69.0,294.0,0.33031674208144796,1.6697998808916485
2025-11-19,Jharkhand,Garhwa,822114,97.0,156.0,65.0,318.0,0.43891402714932126,2.0304644192330636
2025-11-19,Jharkhand,Garhwa,822114,97.0,156.0,65.0,318.0,0.43891402714932126,2.0304644192330636
2025-11-19,Jharkhand,Palamu,822113,91.0,0.0,35.0,126.0,2.6,1.4816751425130568
2025-11-19,Jharkhand,Palamu,822118,85.0,154.0,33.0,272.0,0.45454545454545453,1.7484955010824592
2025-11-19,Jharkhand,Palamu,822118,85.0,154.0,33.0,272.0,0.45454545454545453,1.7484955010824592
2025-11-19,Jharkhand,Palamu,822122,74.0,85.0,15.0,174.0,0.74,1.3653226215704313
2025-11-19,Jharkhand,Sahebganj,816108,87.0,124.0,43.0,254.0,0.5209580838323353,1.7378235600717626
2025-11-19,Madhya Pradesh,Dewas,455001,73.0,0.0,100.0,173.0,0.73,1.4035971465064099
2025-11-19,Madhya Pradesh,Guna,473001,65.0,96.0,67.0,228.0,0.3987730061349693,1.4105461908152965
2025-11-19,Madhya Pradesh,Jabalpur,482001,70.0,148.0,101.0,319.0,0.28112449799196787,1.7106166923740458
2025-11-19,Madhya Pradesh,Katni,483501,68.0,139.0,62.0,269.0,0.3383084577114428,1.5425196931535297
2025-11-19,Madhya Pradesh,Morena,476001,94.0,174.0,0.0,268.0,0.5402298850574713,1.8332597692922503
2025-11-19,Madhya Pradesh,Ratlam,457001,89.0,125.0,90.0,304.0,0.413953488372093,1.9109470942109625
2025-11-19,Madhya Pradesh,Shivpuri,473551,74.0,106.0,0.0,180.0,0.6981132075471698,1.370063846640634
2025-11-19,Madhya Pradesh,Sidhi,486661,74.0,78.0,0.0,152.0,0.9487179487179487,1.3039559491078754
2025-11-19,Madhya Pradesh,Singrauli,486886,80.0,97.0,0.0,177.0,0.8247422680412371,1.4396093310267224
2025-11-19,Maharashtra,Aurangabad,431001,88.0,0.0,374.0,462.0,0.23529411764705882,2.4496550933816397
2025-11-19,Maharashtra,Nashik,423203,129.0,171.0,296.0,596.0,0.2762312633832976,3.240647789163148
2025-11-19,Maharashtra,Thane,421302,77.0,0.0,374.0,451.0,0.20588235294117646,2.283198599056293
2025-11-19,Rajasthan,Bharatpur,321001,66.0,108.0,49.0,223.0,0.42038216560509556,1.4002029177805564
2025-11-19,Rajasthan,Jalor,343041,116.0,0.0,65.0,181.0,1.7846153846153847,1.9496647530475772
2025-11-19,Uttar Pradesh,Agra,282001,65.0,371.0,88.0,524.0,0.14161220043572983,2.1225957617517195
2025-11-19,Uttar Pradesh,Aligarh,202001,70.0,1538.0,145.0,1753.0,0.041592394533571005,5.123931386640239
2025-11-19,Uttar Pradesh,Bareilly,243505,95.0,183.0,43.0,321.0,0.42035398230088494,1.9981816127588994
2025-11-19,Uttar Pradesh,Budaun,243601,89.0,0.0,76.0,165.0,1.1710526315789473,1.5739721667799282
2025-11-19,Uttar Pradesh,Bulandshahr,203001,73.0,0.0,94.0,167.0,0.776595744680851,1.3856612672746633
2025-11-19,Uttar Pradesh,Chitrakoot,210205,70.0,131.0,47.0,248.0,0.39325842696629215,1.509056841500581
2025-11-19,Uttar Pradesh,Fatehpur,212601,65.0,0.0,73.0,138.0,0.8904109589041096,1.2018264213632983
2025-11-19,Uttar Pradesh,Ghaziabad,201001,73.0,228.0,97.0,398.0,0.2246153846153846,1.9329363725144302
2025-11-19,Uttar Pradesh,Hardoi,241001,66.0,205.0,87.0,358.0,0.22602739726027396,1.7428134646058178
2025-11-19,Uttar Pradesh,Kheri,262804,82.0,0.0,80.0,162.0,1.025,1.480002559575872
2025-11-19,Uttar Pradesh,Lalitpur,284403,72.0,0.0,68.0,140.0,1.0588235294117647,1.2928067153620637
2025-11-19,Uttar Pradesh,Meerut,250002,146.0,0.0,159.0,305.0,0.9182389937106918,2.6846324515958853
2025-11-19,Uttar Pradesh,Mirzapur,231001,89.0,241.0,82.0,412.0,0.2755417956656347,2.1609081640614916
2025-11-19,Uttar Pradesh,Moradabad,244001,234.0,0.0,298.0,532.0,0.785234899328859,4.43179894173412
2025-11-19,Uttar Pradesh,Muzaffarnagar,251001,70.0,0.0,53.0,123.0,1.320754716981132,1.2177022001326343
2025-11-19,Uttar Pradesh,Pilibhit,262001,67.0,0.0,143.0,210.0,0.46853146853146854,1.4413431628837372
2025-11-19,Uttar Pradesh,Saharanpur,247001,125.0,561.0,222.0,908.0,0.15964240102171137,3.879697550449194
2025-11-19,Uttar Pradesh,Saharanpur,247554,78.0,162.0,43.0,283.0,0.3804878048780488,1.6913497438337945
2025-11-19,Uttar Pradesh,Sambhal,244302,67.0,0.0,83.0,150.0,0.8072289156626506,1.261984370566272
2025-11-19,Uttar Pradesh,Shahjahanpur,242001,121.0,0.0,127.0,248.0,0.952755905511811,2.2106642146507824
2025-11-19,Uttar Pradesh,Shamli,247774,78.0,229.0,112.0,419.0,0.2287390029325513,2.0557991098094095
2025-11-19,Uttar Pradesh,Sitapur,261001,70.0,0.0,68.0,138.0,1.0294117647058822,1.2625418982120007
2025-11-19,Uttar Pradesh,Sitapur,261135,70.0,0.0,64.0,134.0,1.09375,1.2505846453908362
2025-11-19,Uttar Pradesh,Sitapur,261201,107.0,0.0,60.0,167.0,1.7833333333333334,1.798526509845838
2025-11-19,Uttar Pradesh,Unnao,209801,127.0,383.0,91.0,601.0,0.2679324894514768,3.098104989105015
2025-11-19,Uttar Pradesh,Unnao,241501,68.0,180.0,47.0,295.0,0.29955947136563876,1.594480845032846
2025-11-19,West Bengal,North 24 Parganas,743290,85.0,18.0,4.0,107.0,3.8636363636363638,1.3407099158270461
2025-11-19,West Bengal,Uttar Dinajpur,733202,69.0,0.0,37.0,106.0,1.864864864864865,1.1547407802729455
2025-11-25,Chhattisgarh,Bastar,494001,89.0,33.0,194.0,316.0,0.3920704845814978,2.0046240042393135
2025-11-25,Chhattisgarh,Bastar,494010,103.0,30.0,113.0,246.0,0.7202797202797203,1.96726036563981
2025-11-25,Chhattisgarh,Bastar,494010,103.0,30.0,113.0,246.0,0.7202797202797203,1.96726036563981
2025-11-25,Chhattisgarh,Bastar,494223,66.0,6.0,43.0,115.0,1.346938775510204,1.1414454118223314
2025-11-25,Chhattisgarh,Bastar,494223,66.0,6.0,43.0,115.0,1.346938775510204,1.1414454118223314
2025-11-25,Maharashtra,Aurangabad,431001,73.0,110.0,670.0,853.0,0.09358974358974359,3.367215270972452
2025-11-25,Maharashtra,Aurangabad,431001,73.0,110.0,670.0,853.0,0.09358974358974359,3.367215270972452
2025-11-25,Maharashtra,Nashik,423203,72.0,55.0,563.0,690.0,0.11650485436893204,2.9023715507062122
2025-12-15,Assam,Tinsukia,786182,68.0,25.0,0.0,93.0,2.72,1.0880286916135355
2025-12-15,Assam,Tinsukia,786182,68.0,25.0,0.0,93.0,2.72,1.0880286916135355
2025-12-15,Bihar,Araria,854311,81.0,148.0,104.0,333.0,0.32142857142857145,1.8860411263152659
2025-12-15,Bihar,Araria,854318,136.0,191.0,0.0,327.0,0.7120418848167539,2.508957867231321
2025-12-15,Bihar,Araria,854318,136.0,191.0,0.0,327.0,0.7120418848167539,2.508957867231321
2025-12-15,Bihar,Begusarai,851129,74.0,100.0,0.0,174.0,0.74,1.3558978685979002
2025-12-15,Bihar,Begusarai,851211,71.0,93.0,69.0,233.0,0.4382716049382716,1.5002362796547006
2025-12-15,Bihar,Gaya,823001,96.0,84.0,41.0,221.0,0.768,1.7735967572182376
2025-12-15,Bihar,Gaya,823003,66.0,0.0,48.0,114.0,1.375,1.1422259998060527
2025-12-15,Bihar,Gaya,824232,126.0,106.0,0.0,232.0,1.1886792452830188,2.1569490925422734
2025-12-15,Bihar,Katihar,854317,80.0,151.0,0.0,231.0,0.5298013245033113,1.5671031334113288
2025-12-15,Bihar,Katihar,854317,80.0,151.0,0.0,231.0,0.5298013245033113,1.5671031334113288
2025-12-15,Bihar,Katihar,855113,70.0,109.0,0.0,179.0,0.6422018348623854,1.316617201361875
2025-12-15,Bihar,Khagaria,848203,74.0,93.0,59.0,226.0,0.4868421052631579,1.5157403733268844
2025-12-15,Bihar,Khagaria,851204,68.0,0.0,61.0,129.0,1.1147540983606556,1.2113518886249
2025-12-15,Bihar,Madhepura,852210,69.0,76.0,0.0,145.0,0.9078947368421053,1.2235719135518064
2025-12-15,Bihar,Muzaffarpur,843128,70.0,61.0,49.0,180.0,0.6363636363636364,1.349765724079266
2025-12-15,Bihar,Purnia,854204,108.0,167.0,73.0,348.0,0.45,2.2468063789457515
2025-12-15,Bihar,Purnia,854304,73.0,92.0,69.0,234.0,0.453416149068323,1.528140100464308
2025-12-15,Bihar,Purnia,854315,110.0,195.0,114.0,419.0,0.3559870550161812,2.465740935045508
2025-12-15,Bihar,Purnia,854330,75.0,85.0,0.0,160.0,0.8823529411764706,1.3356153320660966
2025-12-15,Bihar,Purnia,854330,75.0,85.0,0.0,160.0,0.8823529411764706,1.3356153320660966
2025-12-15,Bihar,Rohtas,821113,77.0,77.0,58.0,212.0,0.5703703703703704,1.5203723443993973
2025-12-15,Bihar,Samastipur,848101,75.0,84.0,41.0,200.0,0.6,1.4558161771425753
2025-12-15,Bihar,Samastipur,848114,75.0,0.0,61.0,136.0,1.2295081967213115,1.3172787486501205
2025-12-15,Bihar,Sheikhpura,811105,70.0,0.0,74.0,144.0,0.9459459459459459,1.280477777443747
2025-12-15,Bihar,Sheohar,843329,96.0,0.0,104.0,200.0,0.9230769230769231,1.7635997965532995
2025-12-15,Bihar,Sitamarhi,843302,75.0,144.0,0.0,219.0,0.5208333333333334,1.4749141161529813
2025-12-15,Bihar,Sitamarhi,843302,75.0,144.0,0.0,219.0,0.5208333333333334,1.4749141161529813
2025-12-15,Bihar,Vaishali,844122,68.0,0.0,78.0,146.0,0.8717948717948718,1.2621702131148482
2025-12-15,Bihar,West Champaran,845438,107.0,0.0,106.0,213.0,1.009433962264151,1.936034917289228
2025-12-15,Bihar,West Champaran,845449,68.0,0.0,45.0,113.0,1.511111111111111,1.1635228773402426
2025-12-15,Bihar,West Champaran,845455,76.0,0.0,63.0,139.0,1.2063492063492063,1.3383897836357344
2025-12-15,Chhattisgarh,Bastar,494442,65.0,0.0,103.0,168.0,0.6310679611650486,1.291505817522031
2025-12-15,Chhattisgarh,Kondagaon,494226,73.0,219.0,110.0,402.0,0.22188449848024316,1.9505484771191133
2025-12-15,Delhi,North East Delhi,110094,95.0,0.0,222.0,317.0,0.42792792792792794,2.101206346202616
2025-12-15,Delhi,North West Delhi,110086,93.0,169.0,196.0,458.0,0.2547945205479452,2.392227767251993
2025-12-15,Delhi,North West Delhi,110086,93.0,169.0,196.0,458.0,0.2547945205479452,2.392227767251993
2025-12-15,Delhi,South Delhi,110062,73.0,113.0,103.0,289.0,0.33796296296296297,1.6793576725937742
2025-12-15,Delhi,South Delhi,110062,73.0,113.0,103.0,289.0,0.33796296296296297,1.6793576725937742
2025-12-15,Delhi,South West Delhi,110043,93.0,94.0,112.0,299.0,0.45145631067961167,1.9640507324733665
2025-12-15,Delhi,South West Delhi,110043,93.0,94.0,112.0,299.0,0.45145631067961167,1.9640507324733665
2025-12-15,Delhi,West Delhi,110059,130.0,268.0,162.0,560.0,0.3023255813953488,3.0842288732533745
2025-12-15,Jammu and Kashmir,Doda,182203,67.0,0.0,41.0,108.0,1.6341463414634145,1.1364332159440464
2025-12-15,Jharkhand,Chatra,825408,76.0,78.0,52.0,206.0,0.5846153846153846,1.4896650529330748
2025-12-15,Jharkhand,Garhwa,822114,76.0,101.0,104.0,281.0,0.37073170731707317,1.699412255438692
2025-12-15,Jharkhand,Giridih,825324,66.0,43.0,21.0,130.0,1.03125,1.1630373859027874
2025-12-15,Jharkhand,Giridih,825412,76.0,88.0,70.0,234.0,0.4810126582278481,1.567082654032871
2025-12-15,Jharkhand,Lohardaga,835302,73.0,0.0,94.0,167.0,0.776595744680851,1.3856612672746633
2025-12-15,Madhya Pradesh,Alirajpur,457990,82.0,0.0,68.0,150.0,1.2058823529411764,1.444130801112379
2025-12-15,Madhya Pradesh,Barwani,451666,97.0,0.0,138.0,235.0,0.7028985507246377,1.8803688541082275
2025-12-15,Madhya Pradesh,Burhanpur,450331,79.0,0.0,135.0,214.0,0.5851851851851851,1.5990175601417869
2025-12-15,Madhya Pradesh,Dewas,455001,91.0,0.0,143.0,234.0,0.6363636363636364,1.8045209686844939
2025-12-15,Madhya Pradesh,Indore,452001,71.0,0.0,113.0,184.0,0.6283185840707964,1.4121934010251307
2025-12-15,Madhya Pradesh,Jhabua,457661,86.0,0.0,71.0,157.0,1.2112676056338028,1.513628375028378
2025-12-15,Madhya Pradesh,Katni,483501,66.0,0.0,174.0,240.0,0.3793103448275862,1.5188794636727294
2025-12-15,Madhya Pradesh,Morena,476001,103.0,88.0,72.0,263.0,0.64375,1.9816363119693043
2025-12-15,Madhya Pradesh,Morena,476001,103.0,88.0,72.0,263.0,0.64375,1.9816363119693043
2025-12-15,Madhya Pradesh,Morena,476221,76.0,0.0,46.0,122.0,1.6521739130434783,1.2875714591457859
2025-12-15,Madhya Pradesh,Morena,476229,70.0,0.0,41.0,111.0,1.7073170731707317,1.1818304416691412
2025-12-15,Madhya Pradesh,Ratlam,457001,73.0,0.0,315.0,388.0,0.23174603174603176,2.046299485643993
2025-12-15,Madhya Pradesh,Sehore,466331,67.0,29.0,54.0,150.0,0.8072289156626506,1.2437631814860453
2025-12-15,Madhya Pradesh,Sehore,466331,67.0,29.0,54.0,150.0,0.8072289156626506,1.2437631814860453
2025-12-15,Madhya Pradesh,Sheopur,476337,82.0,58.0,62.0,202.0,0.6833333333333333,1.5631327096270613
2025-12-15,Madhya Pradesh,Sheopur,476337,82.0,58.0,62.0,202.0,0.6833333333333333,1.5631327096270613
2025-12-15,Madhya Pradesh,Shivpuri,473551,83.0,0.0,80.0,163.0,1.0375,1.4951349681509032
2025-12-15,Madhya Pradesh,Sidhi,486661,71.0,0.0,83.0,154.0,0.8554216867469879,1.3225140048663981
2025-12-15,Madhya Pradesh,Singrauli,486886,111.0,0.0,94.0,205.0,1.1808510638297873,1.960692793125861
2025-12-15,Madhya Pradesh,Umaria,484661,81.0,53.0,69.0,203.0,0.6639344262295082,1.5571205117867892
2025-12-15,Madhya Pradesh,Umaria,484661,81.0,53.0,69.0,203.0,0.6639344262295082,1.5571205117867892
2025-12-15,Maharashtra,Aurangabad,431001,130.0,0.0,264.0,394.0,0.49242424242424243,2.756391800950945
2025-12-15,Maharashtra,Thane,400612,84.0,196.0,137.0,417.0,0.25225225225225223,2.1434135121568385
2025-12-15,Maharashtra,Thane,421301,79.0,0.0,157.0,236.0,0.5031847133757962,1.6647824506581907
2025-12-15,Maharashtra,Thane,421302,104.0,263.0,219.0,586.0,0.2157676348547718,2.8493721213018683
2025-12-15,Maharashtra,Thane,421302,104.0,263.0,219.0,586.0,0.2157676348547718,2.8493721213018683
2025-12-15,Maharashtra,Washim,444403,70.0,0.0,65.0,135.0,1.0769230769230769,1.2535739585961274
2025-12-15,Meghalaya,North Garo Hills,783134,81.0,0.0,0.0,81.0,,1.2257250945775537
2025-12-15,Meghalaya,West Khasi Hills,793119,73.0,0.0,6.0,79.0,12.166666666666666,1.122601705209048
2025-12-15,Rajasthan,Banswara,327001,73.0,0.0,64.0,137.0,1.140625,1.2959818711159308
2025-12-15,Rajasthan,Jalor,343029,70.0,45.0,0.0,115.0,1.5555555555555556,1.1655134355727121
2025-12-15,Rajasthan,Jalor,343029,70.0,45.0,0.0,115.0,1.5555555555555556,1.1655134355727121
2025-12-15,Rajasthan,Jalor,343041,110.0,0.0,0.0,110.0,,1.664564943253468
2025-12-15,Rajasthan,Jodhpur,342001,88.0,120.0,0.0,208.0,0.7333333333333333,1.6149715154574549
2025-12-15,Rajasthan,Jodhpur,342001,88.0,120.0,0.0,208.0,0.7333333333333333,1.6149715154574549
2025-12-15,Rajasthan,Udaipur,307025,87.0,109.0,48.0,244.0,0.554140127388535,1.717355180991383
2025-12-15,Uttar Pradesh,Agra,282001,89.0,305.0,142.0,536.0,0.19910514541387025,2.4913707221681203
2025-12-15,Uttar Pradesh,Aligarh,202001,97.0,640.0,245.0,982.0,0.1096045197740113,3.7112630249660037
2025-12-15,Uttar Pradesh,Amroha,244221,66.0,0.0,113.0,179.0,0.584070796460177,1.3365313581499731
2025-12-15,Uttar Pradesh,Bahraich,271865,75.0,0.0,200.0,275.0,0.375,1.732793284185581
2025-12-15,Uttar Pradesh,Balrampur,271201,74.0,194.0,61.0,329.0,0.2901960784313726,1.7601796301234893
2025-12-15,Uttar Pradesh,Bareilly,243001,70.0,149.0,80.0,299.0,0.3056768558951965,1.650202111403389
2025-12-15,Uttar Pradesh,Budaun,243601,79.0,260.0,126.0,465.0,0.20466321243523317,2.185972789812642
2025-12-15,Uttar Pradesh,Budaun,243601,79.0,260.0,126.0,465.0,0.20466321243523317,2.185972789812642
2025-12-15,Uttar Pradesh,Bulandshahr,203001,66.0,0.0,85.0,151.0,0.7764705882352941,1.252830588401823
2025-12-15,Uttar Pradesh,Chitrakoot,210209,86.0,71.0,64.0,221.0,0.6370370370370371,1.660333922763693
2025-12-15,Uttar Pradesh,Ghaziabad,201102,67.0,226.0,93.0,386.0,0.21003134796238246,1.8254626755621652
2025-12-15,Uttar Pradesh,Hardoi,241001,84.0,170.0,116.0,370.0,0.2937062937062937,2.0192520299938783
2025-12-15,Uttar Pradesh,Hathras,204101,79.0,122.0,75.0,276.0,0.4010152284263959,1.7077003213599138
2025-12-15,Uttar Pradesh,Lucknow,226003,83.0,308.0,106.0,497.0,0.20048309178743962,2.3000439843488185
2025-12-15,Uttar Pradesh,Mirzapur,231001,84.0,209.0,127.0,420.0,0.25,2.1442133325298514
2025-12-15,Uttar Pradesh,Mirzapur,231001,84.0,209.0,127.0,420.0,0.25,2.1442133325298514
2025-12-15,Uttar Pradesh,Moradabad,244001,110.0,499.0,280.0,889.0,0.14120667522464697,3.679709814622352
2025-12-15,Uttar Pradesh,Rampur,244901,65.0,294.0,170.0,529.0,0.1400862068965517,2.1859227263705012
2025-12-15,Uttar Pradesh,Saharanpur,247001,152.0,333.0,327.0,812.0,0.23030303030303031,4.063843302906715
2025-12-15,Uttar Pradesh,Shahjahanpur,242001,71.0,290.0,178.0,539.0,0.1517094017094017,2.2911876981011963
2025-12-15,Uttar Pradesh,Shahjahanpur,242001,71.0,290.0,178.0,539.0,0.1517094017094017,2.2911876981011963
2025-12-15,Uttar Pradesh,Shamli,247774,96.0,108.0,93.0,297.0,0.47761194029850745,1.9857049560643099
2025-12-15,Uttar Pradesh,Varanasi,221001,66.0,368.0,154.0,588.0,0.12643678160919541,2.327939852854595
2025-12-15,West Bengal,Malda,732125,84.0,108.0,33.0,225.0,0.5957446808510638,1.6247572608464667
2025-12-15,West Bengal,Murshidabad,742202,76.0,103.0,21.0,200.0,0.6129032258064516,1.456021252080443
2025-12-15,West Bengal,Murshidabad,742202,76.0,103.0,21.0,200.0,0.6129032258064516,1.456021252080443
2025-12-15,West Bengal,North 24 Parganas,700125,76.0,21.0,13.0,110.0,2.235294117647059,1.2385050465207492
2025-12-15,West Bengal,North 24 Parganas,700125,76.0,21.0,13.0,110.0,2.235294117647059,1.2385050465207492
2025-12-15,West Bengal,South 24 Parganas,743329,65.0,135.0,77.0,277.0,0.30660377358490565,1.5325181801459786
2025-12-15,West Bengal,South 24 Parganas,743329,65.0,135.0,77.0,277.0,0.30660377358490565,1.5325181801459786
2025-12-15,West Bengal,Uttar Dinajpur,733202,69.0,0.0,28.0,97.0,2.4642857142857144,1.1278369614253259
2025-12-22,Bihar,Araria,854311,120.0,61.0,0.0,181.0,1.9672131147540983,1.9599098057715794
2025-12-22,Bihar,Araria,854318,66.0,85.0,0.0,151.0,0.7764705882352941,1.1994236548908128
2025-12-22,Bihar,Katihar,854317,75.0,123.0,0.0,198.0,0.6097560975609756,1.425333193003412
2025-12-22,Bihar,Purnia,854315,78.0,145.0,0.0,223.0,0.5379310344827586,1.5226723382185317
2025-12-22,Chhattisgarh,Bastar,494442,127.0,50.0,0.0,177.0,2.54,2.0398657060517875
2025-12-22,Delhi,North West Delhi,110086,144.0,148.0,0.0,292.0,0.972972972972973,2.5284942931919794
2025-12-22,Delhi,West Delhi,110059,116.0,204.0,0.0,320.0,0.5686274509803921,2.237002648156614
2025-12-22,Gujarat,Surat,394210,66.0,161.0,0.0,227.0,0.40993788819875776,1.378859376765444
2025-12-22,Jharkhand,Garhwa,822114,67.0,48.0,0.0,115.0,1.3958333333333333,1.1271991988689845
2025-12-22,Jharkhand,Jamtara,815352,67.0,35.0,0.0,102.0,1.9142857142857144,1.0965062464430606
2025-12-22,Madhya Pradesh,Alirajpur,457990,74.0,7.0,0.0,81.0,10.571428571428571,1.1363252089355225
2025-12-22,Madhya Pradesh,Anuppur,484881,65.0,8.0,0.0,73.0,8.125,1.0024945281006947
2025-12-22,Madhya Pradesh,Barwani,451666,97.0,33.0,0.0,130.0,2.9393939393939394,1.545756511013095
2025-12-22,Madhya Pradesh,Barwani,451666,97.0,33.0,0.0,130.0,2.9393939393939394,1.545756511013095
2025-12-22,Madhya Pradesh,Bhopal,462001,72.0,27.0,0.0,99.0,2.6666666666666665,1.153280318594573
2025-12-22,Madhya Pradesh,Bhopal,462001,72.0,27.0,0.0,99.0,2.6666666666666665,1.153280318594573
2025-12-22,Madhya Pradesh,Burhanpur,450331,121.0,14.0,0.0,135.0,8.642857142857142,1.8640753863451938
2025-12-22,Madhya Pradesh,Dewas,455001,95.0,32.0,0.0,127.0,2.96875,1.5131306975225765
2025-12-22,Madhya Pradesh,Guna,473001,85.0,19.0,0.0,104.0,4.473684210526316,1.3311136593463375
2025-12-22,Madhya Pradesh,Guna,473001,85.0,19.0,0.0,104.0,4.473684210526316,1.3311136593463375
2025-12-22,Madhya Pradesh,Indore,452001,66.0,40.0,0.0,106.0,1.65,1.0931788195703076
2025-12-22,Madhya Pradesh,Indore,452001,66.0,40.0,0.0,106.0,1.65,1.0931788195703076
2025-12-22,Madhya Pradesh,Indore,453001,68.0,0.0,0.0,68.0,,1.0290037831021437
2025-12-22,Madhya Pradesh,Jabalpur,483119,83.0,7.0,0.0,90.0,11.857142857142858,1.2725168861108063
2025-12-22,Madhya Pradesh,Jhabua,457661,74.0,8.0,0.0,82.0,9.25,1.1386862052759783
2025-12-22,Madhya Pradesh,Jhabua,457661,74.0,8.0,0.0,82.0,9.25,1.1386862052759783
2025-12-22,Madhya Pradesh,Katni,483501,71.0,59.0,0.0,130.0,1.2033898305084745,1.2136997929141229
2025-12-22,Madhya Pradesh,Katni,483501,71.0,59.0,0.0,130.0,1.2033898305084745,1.2136997929141229
2025-12-22,Madhya Pradesh,Morena,476001,83.0,66.0,0.0,149.0,1.2575757575757576,1.411815670197691
2025-12-22,Madhya Pradesh,Morena,476001,83.0,66.0,0.0,149.0,1.2575757575757576,1.411815670197691
2025-12-22,Madhya Pradesh,Morena,476224,89.0,40.0,0.0,129.0,2.225,1.4412242167960327
2025-12-22,Madhya Pradesh,Morena,476224,89.0,40.0,0.0,129.0,2.225,1.4412242167960327
2025-12-22,Madhya Pradesh,Morena,476229,76.0,29.0,0.0,105.0,2.6206896551724137,1.2185319455756105
2025-12-22,Madhya Pradesh,Morena,476229,76.0,29.0,0.0,105.0,2.6206896551724137,1.2185319455756105
2025-12-22,Madhya Pradesh,Rajgarh,465674,72.0,21.0,0.0,93.0,3.4285714285714284,1.139114340551839
2025-12-22,Madhya Pradesh,Rajgarh,465674,72.0,21.0,0.0,93.0,3.4285714285714284,1.139114340551839
2025-12-22,Madhya Pradesh,Rajgarh,465697,65.0,14.0,0.0,79.0,4.642857142857143,1.0166605061434286
2025-12-22,Madhya Pradesh,Ratlam,457001,85.0,44.0,0.0,129.0,1.9318181818181819,1.3901385678577294
2025-12-22,Madhya Pradesh,Sagar,470226,76.0,8.0,0.0,84.0,9.5,1.1689510224260413
2025-12-22,Madhya Pradesh,Sagar,470226,76.0,8.0,0.0,84.0,9.5,1.1689510224260413
2025-12-22,Madhya Pradesh,Sheopur,476337,159.0,17.0,0.0,176.0,9.352941176470589,2.446189901217759
2025-12-22,Madhya Pradesh,Sidhi,486661,75.0,0.0,0.0,75.0,,1.1349306431273642
2025-12-22,Madhya Pradesh,Singrauli,486886,99.0,67.0,0.0,166.0,1.4776119402985075,1.656295203738651
2025-12-22,Madhya Pradesh,Singrauli,486886,99.0,67.0,0.0,166.0,1.4776119402985075,1.656295203738651
2025-12-22,Madhya Pradesh,Ujjain,456006,84.0,18.0,0.0,102.0,4.666666666666667,1.3136202544308502
2025-12-22,Madhya Pradesh,Vidisha,464228,78.0,20.0,0.0,98.0,3.9,1.2275477956615723
2025-12-22,Madhya Pradesh,Vidisha,464228,78.0,20.0,0.0,98.0,3.9,1.2275477956615723
2025-12-22,Maharashtra,Ahmadnagar,422604,68.0,4.0,0.0,72.0,17.0,1.0384477684639664
2025-12-22,Maharashtra,Ahmadnagar,422604,68.0,4.0,0.0,72.0,17.0,1.0384477684639664
2025-12-22,Maharashtra,Aurangabad,431001,116.0,107.0,0.0,223.0,1.0841121495327102,2.0079860031324137
2025-12-22,Maharashtra,Nashik,423203,107.0,65.0,0.0,172.0,1.646153846153846,1.7726324796579918
2025-12-22,Maharashtra,Thane,400612,78.0,107.0,0.0,185.0,0.7289719626168224,1.432954477281216
2025-12-22,Maharashtra,Thane,400612,78.0,107.0,0.0,185.0,0.7289719626168224,1.432954477281216
2025-12-22,Maharashtra,Thane,421301,79.0,59.0,0.0,138.0,1.3389830508474576,1.3347590615143752
2025-12-22,Maharashtra,Thane,421302,93.0,160.0,0.0,253.0,0.58125,1.7850734119508394
2025-12-22,Rajasthan,Jodhpur,342001,71.0,84.0,0.0,155.0,0.8452380952380952,1.2727247014255147
2025-12-22,Uttar Pradesh,Aligarh,202001,98.0,361.0,0.0,459.0,0.27146814404432135,2.335295719257587
2025-12-22,Uttar Pradesh,Aligarh,202001,98.0,361.0,0.0,459.0,0.27146814404432135,2.335295719257587
2025-12-22,Uttar Pradesh,Amroha,244221,66.0,105.0,0.0,171.0,0.6285714285714286,1.2466435816999264
2025-12-22,Uttar Pradesh,Amroha,244221,66.0,105.0,0.0,171.0,0.6285714285714286,1.2466435816999264
2025-12-22,Uttar Pradesh,Firozabad,283203,68.0,231.0,0.0,299.0,0.2943722943722944,1.574393937747404
2025-12-22,Uttar Pradesh,Hardoi,241001,69.0,66.0,0.0,135.0,1.0454545454545454,1.1999619501472498
2025-12-22,Uttar Pradesh,Moradabad,244001,104.0,254.0,0.0,358.0,0.4094488188976378,2.1734635622790197
2025-12-22,Uttar Pradesh,Moradabad,244001,104.0,254.0,0.0,358.0,0.4094488188976378,2.1734635622790197
2025-12-22,Uttar Pradesh,Rampur,244901,69.0,243.0,0.0,312.0,0.2839506172839506,1.6178583024079036
2025-12-22,Uttar Pradesh,Saharanpur,247001,120.0,215.0,0.0,335.0,0.5581395348837209,2.323503242201753
2025-12-22,Uttar Pradesh,Saharanpur,247001,120.0,215.0,0.0,335.0,0.5581395348837209,2.323503242201753
2025-12-22,Uttar Pradesh,Shamli,247774,65.0,85.0,0.0,150.0,0.7647058823529411,1.1842912463157815
2025-12-22,Uttar Pradesh,Shamli,247774,65.0,85.0,0.0,150.0,0.7647058823529411,1.1842912463157815
2025-12-22,West Bengal,Uttar Dinajpur,733208,67.0,0.0,0.0,67.0,,1.0138713745271122
2025-12-23,Delhi,North East Delhi,110094,68.0,277.0,1.0,346.0,0.2446043165467626,1.685989082613656
2025-12-23,Delhi,North West Delhi,110086,70.0,250.0,0.0,320.0,0.28,1.6495176853661249
2025-12-23,Madhya Pradesh,Singrauli,486886,65.0,111.0,0.0,176.0,0.5855855855855856,1.245677151167629
2025-12-23,Madhya Pradesh,Singrauli,486886,65.0,111.0,0.0,176.0,0.5855855855855856,1.245677151167629
2025-12-24,Madhya Pradesh,Barwani,451666,77.0,91.0,0.0,168.0,0.8461538461538461,1.3800461272588938
2025-12-24,Meghalaya,Eastern West Khasi Hills,793120,201.0,2.0,0.0,203.0,100.5,3.0463361162622475
2025-12-25,Meghalaya,Eastern West Khasi Hills,793120,320.0,0.0,0.0,320.0,,4.842370744010088
2025-12-26,Chhattisgarh,Bastar,494442,72.0,90.0,162.0,324.0,0.2857142857142857,1.786291827300436
2025-12-26,Chhattisgarh,Bastar,494442,72.0,90.0,162.0,324.0,0.2857142857142857,1.786291827300436
2025-12-27,Chhattisgarh,Bastar,494001,66.0,71.0,0.0,137.0,0.9295774647887324,1.1663697061244336
2025-12-27,Chhattisgarh,Bastar,494442,76.0,77.0,195.0,348.0,0.27941176470588236,1.914775844949244
2025-12-27,Chhattisgarh,Bastar,494442,76.0,77.0,195.0,348.0,0.27941176470588236,1.914775844949244
2025-12-27,Haryana,Mewat,122508,71.0,231.0,112.0,414.0,0.20699708454810495,1.9545942424651
2025-12-27,Jharkhand,Deoghar,815353,71.0,127.0,96.0,294.0,0.3183856502242152,1.6612216117730525
2025-12-27,Jharkhand,Giridih,815312,80.0,92.0,96.0,268.0,0.425531914893617,1.7147784170323879
2025-12-27,Madhya Pradesh,Katni,483501,66.0,136.0,327.0,529.0,0.14254859611231102,2.2973398863842367
2025-12-28,Jammu and Kashmir,Doda,182203,81.0,0.0,18.0,99.0,4.5,1.2795327322727932
2025-12-29,Assam,Lakhimpur,787055,72.0,27.0,18.0,117.0,1.6,1.2070879562898125
2025-12-29,Assam,Lakhimpur,787055,72.0,27.0,18.0,117.0,1.6,1.2070879562898125
2025-12-29,Assam,Marigaon,782412,65.0,19.0,10.0,94.0,2.2413793103448274,1.058358619898618
2025-12-29,Assam,Sonitpur,784101,122.0,16.0,9.0,147.0,4.88,1.9108336064487568
2025-12-29,Assam,Sonitpur,784103,106.0,11.0,0.0,117.0,9.636363636363637,1.6300062686983543
2025-12-29,Assam,Sonitpur,784103,106.0,11.0,0.0,117.0,9.636363636363637,1.6300062686983543
2025-12-29,Assam,Sonitpur,784505,150.0,18.0,9.0,177.0,5.555555555555555,2.3392630392305507
2025-12-29,Assam,Sonitpur,784505,150.0,18.0,9.0,177.0,5.555555555555555,2.3392630392305507
2025-12-29,Jammu and Kashmir,Doda,182203,213.0,0.0,38.0,251.0,5.605263157894737,3.3367969282827756
2025-12-29,Jammu and Kashmir,Punch,185101,75.0,33.0,64.0,172.0,0.7731958762886598,1.4041595675010308
2025-12-29,Jammu and Kashmir,Punch,185101,75.0,33.0,64.0,172.0,0.7731958762886598,1.4041595675010308
2025-12-29,Karnataka,Bagalkot,587202,74.0,6.0,3.0,83.0,8.222222222222221,1.1429321522109401
2025-12-29,Karnataka,Davangere,577213,80.0,0.0,9.0,89.0,8.88888888888889,1.2374965048501418
2025-12-29,West Bengal,Malda,732125,83.0,180.0,52.0,315.0,0.3577586206896552,1.8364135396847738
2025-12-29,West Bengal,Murshidabad,742148,82.0,128.0,28.0,238.0,0.5256410256410257,1.6267658044790616
2025-12-29,West Bengal,Murshidabad,742202,135.0,116.0,47.0,298.0,0.8282208588957055,2.457248453770795
2025-12-29,West Bengal,North 24 Parganas,743251,75.0,29.0,5.0,109.0,2.2058823529411766,1.2183461030270344
2025-12-29,West Bengal,North 24 Parganas,743262,84.0,23.0,8.0,115.0,2.7096774193548385,1.3493397417754573
2025-12-29,West Bengal,North 24 Parganas,743287,111.0,10.0,11.0,132.0,5.285714285714286,1.7361897604912575
2025-12-29,West Bengal,South 24 Parganas,743329,137.0,147.0,71.0,355.0,0.6284403669724771,2.63244767440197
2025-12-29,West Bengal,South 24 Parganas,743376,79.0,67.0,14.0,160.0,0.9753086419753086,1.3954974171120955
2025-12-29,West Bengal,South 24 Parganas,743502,78.0,86.0,14.0,178.0,0.78,1.425223939005722
2025-12-29,West Bengal,Uttar Dinajpur,733128,87.0,75.0,22.0,184.0,0.8969072164948454,1.559359162078322
2025-12-31,Bihar,Araria,854318,107.0,0.0,0.0,107.0,,1.619167717528373
2025-12-31,Bihar,Araria,854334,67.0,0.0,0.0,67.0,,1.0138713745271122
2025-12-31,Bihar,East Champaran,845401,67.0,0.0,0.0,67.0,,1.0138713745271122
2025-12-31,Bihar,Gaya,824201,78.0,0.0,0.0,78.0,,1.180327868852459
2025-12-31,Bihar,Gaya,824232,101.0,0.0,0.0,101.0,,1.5283732660781841
2025-12-31,Bihar,Gaya,824236,68.0,0.0,0.0,68.0,,1.0290037831021437
2025-12-31,Bihar,Katihar,854317,74.0,0.0,0.0,74.0,,1.119798234552333
2025-12-31,Bihar,Khagaria,852161,67.0,0.0,0.0,67.0,,1.0138713745271122
2025-12-31,Bihar,Kishanganj,855101,80.0,0.0,0.0,80.0,,1.210592686002522
2025-12-31,Bihar,Madhepura,852128,67.0,0.0,0.0,67.0,,1.0138713745271122
2025-12-31,Bihar,Madhepura,852210,85.0,0.0,0.0,85.0,,1.2862547288776798
2025-12-31,Bihar,Nalanda,803101,94.0,0.0,0.0,94.0,,1.4224464060529634
2025-12-31,Bihar,Purnia,854204,91.0,0.0,0.0,91.0,,1.3770491803278688
2025-12-31,Bihar,Samastipur,848114,105.0,0.0,0.0,105.0,,1.5889029003783102
2025-12-31,Bihar,Sheohar,843329,93.0,0.0,0.0,93.0,,1.4073139974779318
2025-12-31,Bihar,West Champaran,845438,110.0,0.0,0.0,110.0,,1.664564943253468
2025-12-31,Bihar,West Champaran,845452,87.0,0.0,0.0,87.0,,1.3165195460277426
2025-12-31,Bihar,West Champaran,845455,68.0,0.0,0.0,68.0,,1.0290037831021437
2025-12-31,Chhattisgarh,Bastar,494001,74.0,0.0,0.0,74.0,,1.119798234552333
2025-12-31,Chhattisgarh,Bastar,494010,97.0,0.0,0.0,97.0,,1.4678436317780579
2025-12-31,Chhattisgarh,Bastar,494115,73.0,0.0,0.0,73.0,,1.1046658259773015
2025-12-31,Chhattisgarh,Bastar,494442,100.0,0.0,0.0,100.0,,1.5132408575031526
2025-12-31,Chhattisgarh,Bijapur,494444,117.0,0.0,0.0,117.0,,1.7704918032786885
2025-12-31,Chhattisgarh,Kondagaon,494226,190.0,0.0,0.0,190.0,,2.8751576292559897
2025-12-31,Chhattisgarh,Sukma,494111,69.0,0.0,0.0,69.0,,1.0441361916771754
2025-12-31,Delhi,North East Delhi,110094,100.0,0.0,0.0,100.0,,1.5132408575031526
2025-12-31,Delhi,North West Delhi,110086,146.0,0.0,0.0,146.0,,2.209331651954603
2025-12-31,Delhi,West Delhi,110059,91.0,0.0,0.0,91.0,,1.3770491803278688
2025-12-31,Haryana,Faridabad,121004,85.0,0.0,0.0,85.0,,1.2862547288776798
2025-12-31,Haryana,Mewat,122508,104.0,0.0,0.0,104.0,,1.5737704918032787
2025-12-31,Jharkhand,Chatra,825404,65.0,0.0,0.0,65.0,,0.9836065573770493
2025-12-31,Jharkhand,Deoghar,815353,90.0,0.0,0.0,90.0,,1.3619167717528373
2025-12-31,Jharkhand,East Singhbhum,832104,69.0,0.0,0.0,69.0,,1.0441361916771754
2025-12-31,Jharkhand,Sahebganj,816108,88.0,0.0,0.0,88.0,,1.3316519546027743
2025-12-31,Madhya Pradesh,Alirajpur,457990,73.0,0.0,0.0,73.0,,1.1046658259773015
2025-12-31,Madhya Pradesh,Barwani,451666,109.0,0.0,0.0,109.0,,1.6494325346784362
2025-12-31,Madhya Pradesh,Burhanpur,450331,69.0,0.0,0.0,69.0,,1.0441361916771754
2025-12-31,Madhya Pradesh,Chhatarpur,471501,78.0,0.0,0.0,78.0,,1.180327868852459
2025-12-31,Madhya Pradesh,Damoh,470775,66.0,0.0,0.0,66.0,,0.9987389659520807
2025-12-31,Madhya Pradesh,Dewas,455001,106.0,0.0,0.0,106.0,,1.604035308953342
2025-12-31,Madhya Pradesh,Dhar,454446,65.0,0.0,0.0,65.0,,0.9836065573770493
2025-12-31,Madhya Pradesh,Guna,473001,68.0,0.0,0.0,68.0,,1.0290037831021437
2025-12-31,Madhya Pradesh,Gwalior,474006,68.0,0.0,0.0,68.0,,1.0290037831021437
2025-12-31,Madhya Pradesh,Gwalior,475110,95.0,0.0,0.0,95.0,,1.4375788146279949
2025-12-31,Madhya Pradesh,Indore,453441,70.0,0.0,0.0,70.0,,1.0592686002522067
2025-12-31,Madhya Pradesh,Jhabua,457661,100.0,0.0,0.0,100.0,,1.5132408575031526
2025-12-31,Madhya Pradesh,Katni,483501,144.0,0.0,0.0,144.0,,2.17906683480454
2025-12-31,Madhya Pradesh,Khargone,451332,68.0,0.0,0.0,68.0,,1.0290037831021437
2025-12-31,Madhya Pradesh,Morena,476001,87.0,0.0,0.0,87.0,,1.3165195460277426
2025-12-31,Madhya Pradesh,Morena,476221,74.0,0.0,0.0,74.0,,1.119798234552333
2025-12-31,Madhya Pradesh,Morena,476224,73.0,0.0,0.0,73.0,,1.1046658259773015
2025-12-31,Madhya Pradesh,Shahdol,484774,72.0,0.0,0.0,72.0,,1.08953341740227
2025-12-31,Madhya Pradesh,Sheopur,476337,118.0,0.0,0.0,118.0,,1.7856242118537202
2025-12-31,Madhya Pradesh,Shivpuri,473551,78.0,0.0,0.0,78.0,,1.180327868852459
2025-12-31,Madhya Pradesh,Shivpuri,473551,78.0,0.0,0.0,78.0,,1.180327868852459
2025-12-31,Madhya Pradesh,Singrauli,486886,89.0,0.0,0.0,89.0,,1.3467843631778058
2025-12-31,Madhya Pradesh,Singrauli,486886,89.0,0.0,0.0,89.0,,1.3467843631778058
2025-12-31,Madhya Pradesh,Umaria,484661,89.0,0.0,0.0,89.0,,1.3467843631778058
2025-12-31,Maharashtra,Aurangabad,431001,74.0,0.0,0.0,74.0,,1.119798234552333
2025-12-31,Maharashtra,Nashik,423203,100.0,0.0,0.0,100.0,,1.5132408575031526
2025-12-31,Maharashtra,Thane,421302,75.0,0.0,0.0,75.0,,1.1349306431273642
2025-12-31,Rajasthan,Alwar,301001,70.0,0.0,0.0,70.0,,1.0592686002522067
2025-12-31,Rajasthan,Barmer,344702,71.0,0.0,0.0,71.0,,1.0744010088272382
2025-12-31,Rajasthan,Barmer,344702,71.0,0.0,0.0,71.0,,1.0744010088272382
2025-12-31,Rajasthan,Bikaner,334001,99.0,0.0,0.0,99.0,,1.498108448928121
2025-12-31,Rajasthan,Jaipur,302012,79.0,0.0,0.0,79.0,,1.1954602774274905
2025-12-31,Rajasthan,Jalor,343029,75.0,0.0,0.0,75.0,,1.1349306431273642
2025-12-31,Rajasthan,Jalor,343041,130.0,0.0,0.0,130.0,,1.9672131147540985
2025-12-31,Rajasthan,Jodhpur,342001,67.0,0.0,0.0,67.0,,1.0138713745271122
2025-12-31,Rajasthan,Nagaur,341001,84.0,0.0,0.0,84.0,,1.2711223203026483
2025-12-31,Rajasthan,Sirohi,307026,71.0,0.0,0.0,71.0,,1.0744010088272382
2025-12-31,Rajasthan,Sirohi,307026,71.0,0.0,0.0,71.0,,1.0744010088272382
2025-12-31,Rajasthan,Udaipur,307025,80.0,0.0,0.0,80.0,,1.210592686002522
2025-12-31,Rajasthan,Udaipur,307025,80.0,0.0,0.0,80.0,,1.210592686002522
2025-12-31,Uttar Pradesh,Agra,282001,75.0,0.0,0.0,75.0,,1.1349306431273642
2025-12-31,Uttar Pradesh,Aligarh,202001,77.0,0.0,0.0,77.0,,1.1651954602774275
2025-12-31,Uttar Pradesh,Amroha,244235,71.0,0.0,0.0,71.0,,1.0744010088272382
2025-12-31,Uttar Pradesh,Amroha,244241,81.0,0.0,0.0,81.0,,1.2257250945775537
2025-12-31,Uttar Pradesh,Bahraich,271865,80.0,0.0,0.0,80.0,,1.210592686002522
2025-12-31,Uttar Pradesh,Bahraich,271902,70.0,0.0,0.0,70.0,,1.0592686002522067
2025-12-31,Uttar Pradesh,Bahraich,271903,79.0,0.0,0.0,79.0,,1.1954602774274905
2025-12-31,Uttar Pradesh,Balrampur,271208,67.0,0.0,0.0,67.0,,1.0138713745271122
2025-12-31,Uttar Pradesh,Bareilly,243505,87.0,0.0,0.0,87.0,,1.3165195460277426
2025-12-31,Uttar Pradesh,Budaun,243601,95.0,0.0,0.0,95.0,,1.4375788146279949
2025-12-31,Uttar Pradesh,Bulandshahr,203001,72.0,0.0,0.0,72.0,,1.08953341740227
2025-12-31,Uttar Pradesh,Bulandshahr,203131,80.0,0.0,0.0,80.0,,1.210592686002522
2025-12-31,Uttar Pradesh,Chitrakoot,210205,65.0,0.0,0.0,65.0,,0.9836065573770493
2025-12-31,Uttar Pradesh,Deoria,274001,75.0,0.0,0.0,75.0,,1.1349306431273642
2025-12-31,Uttar Pradesh,Etah,207001,78.0,0.0,0.0,78.0,,1.180327868852459
2025-12-31,Uttar Pradesh,Firozabad,283203,68.0,0.0,0.0,68.0,,1.0290037831021437
2025-12-31,Uttar Pradesh,Gautam Buddha Nagar,201301,81.0,0.0,0.0,81.0,,1.2257250945775537
2025-12-31,Uttar Pradesh,Ghaziabad,201102,81.0,0.0,0.0,81.0,,1.2257250945775537
2025-12-31,Uttar Pradesh,Hapur,245101,90.0,0.0,0.0,90.0,,1.3619167717528373
2025-12-31,Uttar Pradesh,Hathras,204101,76.0,0.0,0.0,76.0,,1.150063051702396
2025-12-31,Uttar Pradesh,Kanpur Nagar,208001,78.0,0.0,0.0,78.0,,1.180327868852459
2025-12-31,Uttar Pradesh,Kushinagar,274304,71.0,0.0,0.0,71.0,,1.0744010088272382
2025-12-31,Uttar Pradesh,Maharajganj,273164,75.0,0.0,0.0,75.0,,1.1349306431273642
2025-12-31,Uttar Pradesh,Maharajganj,273303,65.0,0.0,0.0,65.0,,0.9836065573770493
2025-12-31,Uttar Pradesh,Meerut,250001,67.0,0.0,0.0,67.0,,1.0138713745271122
2025-12-31,Uttar Pradesh,Meerut,250002,121.0,0.0,0.0,121.0,,1.8310214375788145
2025-12-31,Uttar Pradesh,Moradabad,244001,130.0,0.0,0.0,130.0,,1.9672131147540985
2025-12-31,Uttar Pradesh,Pilibhit,262001,65.0,0.0,0.0,65.0,,0.9836065573770493
2025-12-31,Uttar Pradesh,Pilibhit,262122,67.0,0.0,0.0,67.0,,1.0138713745271122
2025-12-31,Uttar Pradesh,Rampur,244901,97.0,0.0,0.0,97.0,,1.4678436317780579
2025-12-31,Uttar Pradesh,Saharanpur,247001,100.0,0.0,0.0,100.0,,1.5132408575031526
2025-12-31,Uttar Pradesh,Sambhal,244302,75.0,0.0,0.0,75.0,,1.1349306431273642
2025-12-31,Uttar Pradesh,Shahjahanpur,242001,84.0,0.0,0.0,84.0,,1.2711223203026483
2025-12-31,Uttar Pradesh,Siddharthnagar,272153,65.0,0.0,0.0,65.0,,0.9836065573770493
2025-12-31,Uttar Pradesh,Unnao,209801,90.0,0.0,0.0,90.0,,1.3619167717528373
2025-12-31,West Bengal,Murshidabad,742202,66.0,0.0,0.0,66.0,,0.9987389659520807
2025-12-31,West Bengal,South 24 Parganas,743329,75.0,0.0,0.0,75.0,,1.1349306431273642
2025-12-31,West Bengal,Uttar Dinajpur,733210,68.0,0.0,0.0,68.0,,1.0290037831021437
